ставка_№,банк_до,пик_до,ставка_абс,ставка_%живого,исход,банк_после,DD_от_пика_%
0,1000.0000,1000.0000,10.0000,1.0000,LOSS,990.0000,0.00
1,990.0000,1000.0000,9.9000,1.0000,LOSS,980.1000,-1.00
2,980.1000,1000.0000,9.8010,1.0000,LOSS,970.2990,-1.99
3,970.2990,1000.0000,9.7030,1.0000,LOSS,960.5960,-2.97
4,960.5960,1000.0000,9.6060,1.0000,LOSS,950.9900,-3.94
5,950.9900,1000.0000,9.5099,1.0000,WIN,960.5000,-4.90
6,960.5000,1000.0000,9.6050,1.0000,WIN,970.1049,-3.95
7,970.1049,1000.0000,9.7010,1.0000,LOSS,960.4039,-2.99
8,960.4039,1000.0000,9.6040,1.0000,LOSS,950.7999,-3.96
9,950.7999,1000.0000,9.5080,1.0000,LOSS,941.2919,-4.92
10,941.2919,1000.0000,9.4129,1.0000,LOSS,931.8789,-5.87
11,931.8789,1000.0000,9.3188,1.0000,LOSS,922.5602,-6.81
12,922.5602,1000.0000,9.2256,1.0000,WIN,931.7858,-7.74
13,931.7858,1000.0000,9.3179,1.0000,WIN,941.1036,-6.82
14,941.1036,1000.0000,9.4110,1.0000,WIN,950.5146,-5.89
15,950.5146,1000.0000,9.5051,1.0000,WIN,960.0198,-4.95
16,960.0198,1000.0000,9.6002,1.0000,LOSS,950.4196,-4.00
17,950.4196,1000.0000,9.5042,1.0000,WIN,959.9238,-4.96
18,959.9238,1000.0000,9.5992,1.0000,WIN,969.5230,-4.01
19,969.5230,1000.0000,9.6952,1.0000,LOSS,959.8278,-3.05
20,959.8278,1000.0000,9.5983,1.0000,LOSS,950.2295,-4.02
21,950.2295,1000.0000,9.5023,1.0000,LOSS,940.7272,-4.98
22,940.7272,1000.0000,9.4073,1.0000,WIN,950.1345,-5.93
23,950.1345,1000.0000,9.5013,1.0000,WIN,959.6358,-4.99
24,959.6358,1000.0000,9.5964,1.0000,LOSS,950.0395,-4.04
25,950.0395,1000.0000,9.5004,1.0000,LOSS,940.5391,-5.00
26,940.5391,1000.0000,9.4054,1.0000,WIN,949.9445,-5.95
27,949.9445,1000.0000,9.4994,1.0000,LOSS,940.4450,-5.01
28,940.4450,1000.0000,9.4045,1.0000,LOSS,931.0406,-5.96
29,931.0406,1000.0000,9.3104,1.0000,WIN,940.3510,-6.90
30,940.3510,1000.0000,9.4035,1.0000,WIN,949.7545,-5.96
31,949.7545,1000.0000,9.4975,1.0000,WIN,959.2520,-5.02
32,959.2520,1000.0000,9.5925,1.0000,WIN,968.8446,-4.07
33,968.8446,1000.0000,9.6884,1.0000,WIN,978.5330,-3.12
34,978.5330,1000.0000,9.7853,1.0000,LOSS,968.7477,-2.15
35,968.7477,1000.0000,9.6875,1.0000,LOSS,959.0602,-3.13
36,959.0602,1000.0000,9.5906,1.0000,WIN,968.6508,-4.09
37,968.6508,1000.0000,9.6865,1.0000,WIN,978.3373,-3.13
38,978.3373,1000.0000,9.7834,1.0000,LOSS,968.5539,-2.17
39,968.5539,1000.0000,9.6855,1.0000,WIN,978.2395,-3.14
40,978.2395,1000.0000,9.7824,1.0000,WIN,988.0219,-2.18
41,988.0219,1000.0000,9.8802,1.0000,LOSS,978.1417,-1.20
42,978.1417,1000.0000,9.7814,1.0000,LOSS,968.3602,-2.19
43,968.3602,1000.0000,9.6836,1.0000,WIN,978.0438,-3.16
44,978.0438,1000.0000,9.7804,1.0000,LOSS,968.2634,-2.20
45,968.2634,1000.0000,9.6826,1.0000,LOSS,958.5808,-3.17
46,958.5808,1000.0000,9.5858,1.0000,WIN,968.1666,-4.14
47,968.1666,1000.0000,9.6817,1.0000,WIN,977.8482,-3.18
48,977.8482,1000.0000,9.7785,1.0000,LOSS,968.0698,-2.22
49,968.0698,1000.0000,9.6807,1.0000,WIN,977.7505,-3.19
50,977.7505,1000.0000,9.7775,1.0000,LOSS,967.9730,-2.22
51,967.9730,1000.0000,9.6797,1.0000,WIN,977.6527,-3.20
52,977.6527,1000.0000,9.7765,1.0000,WIN,987.4292,-2.23
53,987.4292,1000.0000,9.8743,1.0000,WIN,997.3035,-1.26
54,997.3035,1000.0000,9.9730,1.0000,WIN,1007.2765,-0.27
55,1007.2765,1007.2765,10.0728,1.0000,WIN,1017.3493,0.00
56,1017.3493,1017.3493,10.1735,1.0000,LOSS,1007.1758,0.00
57,1007.1758,1017.3493,10.0718,1.0000,LOSS,997.1041,-1.00
58,997.1041,1017.3493,9.9710,1.0000,WIN,1007.0751,-1.99
59,1007.0751,1017.3493,10.0708,1.0000,WIN,1017.1458,-1.01
60,1017.1458,1017.3493,10.1715,1.0000,LOSS,1006.9744,-0.02
61,1006.9744,1017.3493,10.0697,1.0000,LOSS,996.9046,-1.02
62,996.9046,1017.3493,9.9690,1.0000,LOSS,986.9356,-2.01
63,986.9356,1017.3493,9.8694,1.0000,WIN,996.8050,-2.99
64,996.8050,1017.3493,9.9680,1.0000,WIN,1006.7730,-2.02
65,1006.7730,1017.3493,10.0677,1.0000,WIN,1016.8407,-1.04
66,1016.8407,1017.3493,10.1684,1.0000,WIN,1027.0091,-0.05
67,1027.0091,1027.0091,10.2701,1.0000,LOSS,1016.7391,0.00
68,1016.7391,1027.0091,10.1674,1.0000,WIN,1026.9064,-1.00
69,1026.9064,1027.0091,10.2691,1.0000,LOSS,1016.6374,-0.01
70,1016.6374,1027.0091,10.1664,1.0000,WIN,1026.8038,-1.01
71,1026.8038,1027.0091,10.2680,1.0000,WIN,1037.0718,-0.02
72,1037.0718,1037.0718,10.3707,1.0000,WIN,1047.4425,0.00
73,1047.4425,1047.4425,10.4744,1.0000,LOSS,1036.9681,0.00
74,1036.9681,1047.4425,10.3697,1.0000,LOSS,1026.5984,-1.00
75,1026.5984,1047.4425,10.2660,1.0000,WIN,1036.8644,-1.99
76,1036.8644,1047.4425,10.3686,1.0000,WIN,1047.2330,-1.01
77,1047.2330,1047.4425,10.4723,1.0000,LOSS,1036.7607,-0.02
78,1036.7607,1047.4425,10.3676,1.0000,LOSS,1026.3931,-1.02
79,1026.3931,1047.4425,10.2639,1.0000,LOSS,1016.1292,-2.01
80,1016.1292,1047.4425,10.1613,1.0000,LOSS,1005.9679,-2.99
81,1005.9679,1047.4425,10.0597,1.0000,WIN,1016.0275,-3.96
82,1016.0275,1047.4425,10.1603,1.0000,LOSS,1005.8673,-3.00
83,1005.8673,1047.4425,10.0587,1.0000,WIN,1015.9259,-3.97
84,1015.9259,1047.4425,10.1593,1.0000,WIN,1026.0852,-3.01
85,1026.0852,1047.4425,10.2609,1.0000,LOSS,1015.8244,-2.04
86,1015.8244,1047.4425,10.1582,1.0000,WIN,1025.9826,-3.02
87,1025.9826,1047.4425,10.2598,1.0000,WIN,1036.2424,-2.05
88,1036.2424,1047.4425,10.3624,1.0000,WIN,1046.6048,-1.07
89,1046.6048,1047.4425,10.4660,1.0000,LOSS,1036.1388,-0.08
90,1036.1388,1047.4425,10.3614,1.0000,LOSS,1025.7774,-1.08
91,1025.7774,1047.4425,10.2578,1.0000,LOSS,1015.5196,-2.07
92,1015.5196,1047.4425,10.1552,1.0000,LOSS,1005.3644,-3.05
93,1005.3644,1047.4425,10.0536,1.0000,LOSS,995.3108,-4.02
94,995.3108,1047.4425,9.9531,1.0000,WIN,1005.2639,-4.98
95,1005.2639,1047.4425,10.0526,1.0000,LOSS,995.2113,-4.03
96,995.2113,1047.4425,9.9521,1.0000,WIN,1005.1634,-4.99
97,1005.1634,1047.4425,10.0516,1.0000,LOSS,995.1117,-4.04
98,995.1117,1047.4425,9.9511,1.0000,WIN,1005.0629,-5.00
99,1005.0629,1047.4425,10.0506,1.0000,LOSS,995.0122,-4.05
100,995.0122,1047.4425,9.9501,1.0000,WIN,1004.9624,-5.01
101,1004.9624,1047.4425,10.0496,1.0000,WIN,1015.0120,-4.06
102,1015.0120,1047.4425,10.1501,1.0000,LOSS,1004.8619,-3.10
103,1004.8619,1047.4425,10.0486,1.0000,WIN,1014.9105,-4.07
104,1014.9105,1047.4425,10.1491,1.0000,LOSS,1004.7614,-3.11
105,1004.7614,1047.4425,10.0476,1.0000,WIN,1014.8090,-4.07
106,1014.8090,1047.4425,10.1481,1.0000,WIN,1024.9571,-3.12
107,1024.9571,1047.4425,10.2496,1.0000,LOSS,1014.7075,-2.15
108,1014.7075,1047.4425,10.1471,1.0000,WIN,1024.8546,-3.13
109,1024.8546,1047.4425,10.2485,1.0000,LOSS,1014.6060,-2.16
110,1014.6060,1047.4425,10.1461,1.0000,WIN,1024.7521,-3.13
111,1024.7521,1047.4425,10.2475,1.0000,LOSS,1014.5046,-2.17
112,1014.5046,1047.4425,10.1450,1.0000,WIN,1024.6496,-3.14
113,1024.6496,1047.4425,10.2465,1.0000,WIN,1034.8961,-2.18
114,1034.8961,1047.4425,10.3490,1.0000,WIN,1045.2451,-1.20
115,1045.2451,1047.4425,10.4525,1.0000,WIN,1055.6975,-0.21
116,1055.6975,1055.6975,10.5570,1.0000,WIN,1066.2545,0.00
117,1066.2545,1066.2545,10.6625,1.0000,WIN,1076.9170,0.00
118,1076.9170,1076.9170,10.7692,1.0000,LOSS,1066.1479,0.00
119,1066.1479,1076.9170,10.6615,1.0000,WIN,1076.8094,-1.00
120,1076.8094,1076.9170,10.7681,1.0000,LOSS,1066.0413,-0.01
121,1066.0413,1076.9170,10.6604,1.0000,LOSS,1055.3808,-1.01
122,1055.3808,1076.9170,10.5538,1.0000,WIN,1065.9347,-2.00
123,1065.9347,1076.9170,10.6593,1.0000,LOSS,1055.2753,-1.02
124,1055.2753,1076.9170,10.5528,1.0000,LOSS,1044.7226,-2.01
125,1044.7226,1076.9170,10.4472,1.0000,LOSS,1034.2753,-2.99
126,1034.2753,1076.9170,10.3428,1.0000,LOSS,1023.9326,-3.96
127,1023.9326,1076.9170,10.2393,1.0000,WIN,1034.1719,-4.92
128,1034.1719,1076.9170,10.3417,1.0000,LOSS,1023.8302,-3.97
129,1023.8302,1076.9170,10.2383,1.0000,WIN,1034.0685,-4.93
130,1034.0685,1076.9170,10.3407,1.0000,WIN,1044.4092,-3.98
131,1044.4092,1076.9170,10.4441,1.0000,WIN,1054.8533,-3.02
132,1054.8533,1076.9170,10.5485,1.0000,LOSS,1044.3047,-2.05
133,1044.3047,1076.9170,10.4430,1.0000,LOSS,1033.8617,-3.03
134,1033.8617,1076.9170,10.3386,1.0000,WIN,1044.2003,-4.00
135,1044.2003,1076.9170,10.4420,1.0000,LOSS,1033.7583,-3.04
136,1033.7583,1076.9170,10.3376,1.0000,WIN,1044.0959,-4.01
137,1044.0959,1076.9170,10.4410,1.0000,LOSS,1033.6549,-3.05
138,1033.6549,1076.9170,10.3365,1.0000,LOSS,1023.3184,-4.02
139,1023.3184,1076.9170,10.2332,1.0000,LOSS,1013.0852,-4.98
140,1013.0852,1076.9170,10.1309,1.0000,LOSS,1002.9543,-5.93
141,1002.9543,1076.9170,10.0295,1.0000,WIN,1012.9839,-6.87
142,1012.9839,1076.9170,10.1298,1.0000,LOSS,1002.8540,-5.94
143,1002.8540,1076.9170,10.0285,1.0000,LOSS,992.8255,-6.88
144,992.8255,1076.9170,9.9283,1.0000,LOSS,982.8972,-7.81
145,982.8972,1076.9170,9.8290,1.0000,LOSS,973.0683,-8.73
146,973.0683,1076.9170,9.7307,1.0000,WIN,982.7990,-9.64
147,982.7990,1076.9170,9.8280,1.0000,LOSS,972.9710,-8.74
148,972.9710,1076.9170,9.7297,1.0000,LOSS,963.2413,-9.65
149,963.2413,1076.9170,9.6324,1.0000,LOSS,953.6088,-10.56
150,953.6088,1076.9170,9.5361,1.0000,LOSS,944.0728,-11.45
151,944.0728,1076.9170,9.4407,1.0000,LOSS,934.6320,-12.34
152,934.6320,1076.9170,9.3463,1.0000,WIN,943.9783,-13.21
153,943.9783,1076.9170,9.4398,1.0000,LOSS,934.5386,-12.34
154,934.5386,1076.9170,9.3454,1.0000,WIN,943.8840,-13.22
155,943.8840,1076.9170,9.4388,1.0000,WIN,953.3228,-12.35
156,953.3228,1076.9170,9.5332,1.0000,LOSS,943.7896,-11.48
157,943.7896,1076.9170,9.4379,1.0000,WIN,953.2275,-12.36
158,953.2275,1076.9170,9.5323,1.0000,WIN,962.7597,-11.49
159,962.7597,1076.9170,9.6276,1.0000,LOSS,953.1321,-10.60
160,953.1321,1076.9170,9.5313,1.0000,WIN,962.6635,-11.49
161,962.6635,1076.9170,9.6266,1.0000,WIN,972.2901,-10.61
162,972.2901,1076.9170,9.7229,1.0000,WIN,982.0130,-9.72
163,982.0130,1076.9170,9.8201,1.0000,WIN,991.8331,-8.81
164,991.8331,1076.9170,9.9183,1.0000,WIN,1001.7515,-7.90
165,1001.7515,1076.9170,10.0175,1.0000,WIN,1011.7690,-6.98
166,1011.7690,1076.9170,10.1177,1.0000,WIN,1021.8867,-6.05
167,1021.8867,1076.9170,10.2189,1.0000,LOSS,1011.6678,-5.11
168,1011.6678,1076.9170,10.1167,1.0000,WIN,1021.7845,-6.06
169,1021.7845,1076.9170,10.2178,1.0000,WIN,1032.0023,-5.12
170,1032.0023,1076.9170,10.3200,1.0000,WIN,1042.3223,-4.17
171,1042.3223,1076.9170,10.4232,1.0000,LOSS,1031.8991,-3.21
172,1031.8991,1076.9170,10.3190,1.0000,LOSS,1021.5801,-4.18
173,1021.5801,1076.9170,10.2158,1.0000,LOSS,1011.3643,-5.14
174,1011.3643,1076.9170,10.1136,1.0000,WIN,1021.4780,-6.09
175,1021.4780,1076.9170,10.2148,1.0000,WIN,1031.6927,-5.15
176,1031.6927,1076.9170,10.3169,1.0000,LOSS,1021.3758,-4.20
177,1021.3758,1076.9170,10.2138,1.0000,WIN,1031.5896,-5.16
178,1031.5896,1076.9170,10.3159,1.0000,LOSS,1021.2737,-4.21
179,1021.2737,1076.9170,10.2127,1.0000,LOSS,1011.0609,-5.17
180,1011.0609,1076.9170,10.1106,1.0000,LOSS,1000.9503,-6.12
181,1000.9503,1076.9170,10.0095,1.0000,WIN,1010.9598,-7.05
182,1010.9598,1076.9170,10.1096,1.0000,LOSS,1000.8502,-6.12
183,1000.8502,1076.9170,10.0085,1.0000,WIN,1010.8587,-7.06
184,1010.8587,1076.9170,10.1086,1.0000,WIN,1020.9673,-6.13
185,1020.9673,1076.9170,10.2097,1.0000,WIN,1031.1770,-5.20
186,1031.1770,1076.9170,10.3118,1.0000,WIN,1041.4888,-4.25
187,1041.4888,1076.9170,10.4149,1.0000,LOSS,1031.0739,-3.29
188,1031.0739,1076.9170,10.3107,1.0000,WIN,1041.3846,-4.26
189,1041.3846,1076.9170,10.4138,1.0000,WIN,1051.7985,-3.30
190,1051.7985,1076.9170,10.5180,1.0000,LOSS,1041.2805,-2.33
191,1041.2805,1076.9170,10.4128,1.0000,LOSS,1030.8677,-3.31
192,1030.8677,1076.9170,10.3087,1.0000,LOSS,1020.5590,-4.28
193,1020.5590,1076.9170,10.2056,1.0000,WIN,1030.7646,-5.23
194,1030.7646,1076.9170,10.3076,1.0000,LOSS,1020.4569,-4.29
195,1020.4569,1076.9170,10.2046,1.0000,WIN,1030.6615,-5.24
196,1030.6615,1076.9170,10.3066,1.0000,LOSS,1020.3549,-4.30
197,1020.3549,1076.9170,10.2035,1.0000,WIN,1030.5584,-5.25
198,1030.5584,1076.9170,10.3056,1.0000,LOSS,1020.2529,-4.30
199,1020.2529,1076.9170,10.2025,1.0000,LOSS,1010.0503,-5.26
200,1010.0503,1076.9170,10.1005,1.0000,WIN,1020.1508,-6.21
201,1020.1508,1076.9170,10.2015,1.0000,LOSS,1009.9493,-5.27
202,1009.9493,1076.9170,10.0995,1.0000,WIN,1020.0488,-6.22
203,1020.0488,1076.9170,10.2005,1.0000,WIN,1030.2493,-5.28
204,1030.2493,1076.9170,10.3025,1.0000,WIN,1040.5518,-4.33
205,1040.5518,1076.9170,10.4055,1.0000,WIN,1050.9573,-3.38
206,1050.9573,1076.9170,10.5096,1.0000,LOSS,1040.4477,-2.41
207,1040.4477,1076.9170,10.4045,1.0000,WIN,1050.8522,-3.39
208,1050.8522,1076.9170,10.5085,1.0000,WIN,1061.3607,-2.42
209,1061.3607,1076.9170,10.6136,1.0000,WIN,1071.9744,-1.44
210,1071.9744,1076.9170,10.7197,1.0000,WIN,1082.6941,-0.46
211,1082.6941,1082.6941,10.8269,1.0000,WIN,1093.5210,0.00
212,1093.5210,1093.5210,10.9352,1.0000,LOSS,1082.5858,0.00
213,1082.5858,1093.5210,10.8259,1.0000,WIN,1093.4117,-1.00
214,1093.4117,1093.5210,10.9341,1.0000,LOSS,1082.4776,-0.01
215,1082.4776,1093.5210,10.8248,1.0000,LOSS,1071.6528,-1.01
216,1071.6528,1093.5210,10.7165,1.0000,LOSS,1060.9363,-2.00
217,1060.9363,1093.5210,10.6094,1.0000,LOSS,1050.3269,-2.98
218,1050.3269,1093.5210,10.5033,1.0000,WIN,1060.8302,-3.95
219,1060.8302,1093.5210,10.6083,1.0000,LOSS,1050.2219,-2.99
220,1050.2219,1093.5210,10.5022,1.0000,LOSS,1039.7197,-3.96
221,1039.7197,1093.5210,10.3972,1.0000,LOSS,1029.3225,-4.92
222,1029.3225,1093.5210,10.2932,1.0000,WIN,1039.6157,-5.87
223,1039.6157,1093.5210,10.3962,1.0000,LOSS,1029.2195,-4.93
224,1029.2195,1093.5210,10.2922,1.0000,LOSS,1018.9273,-5.88
225,1018.9273,1093.5210,10.1893,1.0000,LOSS,1008.7381,-6.82
226,1008.7381,1093.5210,10.0874,1.0000,WIN,1018.8254,-7.75
227,1018.8254,1093.5210,10.1883,1.0000,LOSS,1008.6372,-6.83
228,1008.6372,1093.5210,10.0864,1.0000,LOSS,998.5508,-7.76
229,998.5508,1093.5210,9.9855,1.0000,LOSS,988.5653,-8.68
230,988.5653,1093.5210,9.8857,1.0000,WIN,998.4510,-9.60
231,998.4510,1093.5210,9.9845,1.0000,WIN,1008.4355,-8.69
232,1008.4355,1093.5210,10.0844,1.0000,LOSS,998.3511,-7.78
233,998.3511,1093.5210,9.9835,1.0000,WIN,1008.3346,-8.70
234,1008.3346,1093.5210,10.0833,1.0000,LOSS,998.2513,-7.79
235,998.2513,1093.5210,9.9825,1.0000,WIN,1008.2338,-8.71
236,1008.2338,1093.5210,10.0823,1.0000,WIN,1018.3161,-7.80
237,1018.3161,1093.5210,10.1832,1.0000,LOSS,1008.1330,-6.88
238,1008.1330,1093.5210,10.0813,1.0000,WIN,1018.2143,-7.81
239,1018.2143,1093.5210,10.1821,1.0000,LOSS,1008.0322,-6.89
240,1008.0322,1093.5210,10.0803,1.0000,WIN,1018.1125,-7.82
241,1018.1125,1093.5210,10.1811,1.0000,WIN,1028.2936,-6.90
242,1028.2936,1093.5210,10.2829,1.0000,WIN,1038.5765,-5.96
243,1038.5765,1093.5210,10.3858,1.0000,WIN,1048.9623,-5.02
244,1048.9623,1093.5210,10.4896,1.0000,WIN,1059.4519,-4.07
245,1059.4519,1093.5210,10.5945,1.0000,WIN,1070.0464,-3.12
246,1070.0464,1093.5210,10.7005,1.0000,WIN,1080.7469,-2.15
247,1080.7469,1093.5210,10.8075,1.0000,LOSS,1069.9394,-1.17
248,1069.9394,1093.5210,10.6994,1.0000,LOSS,1059.2400,-2.16
249,1059.2400,1093.5210,10.5924,1.0000,LOSS,1048.6476,-3.13
250,1048.6476,1093.5210,10.4865,1.0000,LOSS,1038.1612,-4.10
251,1038.1612,1093.5210,10.3816,1.0000,WIN,1048.5428,-5.06
252,1048.5428,1093.5210,10.4854,1.0000,WIN,1059.0282,-4.11
253,1059.0282,1093.5210,10.5903,1.0000,WIN,1069.6185,-3.15
254,1069.6185,1093.5210,10.6962,1.0000,WIN,1080.3147,-2.19
255,1080.3147,1093.5210,10.8031,1.0000,LOSS,1069.5115,-1.21
256,1069.5115,1093.5210,10.6951,1.0000,LOSS,1058.8164,-2.20
257,1058.8164,1093.5210,10.5882,1.0000,LOSS,1048.2282,-3.17
258,1048.2282,1093.5210,10.4823,1.0000,WIN,1058.7105,-4.14
259,1058.7105,1093.5210,10.5871,1.0000,WIN,1069.2976,-3.18
260,1069.2976,1093.5210,10.6930,1.0000,LOSS,1058.6047,-2.22
261,1058.6047,1093.5210,10.5860,1.0000,WIN,1069.1907,-3.19
262,1069.1907,1093.5210,10.6919,1.0000,WIN,1079.8826,-2.22
263,1079.8826,1093.5210,10.7988,1.0000,LOSS,1069.0838,-1.25
264,1069.0838,1093.5210,10.6908,1.0000,LOSS,1058.3929,-2.23
265,1058.3929,1093.5210,10.5839,1.0000,WIN,1068.9769,-3.21
266,1068.9769,1093.5210,10.6898,1.0000,WIN,1079.6666,-2.24
267,1079.6666,1093.5210,10.7967,1.0000,WIN,1090.4633,-1.27
268,1090.4633,1093.5210,10.9046,1.0000,LOSS,1079.5587,-0.28
269,1079.5587,1093.5210,10.7956,1.0000,LOSS,1068.7631,-1.28
270,1068.7631,1093.5210,10.6876,1.0000,WIN,1079.4507,-2.26
271,1079.4507,1093.5210,10.7945,1.0000,WIN,1090.2452,-1.29
272,1090.2452,1093.5210,10.9025,1.0000,LOSS,1079.3428,-0.30
273,1079.3428,1093.5210,10.7934,1.0000,WIN,1090.1362,-1.30
274,1090.1362,1093.5210,10.9014,1.0000,WIN,1101.0376,-0.31
275,1101.0376,1101.0376,11.0104,1.0000,LOSS,1090.0272,0.00
276,1090.0272,1101.0376,10.9003,1.0000,WIN,1100.9275,-1.00
277,1100.9275,1101.0376,11.0093,1.0000,LOSS,1089.9182,-0.01
278,1089.9182,1101.0376,10.8992,1.0000,LOSS,1079.0190,-1.01
279,1079.0190,1101.0376,10.7902,1.0000,WIN,1089.8092,-2.00
280,1089.8092,1101.0376,10.8981,1.0000,WIN,1100.7073,-1.02
281,1100.7073,1101.0376,11.0071,1.0000,WIN,1111.7144,-0.03
282,1111.7144,1111.7144,11.1171,1.0000,WIN,1122.8315,0.00
283,1122.8315,1122.8315,11.2283,1.0000,WIN,1134.0598,0.00
284,1134.0598,1134.0598,11.3406,1.0000,LOSS,1122.7192,0.00
285,1122.7192,1134.0598,11.2272,1.0000,LOSS,1111.4920,-1.00
286,1111.4920,1134.0598,11.1149,1.0000,WIN,1122.6070,-1.99
287,1122.6070,1134.0598,11.2261,1.0000,LOSS,1111.3809,-1.01
288,1111.3809,1134.0598,11.1138,1.0000,LOSS,1100.2671,-2.00
289,1100.2671,1134.0598,11.0027,1.0000,LOSS,1089.2644,-2.98
290,1089.2644,1134.0598,10.8926,1.0000,WIN,1100.1570,-3.95
291,1100.1570,1134.0598,11.0016,1.0000,LOSS,1089.1555,-2.99
292,1089.1555,1134.0598,10.8916,1.0000,LOSS,1078.2639,-3.96
293,1078.2639,1134.0598,10.7826,1.0000,WIN,1089.0466,-4.92
294,1089.0466,1134.0598,10.8905,1.0000,WIN,1099.9370,-3.97
295,1099.9370,1134.0598,10.9994,1.0000,LOSS,1088.9377,-3.01
296,1088.9377,1134.0598,10.8894,1.0000,WIN,1099.8270,-3.98
297,1099.8270,1134.0598,10.9983,1.0000,LOSS,1088.8288,-3.02
298,1088.8288,1134.0598,10.8883,1.0000,LOSS,1077.9405,-3.99
299,1077.9405,1134.0598,10.7794,1.0000,LOSS,1067.1611,-4.95
300,1067.1611,1134.0598,10.6716,1.0000,LOSS,1056.4895,-5.90
301,1056.4895,1134.0598,10.5649,1.0000,LOSS,1045.9246,-6.84
302,1045.9246,1134.0598,10.4592,1.0000,LOSS,1035.4653,-7.77
303,1035.4653,1134.0598,10.3547,1.0000,LOSS,1025.1107,-8.69
304,1025.1107,1134.0598,10.2511,1.0000,LOSS,1014.8596,-9.61
305,1014.8596,1134.0598,10.1486,1.0000,WIN,1025.0082,-10.51
306,1025.0082,1134.0598,10.2501,1.0000,WIN,1035.2582,-9.62
307,1035.2582,1134.0598,10.3526,1.0000,WIN,1045.6108,-8.71
308,1045.6108,1134.0598,10.4561,1.0000,LOSS,1035.1547,-7.80
309,1035.1547,1134.0598,10.3515,1.0000,LOSS,1024.8032,-8.72
310,1024.8032,1134.0598,10.2480,1.0000,WIN,1035.0512,-9.63
311,1035.0512,1134.0598,10.3505,1.0000,WIN,1045.4017,-8.73
312,1045.4017,1134.0598,10.4540,1.0000,WIN,1055.8557,-7.82
313,1055.8557,1134.0598,10.5586,1.0000,LOSS,1045.2972,-6.90
314,1045.2972,1134.0598,10.4530,1.0000,WIN,1055.7501,-7.83
315,1055.7501,1134.0598,10.5575,1.0000,WIN,1066.3076,-6.91
316,1066.3076,1134.0598,10.6631,1.0000,LOSS,1055.6446,-5.97
317,1055.6446,1134.0598,10.5564,1.0000,WIN,1066.2010,-6.91
318,1066.2010,1134.0598,10.6620,1.0000,LOSS,1055.5390,-5.98
319,1055.5390,1134.0598,10.5554,1.0000,LOSS,1044.9836,-6.92
320,1044.9836,1134.0598,10.4498,1.0000,WIN,1055.4334,-7.85
321,1055.4334,1134.0598,10.5543,1.0000,WIN,1065.9878,-6.93
322,1065.9878,1134.0598,10.6599,1.0000,WIN,1076.6477,-6.00
323,1076.6477,1134.0598,10.7665,1.0000,WIN,1087.4141,-5.06
324,1087.4141,1134.0598,10.8741,1.0000,WIN,1098.2883,-4.11
325,1098.2883,1134.0598,10.9829,1.0000,WIN,1109.2712,-3.15
326,1109.2712,1134.0598,11.0927,1.0000,WIN,1120.3639,-2.19
327,1120.3639,1134.0598,11.2036,1.0000,WIN,1131.5675,-1.21
328,1131.5675,1134.0598,11.3157,1.0000,WIN,1142.8832,-0.22
329,1142.8832,1142.8832,11.4288,1.0000,LOSS,1131.4544,0.00
330,1131.4544,1142.8832,11.3145,1.0000,LOSS,1120.1398,-1.00
331,1120.1398,1142.8832,11.2014,1.0000,WIN,1131.3412,-1.99
332,1131.3412,1142.8832,11.3134,1.0000,WIN,1142.6546,-1.01
333,1142.6546,1142.8832,11.4265,1.0000,WIN,1154.0812,-0.02
334,1154.0812,1154.0812,11.5408,1.0000,LOSS,1142.5404,0.00
335,1142.5404,1154.0812,11.4254,1.0000,LOSS,1131.1149,-1.00
336,1131.1149,1154.0812,11.3111,1.0000,WIN,1142.4261,-1.99
337,1142.4261,1154.0812,11.4243,1.0000,WIN,1153.8504,-1.01
338,1153.8504,1154.0812,11.5385,1.0000,WIN,1165.3889,-0.02
339,1165.3889,1165.3889,11.6539,1.0000,LOSS,1153.7350,0.00
340,1153.7350,1165.3889,11.5373,1.0000,WIN,1165.2723,-1.00
341,1165.2723,1165.3889,11.6527,1.0000,LOSS,1153.6196,-0.01
342,1153.6196,1165.3889,11.5362,1.0000,LOSS,1142.0834,-1.01
343,1142.0834,1165.3889,11.4208,1.0000,WIN,1153.5042,-2.00
344,1153.5042,1165.3889,11.5350,1.0000,WIN,1165.0393,-1.02
345,1165.0393,1165.3889,11.6504,1.0000,LOSS,1153.3889,-0.03
346,1153.3889,1165.3889,11.5339,1.0000,WIN,1164.9228,-1.03
347,1164.9228,1165.3889,11.6492,1.0000,WIN,1176.5720,-0.04
348,1176.5720,1176.5720,11.7657,1.0000,WIN,1188.3377,0.00
349,1188.3377,1188.3377,11.8834,1.0000,LOSS,1176.4543,0.00
350,1176.4543,1188.3377,11.7645,1.0000,LOSS,1164.6898,-1.00
351,1164.6898,1188.3377,11.6469,1.0000,LOSS,1153.0429,-1.99
352,1153.0429,1188.3377,11.5304,1.0000,WIN,1164.5733,-2.97
353,1164.5733,1188.3377,11.6457,1.0000,WIN,1176.2191,-2.00
354,1176.2191,1188.3377,11.7622,1.0000,LOSS,1164.4569,-1.02
355,1164.4569,1188.3377,11.6446,1.0000,LOSS,1152.8123,-2.01
356,1152.8123,1188.3377,11.5281,1.0000,LOSS,1141.2842,-2.99
357,1141.2842,1188.3377,11.4128,1.0000,WIN,1152.6970,-3.96
358,1152.6970,1188.3377,11.5270,1.0000,WIN,1164.2240,-3.00
359,1164.2240,1188.3377,11.6422,1.0000,WIN,1175.8662,-2.03
360,1175.8662,1188.3377,11.7587,1.0000,LOSS,1164.1076,-1.05
361,1164.1076,1188.3377,11.6411,1.0000,WIN,1175.7487,-2.04
362,1175.7487,1188.3377,11.7575,1.0000,LOSS,1163.9912,-1.06
363,1163.9912,1188.3377,11.6399,1.0000,WIN,1175.6311,-2.05
364,1175.6311,1188.3377,11.7563,1.0000,WIN,1187.3874,-1.07
365,1187.3874,1188.3377,11.8739,1.0000,LOSS,1175.5135,-0.08
366,1175.5135,1188.3377,11.7551,1.0000,WIN,1187.2686,-1.08
367,1187.2686,1188.3377,11.8727,1.0000,WIN,1199.1413,-0.09
368,1199.1413,1199.1413,11.9914,1.0000,LOSS,1187.1499,0.00
369,1187.1499,1199.1413,11.8715,1.0000,WIN,1199.0214,-1.00
370,1199.0214,1199.1413,11.9902,1.0000,LOSS,1187.0312,-0.01
371,1187.0312,1199.1413,11.8703,1.0000,WIN,1198.9015,-1.01
372,1198.9015,1199.1413,11.9890,1.0000,LOSS,1186.9125,-0.02
373,1186.9125,1199.1413,11.8691,1.0000,LOSS,1175.0434,-1.02
374,1175.0434,1199.1413,11.7504,1.0000,WIN,1186.7938,-2.01
375,1186.7938,1199.1413,11.8679,1.0000,WIN,1198.6618,-1.03
376,1198.6618,1199.1413,11.9866,1.0000,WIN,1210.6484,-0.04
377,1210.6484,1210.6484,12.1065,1.0000,LOSS,1198.5419,0.00
378,1198.5419,1210.6484,11.9854,1.0000,WIN,1210.5273,-1.00
379,1210.5273,1210.6484,12.1053,1.0000,LOSS,1198.4220,-0.01
380,1198.4220,1210.6484,11.9842,1.0000,WIN,1210.4063,-1.01
381,1210.4063,1210.6484,12.1041,1.0000,LOSS,1198.3022,-0.02
382,1198.3022,1210.6484,11.9830,1.0000,WIN,1210.2852,-1.02
383,1210.2852,1210.6484,12.1029,1.0000,WIN,1222.3881,-0.03
384,1222.3881,1222.3881,12.2239,1.0000,LOSS,1210.1642,0.00
385,1210.1642,1222.3881,12.1016,1.0000,LOSS,1198.0625,-1.00
386,1198.0625,1222.3881,11.9806,1.0000,WIN,1210.0432,-1.99
387,1210.0432,1222.3881,12.1004,1.0000,LOSS,1197.9427,-1.01
388,1197.9427,1222.3881,11.9794,1.0000,WIN,1209.9222,-2.00
389,1209.9222,1222.3881,12.0992,1.0000,LOSS,1197.8229,-1.02
390,1197.8229,1222.3881,11.9782,1.0000,LOSS,1185.8447,-2.01
391,1185.8447,1222.3881,11.8584,1.0000,LOSS,1173.9863,-2.99
392,1173.9863,1222.3881,11.7399,1.0000,WIN,1185.7261,-3.96
393,1185.7261,1222.3881,11.8573,1.0000,WIN,1197.5834,-3.00
394,1197.5834,1222.3881,11.9758,1.0000,WIN,1209.5592,-2.03
395,1209.5592,1222.3881,12.0956,1.0000,LOSS,1197.4636,-1.05
396,1197.4636,1222.3881,11.9746,1.0000,LOSS,1185.4890,-2.04
397,1185.4890,1222.3881,11.8549,1.0000,LOSS,1173.6341,-3.02
398,1173.6341,1222.3881,11.7363,1.0000,LOSS,1161.8978,-3.99
399,1161.8978,1222.3881,11.6190,1.0000,LOSS,1150.2788,-4.95
400,1150.2788,1222.3881,11.5028,1.0000,LOSS,1138.7760,-5.90
401,1138.7760,1222.3881,11.3878,1.0000,LOSS,1127.3882,-6.84
402,1127.3882,1222.3881,11.2739,1.0000,WIN,1138.6621,-7.77
403,1138.6621,1222.3881,11.3866,1.0000,LOSS,1127.2755,-6.85
404,1127.2755,1222.3881,11.2728,1.0000,LOSS,1116.0027,-7.78
405,1116.0027,1222.3881,11.1600,1.0000,WIN,1127.1628,-8.70
406,1127.1628,1222.3881,11.2716,1.0000,LOSS,1115.8911,-7.79
407,1115.8911,1222.3881,11.1589,1.0000,WIN,1127.0501,-8.71
408,1127.0501,1222.3881,11.2705,1.0000,WIN,1138.3206,-7.80
409,1138.3206,1222.3881,11.3832,1.0000,LOSS,1126.9373,-6.88
410,1126.9373,1222.3881,11.2694,1.0000,WIN,1138.2067,-7.81
411,1138.2067,1222.3881,11.3821,1.0000,WIN,1149.5888,-6.89
412,1149.5888,1222.3881,11.4959,1.0000,WIN,1161.0847,-5.96
413,1161.0847,1222.3881,11.6108,1.0000,LOSS,1149.4738,-5.02
414,1149.4738,1222.3881,11.4947,1.0000,WIN,1160.9686,-5.96
415,1160.9686,1222.3881,11.6097,1.0000,WIN,1172.5783,-5.02
416,1172.5783,1222.3881,11.7258,1.0000,WIN,1184.3040,-4.07
417,1184.3040,1222.3881,11.8430,1.0000,WIN,1196.1471,-3.12
418,1196.1471,1222.3881,11.9615,1.0000,WIN,1208.1085,-2.15
419,1208.1085,1222.3881,12.0811,1.0000,LOSS,1196.0275,-1.17
420,1196.0275,1222.3881,11.9603,1.0000,WIN,1207.9877,-2.16
421,1207.9877,1222.3881,12.0799,1.0000,WIN,1220.0676,-1.18
422,1220.0676,1222.3881,12.2007,1.0000,LOSS,1207.8669,-0.19
423,1207.8669,1222.3881,12.0787,1.0000,LOSS,1195.7883,-1.19
424,1195.7883,1222.3881,11.9579,1.0000,LOSS,1183.8304,-2.18
425,1183.8304,1222.3881,11.8383,1.0000,WIN,1195.6687,-3.15
426,1195.6687,1222.3881,11.9567,1.0000,WIN,1207.6254,-2.19
427,1207.6254,1222.3881,12.0763,1.0000,WIN,1219.7016,-1.21
428,1219.7016,1222.3881,12.1970,1.0000,LOSS,1207.5046,-0.22
429,1207.5046,1222.3881,12.0750,1.0000,WIN,1219.5797,-1.22
430,1219.5797,1222.3881,12.1958,1.0000,LOSS,1207.3839,-0.23
431,1207.3839,1222.3881,12.0738,1.0000,LOSS,1195.3100,-1.23
432,1195.3100,1222.3881,11.9531,1.0000,LOSS,1183.3569,-2.22
433,1183.3569,1222.3881,11.8336,1.0000,WIN,1195.1905,-3.19
434,1195.1905,1222.3881,11.9519,1.0000,LOSS,1183.2386,-2.22
435,1183.2386,1222.3881,11.8324,1.0000,WIN,1195.0710,-3.20
436,1195.0710,1222.3881,11.9507,1.0000,LOSS,1183.1203,-2.23
437,1183.1203,1222.3881,11.8312,1.0000,WIN,1194.9515,-3.21
438,1194.9515,1222.3881,11.9495,1.0000,WIN,1206.9010,-2.24
439,1206.9010,1222.3881,12.0690,1.0000,LOSS,1194.8320,-1.27
440,1194.8320,1222.3881,11.9483,1.0000,LOSS,1182.8837,-2.25
441,1182.8837,1222.3881,11.8288,1.0000,LOSS,1171.0548,-3.23
442,1171.0548,1222.3881,11.7105,1.0000,WIN,1182.7654,-4.20
443,1182.7654,1222.3881,11.8277,1.0000,WIN,1194.5930,-3.24
444,1194.5930,1222.3881,11.9459,1.0000,LOSS,1182.6471,-2.27
445,1182.6471,1222.3881,11.8265,1.0000,LOSS,1170.8206,-3.25
446,1170.8206,1222.3881,11.7082,1.0000,LOSS,1159.1124,-4.22
447,1159.1124,1222.3881,11.5911,1.0000,LOSS,1147.5213,-5.18
448,1147.5213,1222.3881,11.4752,1.0000,WIN,1158.9965,-6.12
449,1158.9965,1222.3881,11.5900,1.0000,LOSS,1147.4065,-5.19
450,1147.4065,1222.3881,11.4741,1.0000,WIN,1158.8806,-6.13
451,1158.8806,1222.3881,11.5888,1.0000,LOSS,1147.2918,-5.20
452,1147.2918,1222.3881,11.4729,1.0000,LOSS,1135.8189,-6.14
453,1135.8189,1222.3881,11.3582,1.0000,LOSS,1124.4607,-7.08
454,1124.4607,1222.3881,11.2446,1.0000,LOSS,1113.2161,-8.01
455,1113.2161,1222.3881,11.1322,1.0000,WIN,1124.3482,-8.93
456,1124.3482,1222.3881,11.2435,1.0000,LOSS,1113.1048,-8.02
457,1113.1048,1222.3881,11.1310,1.0000,WIN,1124.2358,-8.94
458,1124.2358,1222.3881,11.2424,1.0000,LOSS,1112.9934,-8.03
459,1112.9934,1222.3881,11.1299,1.0000,LOSS,1101.8635,-8.95
460,1101.8635,1222.3881,11.0186,1.0000,WIN,1112.8821,-9.86
461,1112.8821,1222.3881,11.1288,1.0000,LOSS,1101.7533,-8.96
462,1101.7533,1222.3881,11.0175,1.0000,WIN,1112.7709,-9.87
463,1112.7709,1222.3881,11.1277,1.0000,WIN,1123.8986,-8.97
464,1123.8986,1222.3881,11.2390,1.0000,LOSS,1112.6596,-8.06
465,1112.6596,1222.3881,11.1266,1.0000,WIN,1123.7862,-8.98
466,1123.7862,1222.3881,11.2379,1.0000,LOSS,1112.5483,-8.07
467,1112.5483,1222.3881,11.1255,1.0000,LOSS,1101.4228,-8.99
468,1101.4228,1222.3881,11.0142,1.0000,WIN,1112.4371,-9.90
469,1112.4371,1222.3881,11.1244,1.0000,LOSS,1101.3127,-8.99
470,1101.3127,1222.3881,11.0131,1.0000,LOSS,1090.2996,-9.90
471,1090.2996,1222.3881,10.9030,1.0000,LOSS,1079.3966,-10.81
472,1079.3966,1222.3881,10.7940,1.0000,WIN,1090.1905,-11.70
473,1090.1905,1222.3881,10.9019,1.0000,LOSS,1079.2886,-10.81
474,1079.2886,1222.3881,10.7929,1.0000,LOSS,1068.4957,-11.71
475,1068.4957,1222.3881,10.6850,1.0000,WIN,1079.1807,-12.59
476,1079.1807,1222.3881,10.7918,1.0000,LOSS,1068.3889,-11.72
477,1068.3889,1222.3881,10.6839,1.0000,WIN,1079.0728,-12.60
478,1079.0728,1222.3881,10.7907,1.0000,WIN,1089.8635,-11.72
479,1089.8635,1222.3881,10.8986,1.0000,WIN,1100.7621,-10.84
480,1100.7621,1222.3881,11.0076,1.0000,WIN,1111.7698,-9.95
481,1111.7698,1222.3881,11.1177,1.0000,WIN,1122.8875,-9.05
482,1122.8875,1222.3881,11.2289,1.0000,LOSS,1111.6586,-8.14
483,1111.6586,1222.3881,11.1166,1.0000,LOSS,1100.5420,-9.06
484,1100.5420,1222.3881,11.0054,1.0000,LOSS,1089.5366,-9.97
485,1089.5366,1222.3881,10.8954,1.0000,LOSS,1078.6412,-10.87
486,1078.6412,1222.3881,10.7864,1.0000,LOSS,1067.8548,-11.76
487,1067.8548,1222.3881,10.6785,1.0000,LOSS,1057.1763,-12.64
488,1057.1763,1222.3881,10.5718,1.0000,WIN,1067.7480,-13.52
489,1067.7480,1222.3881,10.6775,1.0000,LOSS,1057.0705,-12.65
490,1057.0705,1222.3881,10.5707,1.0000,WIN,1067.6412,-13.52
491,1067.6412,1222.3881,10.6764,1.0000,WIN,1078.3177,-12.66
492,1078.3177,1222.3881,10.7832,1.0000,LOSS,1067.5345,-11.79
493,1067.5345,1222.3881,10.6753,1.0000,WIN,1078.2098,-12.67
494,1078.2098,1222.3881,10.7821,1.0000,WIN,1088.9919,-11.79
495,1088.9919,1222.3881,10.8899,1.0000,LOSS,1078.1020,-10.91
496,1078.1020,1222.3881,10.7810,1.0000,WIN,1088.8830,-11.80
497,1088.8830,1222.3881,10.8888,1.0000,WIN,1099.7719,-10.92
498,1099.7719,1222.3881,10.9977,1.0000,WIN,1110.7696,-10.03
499,1110.7696,1222.3881,11.1077,1.0000,WIN,1121.8773,-9.13
500,1121.8773,1222.3881,11.2188,1.0000,LOSS,1110.6585,-8.22
501,1110.6585,1222.3881,11.1066,1.0000,LOSS,1099.5519,-9.14
502,1099.5519,1222.3881,10.9955,1.0000,WIN,1110.5474,-10.05
503,1110.5474,1222.3881,11.1055,1.0000,WIN,1121.6529,-9.15
504,1121.6529,1222.3881,11.2165,1.0000,LOSS,1110.4364,-8.24
505,1110.4364,1222.3881,11.1044,1.0000,WIN,1121.5407,-9.16
506,1121.5407,1222.3881,11.2154,1.0000,LOSS,1110.3253,-8.25
507,1110.3253,1222.3881,11.1033,1.0000,LOSS,1099.2221,-9.17
508,1099.2221,1222.3881,10.9922,1.0000,WIN,1110.2143,-10.08
509,1110.2143,1222.3881,11.1021,1.0000,WIN,1121.3164,-9.18
510,1121.3164,1222.3881,11.2132,1.0000,WIN,1132.5296,-8.27
511,1132.5296,1222.3881,11.3253,1.0000,WIN,1143.8549,-7.35
512,1143.8549,1222.3881,11.4385,1.0000,LOSS,1132.4164,-6.42
513,1132.4164,1222.3881,11.3242,1.0000,WIN,1143.7405,-7.36
514,1143.7405,1222.3881,11.4374,1.0000,WIN,1155.1779,-6.43
515,1155.1779,1222.3881,11.5518,1.0000,WIN,1166.7297,-5.50
516,1166.7297,1222.3881,11.6673,1.0000,LOSS,1155.0624,-4.55
517,1155.0624,1222.3881,11.5506,1.0000,LOSS,1143.5118,-5.51
518,1143.5118,1222.3881,11.4351,1.0000,LOSS,1132.0767,-6.45
519,1132.0767,1222.3881,11.3208,1.0000,WIN,1143.3974,-7.39
520,1143.3974,1222.3881,11.4340,1.0000,LOSS,1131.9635,-6.46
521,1131.9635,1222.3881,11.3196,1.0000,LOSS,1120.6438,-7.40
522,1120.6438,1222.3881,11.2064,1.0000,WIN,1131.8503,-8.32
523,1131.8503,1222.3881,11.3185,1.0000,WIN,1143.1688,-7.41
524,1143.1688,1222.3881,11.4317,1.0000,WIN,1154.6005,-6.48
525,1154.6005,1222.3881,11.5460,1.0000,LOSS,1143.0544,-5.55
526,1143.0544,1222.3881,11.4305,1.0000,LOSS,1131.6239,-6.49
527,1131.6239,1222.3881,11.3162,1.0000,LOSS,1120.3077,-7.43
528,1120.3077,1222.3881,11.2031,1.0000,WIN,1131.5107,-8.35
529,1131.5107,1222.3881,11.3151,1.0000,WIN,1142.8258,-7.43
530,1142.8258,1222.3881,11.4283,1.0000,WIN,1154.2541,-6.51
531,1154.2541,1222.3881,11.5425,1.0000,WIN,1165.7966,-5.57
532,1165.7966,1222.3881,11.6580,1.0000,WIN,1177.4546,-4.63
533,1177.4546,1222.3881,11.7745,1.0000,WIN,1189.2292,-3.68
534,1189.2292,1222.3881,11.8923,1.0000,LOSS,1177.3369,-2.71
535,1177.3369,1222.3881,11.7734,1.0000,WIN,1189.1102,-3.69
536,1189.1102,1222.3881,11.8911,1.0000,WIN,1201.0013,-2.72
537,1201.0013,1222.3881,12.0100,1.0000,LOSS,1188.9913,-1.75
538,1188.9913,1222.3881,11.8899,1.0000,WIN,1200.8812,-2.73
539,1200.8812,1222.3881,12.0088,1.0000,LOSS,1188.8724,-1.76
540,1188.8724,1222.3881,11.8887,1.0000,LOSS,1176.9837,-2.74
541,1176.9837,1222.3881,11.7698,1.0000,LOSS,1165.2139,-3.71
542,1165.2139,1222.3881,11.6521,1.0000,WIN,1176.8660,-4.68
543,1176.8660,1222.3881,11.7687,1.0000,LOSS,1165.0973,-3.72
544,1165.0973,1222.3881,11.6510,1.0000,WIN,1176.7483,-4.69
545,1176.7483,1222.3881,11.7675,1.0000,WIN,1188.5158,-3.73
546,1188.5158,1222.3881,11.8852,1.0000,LOSS,1176.6306,-2.77
547,1176.6306,1222.3881,11.7663,1.0000,WIN,1188.3969,-3.74
548,1188.3969,1222.3881,11.8840,1.0000,LOSS,1176.5130,-2.78
549,1176.5130,1222.3881,11.7651,1.0000,WIN,1188.2781,-3.75
550,1188.2781,1222.3881,11.8828,1.0000,WIN,1200.1609,-2.79
551,1200.1609,1222.3881,12.0016,1.0000,WIN,1212.1625,-1.82
552,1212.1625,1222.3881,12.1216,1.0000,WIN,1224.2841,-0.84
553,1224.2841,1224.2841,12.2428,1.0000,WIN,1236.5270,0.00
554,1236.5270,1236.5270,12.3653,1.0000,LOSS,1224.1617,0.00
555,1224.1617,1236.5270,12.2416,1.0000,LOSS,1211.9201,-1.00
556,1211.9201,1236.5270,12.1192,1.0000,WIN,1224.0393,-1.99
557,1224.0393,1236.5270,12.2404,1.0000,LOSS,1211.7989,-1.01
558,1211.7989,1236.5270,12.1180,1.0000,LOSS,1199.6809,-2.00
559,1199.6809,1236.5270,11.9968,1.0000,LOSS,1187.6841,-2.98
560,1187.6841,1236.5270,11.8768,1.0000,LOSS,1175.8072,-3.95
561,1175.8072,1236.5270,11.7581,1.0000,LOSS,1164.0492,-4.91
562,1164.0492,1236.5270,11.6405,1.0000,LOSS,1152.4087,-5.86
563,1152.4087,1236.5270,11.5241,1.0000,WIN,1163.9328,-6.80
564,1163.9328,1236.5270,11.6393,1.0000,WIN,1175.5721,-5.87
565,1175.5721,1236.5270,11.7557,1.0000,LOSS,1163.8164,-4.93
566,1163.8164,1236.5270,11.6382,1.0000,WIN,1175.4545,-5.88
567,1175.4545,1236.5270,11.7545,1.0000,LOSS,1163.7000,-4.94
568,1163.7000,1236.5270,11.6370,1.0000,WIN,1175.3370,-5.89
569,1175.3370,1236.5270,11.7534,1.0000,WIN,1187.0904,-4.95
570,1187.0904,1236.5270,11.8709,1.0000,LOSS,1175.2195,-4.00
571,1175.2195,1236.5270,11.7522,1.0000,WIN,1186.9717,-4.96
572,1186.9717,1236.5270,11.8697,1.0000,LOSS,1175.1019,-4.01
573,1175.1019,1236.5270,11.7510,1.0000,WIN,1186.8530,-4.97
574,1186.8530,1236.5270,11.8685,1.0000,LOSS,1174.9844,-4.02
575,1174.9844,1236.5270,11.7498,1.0000,LOSS,1163.2346,-4.98
576,1163.2346,1236.5270,11.6323,1.0000,LOSS,1151.6022,-5.93
577,1151.6022,1236.5270,11.5160,1.0000,LOSS,1140.0862,-6.87
578,1140.0862,1236.5270,11.4009,1.0000,WIN,1151.4871,-7.80
579,1151.4871,1236.5270,11.5149,1.0000,LOSS,1139.9722,-6.88
580,1139.9722,1236.5270,11.3997,1.0000,WIN,1151.3719,-7.81
581,1151.3719,1236.5270,11.5137,1.0000,LOSS,1139.8582,-6.89
582,1139.8582,1236.5270,11.3986,1.0000,WIN,1151.2568,-7.82
583,1151.2568,1236.5270,11.5126,1.0000,LOSS,1139.7442,-6.90
584,1139.7442,1236.5270,11.3974,1.0000,LOSS,1128.3468,-7.83
585,1128.3468,1236.5270,11.2835,1.0000,WIN,1139.6303,-8.75
586,1139.6303,1236.5270,11.3963,1.0000,WIN,1151.0266,-7.84
587,1151.0266,1236.5270,11.5103,1.0000,LOSS,1139.5163,-6.91
588,1139.5163,1236.5270,11.3952,1.0000,WIN,1150.9115,-7.85
589,1150.9115,1236.5270,11.5091,1.0000,LOSS,1139.4023,-6.92
590,1139.4023,1236.5270,11.3940,1.0000,WIN,1150.7964,-7.85
591,1150.7964,1236.5270,11.5080,1.0000,LOSS,1139.2884,-6.93
592,1139.2884,1236.5270,11.3929,1.0000,LOSS,1127.8955,-7.86
593,1127.8955,1236.5270,11.2790,1.0000,WIN,1139.1745,-8.79
594,1139.1745,1236.5270,11.3917,1.0000,WIN,1150.5662,-7.87
595,1150.5662,1236.5270,11.5057,1.0000,WIN,1162.0719,-6.95
596,1162.0719,1236.5270,11.6207,1.0000,WIN,1173.6926,-6.02
597,1173.6926,1236.5270,11.7369,1.0000,WIN,1185.4295,-5.08
598,1185.4295,1236.5270,11.8543,1.0000,LOSS,1173.5752,-4.13
599,1173.5752,1236.5270,11.7358,1.0000,LOSS,1161.8395,-5.09
600,1161.8395,1236.5270,11.6184,1.0000,LOSS,1150.2211,-6.04
601,1150.2211,1236.5270,11.5022,1.0000,LOSS,1138.7189,-6.98
602,1138.7189,1236.5270,11.3872,1.0000,LOSS,1127.3317,-7.91
603,1127.3317,1236.5270,11.2733,1.0000,WIN,1138.6050,-8.83
604,1138.6050,1236.5270,11.3860,1.0000,WIN,1149.9910,-7.92
605,1149.9910,1236.5270,11.4999,1.0000,WIN,1161.4910,-7.00
606,1161.4910,1236.5270,11.6149,1.0000,WIN,1173.1059,-6.07
607,1173.1059,1236.5270,11.7311,1.0000,WIN,1184.8369,-5.13
608,1184.8369,1236.5270,11.8484,1.0000,LOSS,1172.9886,-4.18
609,1172.9886,1236.5270,11.7299,1.0000,WIN,1184.7184,-5.14
610,1184.7184,1236.5270,11.8472,1.0000,WIN,1196.5656,-4.19
611,1196.5656,1236.5270,11.9657,1.0000,WIN,1208.5313,-3.23
612,1208.5313,1236.5270,12.0853,1.0000,WIN,1220.6166,-2.26
613,1220.6166,1236.5270,12.2062,1.0000,LOSS,1208.4104,-1.29
614,1208.4104,1236.5270,12.0841,1.0000,WIN,1220.4945,-2.27
615,1220.4945,1236.5270,12.2049,1.0000,LOSS,1208.2896,-1.30
616,1208.2896,1236.5270,12.0829,1.0000,LOSS,1196.2067,-2.28
617,1196.2067,1236.5270,11.9621,1.0000,LOSS,1184.2446,-3.26
618,1184.2446,1236.5270,11.8424,1.0000,WIN,1196.0871,-4.23
619,1196.0871,1236.5270,11.9609,1.0000,WIN,1208.0479,-3.27
620,1208.0479,1236.5270,12.0805,1.0000,WIN,1220.1284,-2.30
621,1220.1284,1236.5270,12.2013,1.0000,WIN,1232.3297,-1.33
622,1232.3297,1236.5270,12.3233,1.0000,LOSS,1220.0064,-0.34
623,1220.0064,1236.5270,12.2001,1.0000,WIN,1232.2065,-1.34
624,1232.2065,1236.5270,12.3221,1.0000,WIN,1244.5285,-0.35
625,1244.5285,1244.5285,12.4453,1.0000,LOSS,1232.0832,0.00
626,1232.0832,1244.5285,12.3208,1.0000,WIN,1244.4041,-1.00
627,1244.4041,1244.5285,12.4440,1.0000,LOSS,1231.9600,-0.01
628,1231.9600,1244.5285,12.3196,1.0000,LOSS,1219.6404,-1.01
629,1219.6404,1244.5285,12.1964,1.0000,LOSS,1207.4440,-2.00
630,1207.4440,1244.5285,12.0744,1.0000,WIN,1219.5185,-2.98
631,1219.5185,1244.5285,12.1952,1.0000,LOSS,1207.3233,-2.01
632,1207.3233,1244.5285,12.0732,1.0000,WIN,1219.3965,-2.99
633,1219.3965,1244.5285,12.1940,1.0000,WIN,1231.5905,-2.02
634,1231.5905,1244.5285,12.3159,1.0000,LOSS,1219.2746,-1.04
635,1219.2746,1244.5285,12.1927,1.0000,WIN,1231.4673,-2.03
636,1231.4673,1244.5285,12.3147,1.0000,LOSS,1219.1527,-1.05
637,1219.1527,1244.5285,12.1915,1.0000,LOSS,1206.9611,-2.04
638,1206.9611,1244.5285,12.0696,1.0000,LOSS,1194.8915,-3.02
639,1194.8915,1244.5285,11.9489,1.0000,WIN,1206.8404,-3.99
640,1206.8404,1244.5285,12.0684,1.0000,LOSS,1194.7720,-3.03
641,1194.7720,1244.5285,11.9477,1.0000,WIN,1206.7198,-4.00
642,1206.7198,1244.5285,12.0672,1.0000,LOSS,1194.6526,-3.04
643,1194.6526,1244.5285,11.9465,1.0000,WIN,1206.5991,-4.01
644,1206.5991,1244.5285,12.0660,1.0000,LOSS,1194.5331,-3.05
645,1194.5331,1244.5285,11.9453,1.0000,WIN,1206.4784,-4.02
646,1206.4784,1244.5285,12.0648,1.0000,WIN,1218.5432,-3.06
647,1218.5432,1244.5285,12.1854,1.0000,WIN,1230.7286,-2.09
648,1230.7286,1244.5285,12.3073,1.0000,LOSS,1218.4213,-1.11
649,1218.4213,1244.5285,12.1842,1.0000,WIN,1230.6056,-2.10
650,1230.6056,1244.5285,12.3061,1.0000,WIN,1242.9116,-1.12
651,1242.9116,1244.5285,12.4291,1.0000,WIN,1255.3407,-0.13
652,1255.3407,1255.3407,12.5534,1.0000,LOSS,1242.7873,0.00
653,1242.7873,1255.3407,12.4279,1.0000,WIN,1255.2152,-1.00
654,1255.2152,1255.3407,12.5522,1.0000,WIN,1267.7674,-0.01
655,1267.7674,1267.7674,12.6777,1.0000,LOSS,1255.0897,0.00
656,1255.0897,1267.7674,12.5509,1.0000,WIN,1267.6406,-1.00
657,1267.6406,1267.7674,12.6764,1.0000,LOSS,1254.9642,-0.01
658,1254.9642,1267.7674,12.5496,1.0000,LOSS,1242.4145,-1.01
659,1242.4145,1267.7674,12.4241,1.0000,LOSS,1229.9904,-2.00
660,1229.9904,1267.7674,12.2999,1.0000,LOSS,1217.6905,-2.98
661,1217.6905,1267.7674,12.1769,1.0000,WIN,1229.8674,-3.95
662,1229.8674,1267.7674,12.2987,1.0000,LOSS,1217.5687,-2.99
663,1217.5687,1267.7674,12.1757,1.0000,WIN,1229.7444,-3.96
664,1229.7444,1267.7674,12.2974,1.0000,WIN,1242.0418,-3.00
665,1242.0418,1267.7674,12.4204,1.0000,WIN,1254.4623,-2.03
666,1254.4623,1267.7674,12.5446,1.0000,WIN,1267.0069,-1.05
667,1267.0069,1267.7674,12.6701,1.0000,WIN,1279.6770,-0.06
668,1279.6770,1279.6770,12.7968,1.0000,WIN,1292.4737,0.00
669,1292.4737,1292.4737,12.9247,1.0000,WIN,1305.3985,0.00
670,1305.3985,1305.3985,13.0540,1.0000,LOSS,1292.3445,0.00
671,1292.3445,1305.3985,12.9234,1.0000,WIN,1305.2679,-1.00
672,1305.2679,1305.3985,13.0527,1.0000,LOSS,1292.2152,-0.01
673,1292.2152,1305.3985,12.9222,1.0000,LOSS,1279.2931,-1.01
674,1279.2931,1305.3985,12.7929,1.0000,LOSS,1266.5002,-2.00
675,1266.5002,1305.3985,12.6650,1.0000,WIN,1279.1652,-2.98
676,1279.1652,1305.3985,12.7917,1.0000,LOSS,1266.3735,-2.01
677,1266.3735,1305.3985,12.6637,1.0000,LOSS,1253.7098,-2.99
678,1253.7098,1305.3985,12.5371,1.0000,WIN,1266.2469,-3.96
679,1266.2469,1305.3985,12.6625,1.0000,WIN,1278.9093,-3.00
680,1278.9093,1305.3985,12.7891,1.0000,WIN,1291.6984,-2.03
681,1291.6984,1305.3985,12.9170,1.0000,WIN,1304.6154,-1.05
682,1304.6154,1305.3985,13.0462,1.0000,LOSS,1291.5693,-0.06
683,1291.5693,1305.3985,12.9157,1.0000,WIN,1304.4850,-1.06
684,1304.4850,1305.3985,13.0448,1.0000,LOSS,1291.4401,-0.07
685,1291.4401,1305.3985,12.9144,1.0000,WIN,1304.3545,-1.07
686,1304.3545,1305.3985,13.0435,1.0000,LOSS,1291.3110,-0.08
687,1291.3110,1305.3985,12.9131,1.0000,WIN,1304.2241,-1.08
688,1304.2241,1305.3985,13.0422,1.0000,LOSS,1291.1818,-0.09
689,1291.1818,1305.3985,12.9118,1.0000,LOSS,1278.2700,-1.09
690,1278.2700,1305.3985,12.7827,1.0000,WIN,1291.0527,-2.08
691,1291.0527,1305.3985,12.9105,1.0000,LOSS,1278.1422,-1.10
692,1278.1422,1305.3985,12.7814,1.0000,WIN,1290.9236,-2.09
693,1290.9236,1305.3985,12.9092,1.0000,LOSS,1278.0144,-1.11
694,1278.0144,1305.3985,12.7801,1.0000,LOSS,1265.2342,-2.10
695,1265.2342,1305.3985,12.6523,1.0000,WIN,1277.8866,-3.08
696,1277.8866,1305.3985,12.7789,1.0000,WIN,1290.6654,-2.11
697,1290.6654,1305.3985,12.9067,1.0000,WIN,1303.5721,-1.13
698,1303.5721,1305.3985,13.0357,1.0000,LOSS,1290.5364,-0.14
699,1290.5364,1305.3985,12.9054,1.0000,LOSS,1277.6310,-1.14
700,1277.6310,1305.3985,12.7763,1.0000,WIN,1290.4073,-2.13
701,1290.4073,1305.3985,12.9041,1.0000,WIN,1303.3114,-1.15
702,1303.3114,1305.3985,13.0331,1.0000,WIN,1316.3445,-0.16
703,1316.3445,1316.3445,13.1634,1.0000,WIN,1329.5079,0.00
704,1329.5079,1329.5079,13.2951,1.0000,WIN,1342.8030,0.00
705,1342.8030,1342.8030,13.4280,1.0000,WIN,1356.2311,0.00
706,1356.2311,1356.2311,13.5623,1.0000,LOSS,1342.6687,0.00
707,1342.6687,1356.2311,13.4267,1.0000,LOSS,1329.2421,-1.00
708,1329.2421,1356.2311,13.2924,1.0000,LOSS,1315.9496,-1.99
709,1315.9496,1356.2311,13.1595,1.0000,LOSS,1302.7901,-2.97
710,1302.7901,1356.2311,13.0279,1.0000,LOSS,1289.7622,-3.94
711,1289.7622,1356.2311,12.8976,1.0000,WIN,1302.6599,-4.90
712,1302.6599,1356.2311,13.0266,1.0000,LOSS,1289.6333,-3.95
713,1289.6333,1356.2311,12.8963,1.0000,LOSS,1276.7369,-4.91
714,1276.7369,1356.2311,12.7674,1.0000,WIN,1289.5043,-5.86
715,1289.5043,1356.2311,12.8950,1.0000,LOSS,1276.6093,-4.92
716,1276.6093,1356.2311,12.7661,1.0000,WIN,1289.3753,-5.87
717,1289.3753,1356.2311,12.8938,1.0000,LOSS,1276.4816,-4.93
718,1276.4816,1356.2311,12.7648,1.0000,WIN,1289.2464,-5.88
719,1289.2464,1356.2311,12.8925,1.0000,WIN,1302.1389,-4.94
720,1302.1389,1356.2311,13.0214,1.0000,LOSS,1289.1175,-3.99
721,1289.1175,1356.2311,12.8912,1.0000,WIN,1302.0087,-4.95
722,1302.0087,1356.2311,13.0201,1.0000,WIN,1315.0287,-4.00
723,1315.0287,1356.2311,13.1503,1.0000,LOSS,1301.8785,-3.04
724,1301.8785,1356.2311,13.0188,1.0000,WIN,1314.8972,-4.01
725,1314.8972,1356.2311,13.1490,1.0000,WIN,1328.0462,-3.05
726,1328.0462,1356.2311,13.2805,1.0000,WIN,1341.3267,-2.08
727,1341.3267,1356.2311,13.4133,1.0000,LOSS,1327.9134,-1.10
728,1327.9134,1356.2311,13.2791,1.0000,WIN,1341.1925,-2.09
729,1341.1925,1356.2311,13.4119,1.0000,WIN,1354.6045,-1.11
730,1354.6045,1356.2311,13.5460,1.0000,LOSS,1341.0584,-0.12
731,1341.0584,1356.2311,13.4106,1.0000,LOSS,1327.6478,-1.12
732,1327.6478,1356.2311,13.2765,1.0000,WIN,1340.9243,-2.11
733,1340.9243,1356.2311,13.4092,1.0000,WIN,1354.3336,-1.13
734,1354.3336,1356.2311,13.5433,1.0000,WIN,1367.8769,-0.14
735,1367.8769,1367.8769,13.6788,1.0000,LOSS,1354.1981,0.00
736,1354.1981,1367.8769,13.5420,1.0000,WIN,1367.7401,-1.00
737,1367.7401,1367.8769,13.6774,1.0000,WIN,1381.4175,-0.01
738,1381.4175,1381.4175,13.8142,1.0000,LOSS,1367.6033,0.00
739,1367.6033,1381.4175,13.6760,1.0000,LOSS,1353.9273,-1.00
740,1353.9273,1381.4175,13.5393,1.0000,LOSS,1340.3880,-1.99
741,1340.3880,1381.4175,13.4039,1.0000,WIN,1353.7919,-2.97
742,1353.7919,1381.4175,13.5379,1.0000,WIN,1367.3298,-2.00
743,1367.3298,1381.4175,13.6733,1.0000,LOSS,1353.6565,-1.02
744,1353.6565,1381.4175,13.5366,1.0000,LOSS,1340.1200,-2.01
745,1340.1200,1381.4175,13.4012,1.0000,WIN,1353.5212,-2.99
746,1353.5212,1381.4175,13.5352,1.0000,LOSS,1339.9860,-2.02
747,1339.9860,1381.4175,13.3999,1.0000,LOSS,1326.5861,-3.00
748,1326.5861,1381.4175,13.2659,1.0000,LOSS,1313.3202,-3.97
749,1313.3202,1381.4175,13.1332,1.0000,WIN,1326.4534,-4.93
750,1326.4534,1381.4175,13.2645,1.0000,LOSS,1313.1889,-3.98
751,1313.1889,1381.4175,13.1319,1.0000,LOSS,1300.0570,-4.94
752,1300.0570,1381.4175,13.0006,1.0000,WIN,1313.0576,-5.89
753,1313.0576,1381.4175,13.1306,1.0000,LOSS,1299.9270,-4.95
754,1299.9270,1381.4175,12.9993,1.0000,WIN,1312.9263,-5.90
755,1312.9263,1381.4175,13.1293,1.0000,WIN,1326.0555,-4.96
756,1326.0555,1381.4175,13.2606,1.0000,LOSS,1312.7950,-4.01
757,1312.7950,1381.4175,13.1279,1.0000,WIN,1325.9229,-4.97
758,1325.9229,1381.4175,13.2592,1.0000,WIN,1339.1822,-4.02
759,1339.1822,1381.4175,13.3918,1.0000,WIN,1352.5740,-3.06
760,1352.5740,1381.4175,13.5257,1.0000,WIN,1366.0997,-2.09
761,1366.0997,1381.4175,13.6610,1.0000,LOSS,1352.4387,-1.11
762,1352.4387,1381.4175,13.5244,1.0000,LOSS,1338.9143,-2.10
763,1338.9143,1381.4175,13.3891,1.0000,LOSS,1325.5252,-3.08
764,1325.5252,1381.4175,13.2553,1.0000,LOSS,1312.2699,-4.05
765,1312.2699,1381.4175,13.1227,1.0000,LOSS,1299.1472,-5.01
766,1299.1472,1381.4175,12.9915,1.0000,LOSS,1286.1558,-5.96
767,1286.1558,1381.4175,12.8616,1.0000,LOSS,1273.2942,-6.90
768,1273.2942,1381.4175,12.7329,1.0000,LOSS,1260.5613,-7.83
769,1260.5613,1381.4175,12.6056,1.0000,WIN,1273.1669,-8.75
770,1273.1669,1381.4175,12.7317,1.0000,WIN,1285.8986,-7.84
771,1285.8986,1381.4175,12.8590,1.0000,LOSS,1273.0396,-6.91
772,1273.0396,1381.4175,12.7304,1.0000,LOSS,1260.3092,-7.85
773,1260.3092,1381.4175,12.6031,1.0000,LOSS,1247.7061,-8.77
774,1247.7061,1381.4175,12.4771,1.0000,LOSS,1235.2290,-9.68
775,1235.2290,1381.4175,12.3523,1.0000,LOSS,1222.8767,-10.58
776,1222.8767,1381.4175,12.2288,1.0000,LOSS,1210.6480,-11.48
777,1210.6480,1381.4175,12.1065,1.0000,WIN,1222.7544,-12.36
778,1222.7544,1381.4175,12.2275,1.0000,LOSS,1210.5269,-11.49
779,1210.5269,1381.4175,12.1053,1.0000,LOSS,1198.4216,-12.37
780,1198.4216,1381.4175,11.9842,1.0000,WIN,1210.4058,-13.25
781,1210.4058,1381.4175,12.1041,1.0000,WIN,1222.5099,-12.38
782,1222.5099,1381.4175,12.2251,1.0000,WIN,1234.7350,-11.50
783,1234.7350,1381.4175,12.3474,1.0000,WIN,1247.0824,-10.62
784,1247.0824,1381.4175,12.4708,1.0000,WIN,1259.5532,-9.72
785,1259.5532,1381.4175,12.5955,1.0000,LOSS,1246.9576,-8.82
786,1246.9576,1381.4175,12.4696,1.0000,WIN,1259.4272,-9.73
787,1259.4272,1381.4175,12.5943,1.0000,LOSS,1246.8330,-8.83
788,1246.8330,1381.4175,12.4683,1.0000,LOSS,1234.3646,-9.74
789,1234.3646,1381.4175,12.3436,1.0000,LOSS,1222.0210,-10.65
790,1222.0210,1381.4175,12.2202,1.0000,WIN,1234.2412,-11.54
791,1234.2412,1381.4175,12.3424,1.0000,WIN,1246.5836,-10.65
792,1246.5836,1381.4175,12.4658,1.0000,WIN,1259.0494,-9.76
793,1259.0494,1381.4175,12.5905,1.0000,LOSS,1246.4589,-8.86
794,1246.4589,1381.4175,12.4646,1.0000,LOSS,1233.9943,-9.77
795,1233.9943,1381.4175,12.3399,1.0000,WIN,1246.3343,-10.67
796,1246.3343,1381.4175,12.4633,1.0000,WIN,1258.7976,-9.78
797,1258.7976,1381.4175,12.5880,1.0000,WIN,1271.3856,-8.88
798,1271.3856,1381.4175,12.7139,1.0000,LOSS,1258.6718,-7.97
799,1258.6718,1381.4175,12.5867,1.0000,LOSS,1246.0850,-8.89
800,1246.0850,1381.4175,12.4609,1.0000,LOSS,1233.6242,-9.80
801,1233.6242,1381.4175,12.3362,1.0000,WIN,1245.9604,-10.70
802,1245.9604,1381.4175,12.4596,1.0000,LOSS,1233.5008,-9.81
803,1233.5008,1381.4175,12.3350,1.0000,WIN,1245.8358,-10.71
804,1245.8358,1381.4175,12.4584,1.0000,WIN,1258.2942,-9.81
805,1258.2942,1381.4175,12.5829,1.0000,LOSS,1245.7113,-8.91
806,1245.7113,1381.4175,12.4571,1.0000,WIN,1258.1684,-9.82
807,1258.1684,1381.4175,12.5817,1.0000,WIN,1270.7500,-8.92
808,1270.7500,1381.4175,12.7075,1.0000,LOSS,1258.0425,-8.01
809,1258.0425,1381.4175,12.5804,1.0000,LOSS,1245.4621,-8.93
810,1245.4621,1381.4175,12.4546,1.0000,WIN,1257.9167,-9.84
811,1257.9167,1381.4175,12.5792,1.0000,WIN,1270.4959,-8.94
812,1270.4959,1381.4175,12.7050,1.0000,WIN,1283.2009,-8.03
813,1283.2009,1381.4175,12.8320,1.0000,WIN,1296.0329,-7.11
814,1296.0329,1381.4175,12.9603,1.0000,WIN,1308.9932,-6.18
815,1308.9932,1381.4175,13.0899,1.0000,WIN,1322.0831,-5.24
816,1322.0831,1381.4175,13.2208,1.0000,LOSS,1308.8623,-4.30
817,1308.8623,1381.4175,13.0886,1.0000,WIN,1321.9509,-5.25
818,1321.9509,1381.4175,13.2195,1.0000,WIN,1335.1704,-4.30
819,1335.1704,1381.4175,13.3517,1.0000,WIN,1348.5221,-3.35
820,1348.5221,1381.4175,13.4852,1.0000,WIN,1362.0074,-2.38
821,1362.0074,1381.4175,13.6201,1.0000,LOSS,1348.3873,-1.41
822,1348.3873,1381.4175,13.4839,1.0000,LOSS,1334.9034,-2.39
823,1334.9034,1381.4175,13.3490,1.0000,LOSS,1321.5544,-3.37
824,1321.5544,1381.4175,13.2155,1.0000,WIN,1334.7699,-4.33
825,1334.7699,1381.4175,13.3477,1.0000,WIN,1348.1176,-3.38
826,1348.1176,1381.4175,13.4812,1.0000,LOSS,1334.6365,-2.41
827,1334.6365,1381.4175,13.3464,1.0000,WIN,1347.9828,-3.39
828,1347.9828,1381.4175,13.4798,1.0000,LOSS,1334.5030,-2.42
829,1334.5030,1381.4175,13.3450,1.0000,LOSS,1321.1580,-3.40
830,1321.1580,1381.4175,13.2116,1.0000,WIN,1334.3695,-4.36
831,1334.3695,1381.4175,13.3437,1.0000,WIN,1347.7132,-3.41
832,1347.7132,1381.4175,13.4771,1.0000,LOSS,1334.2361,-2.44
833,1334.2361,1381.4175,13.3424,1.0000,WIN,1347.5785,-3.42
834,1347.5785,1381.4175,13.4758,1.0000,LOSS,1334.1027,-2.45
835,1334.1027,1381.4175,13.3410,1.0000,LOSS,1320.7616,-3.43
836,1320.7616,1381.4175,13.2076,1.0000,LOSS,1307.5540,-4.39
837,1307.5540,1381.4175,13.0755,1.0000,WIN,1320.6296,-5.35
838,1320.6296,1381.4175,13.2063,1.0000,WIN,1333.8359,-4.40
839,1333.8359,1381.4175,13.3384,1.0000,WIN,1347.1742,-3.44
840,1347.1742,1381.4175,13.4717,1.0000,WIN,1360.6460,-2.48
841,1360.6460,1381.4175,13.6065,1.0000,LOSS,1347.0395,-1.50
842,1347.0395,1381.4175,13.4704,1.0000,LOSS,1333.5691,-2.49
843,1333.5691,1381.4175,13.3357,1.0000,LOSS,1320.2334,-3.46
844,1320.2334,1381.4175,13.2023,1.0000,WIN,1333.4358,-4.43
845,1333.4358,1381.4175,13.3344,1.0000,WIN,1346.7701,-3.47
846,1346.7701,1381.4175,13.4677,1.0000,WIN,1360.2378,-2.51
847,1360.2378,1381.4175,13.6024,1.0000,LOSS,1346.6354,-1.53
848,1346.6354,1381.4175,13.4664,1.0000,LOSS,1333.1691,-2.52
849,1333.1691,1381.4175,13.3317,1.0000,LOSS,1319.8374,-3.49
850,1319.8374,1381.4175,13.1984,1.0000,LOSS,1306.6390,-4.46
851,1306.6390,1381.4175,13.0664,1.0000,WIN,1319.7054,-5.41
852,1319.7054,1381.4175,13.1971,1.0000,WIN,1332.9025,-4.47
853,1332.9025,1381.4175,13.3290,1.0000,LOSS,1319.5734,-3.51
854,1319.5734,1381.4175,13.1957,1.0000,WIN,1332.7692,-4.48
855,1332.7692,1381.4175,13.3277,1.0000,WIN,1346.0969,-3.52
856,1346.0969,1381.4175,13.4610,1.0000,WIN,1359.5578,-2.56
857,1359.5578,1381.4175,13.5956,1.0000,LOSS,1345.9623,-1.58
858,1345.9623,1381.4175,13.4596,1.0000,WIN,1359.4219,-2.57
859,1359.4219,1381.4175,13.5942,1.0000,LOSS,1345.8277,-1.59
860,1345.8277,1381.4175,13.4583,1.0000,LOSS,1332.3694,-2.58
861,1332.3694,1381.4175,13.3237,1.0000,WIN,1345.6931,-3.55
862,1345.6931,1381.4175,13.4569,1.0000,WIN,1359.1500,-2.59
863,1359.1500,1381.4175,13.5915,1.0000,WIN,1372.7415,-1.61
864,1372.7415,1381.4175,13.7274,1.0000,LOSS,1359.0141,-0.63
865,1359.0141,1381.4175,13.5901,1.0000,WIN,1372.6042,-1.62
866,1372.6042,1381.4175,13.7260,1.0000,WIN,1386.3303,-0.64
867,1386.3303,1386.3303,13.8633,1.0000,WIN,1400.1936,0.00
868,1400.1936,1400.1936,14.0019,1.0000,WIN,1414.1955,0.00
869,1414.1955,1414.1955,14.1420,1.0000,LOSS,1400.0536,0.00
870,1400.0536,1414.1955,14.0005,1.0000,WIN,1414.0541,-1.00
871,1414.0541,1414.1955,14.1405,1.0000,WIN,1428.1946,-0.01
872,1428.1946,1428.1946,14.2819,1.0000,WIN,1442.4766,0.00
873,1442.4766,1442.4766,14.4248,1.0000,WIN,1456.9013,0.00
874,1456.9013,1456.9013,14.5690,1.0000,LOSS,1442.3323,0.00
875,1442.3323,1456.9013,14.4233,1.0000,WIN,1456.7557,-1.00
876,1456.7557,1456.9013,14.5676,1.0000,WIN,1471.3232,-0.01
877,1471.3232,1471.3232,14.7132,1.0000,LOSS,1456.6100,0.00
878,1456.6100,1471.3232,14.5661,1.0000,LOSS,1442.0439,-1.00
879,1442.0439,1471.3232,14.4204,1.0000,LOSS,1427.6234,-1.99
880,1427.6234,1471.3232,14.2762,1.0000,WIN,1441.8997,-2.97
881,1441.8997,1471.3232,14.4190,1.0000,WIN,1456.3187,-2.00
882,1456.3187,1471.3232,14.5632,1.0000,WIN,1470.8819,-1.02
883,1470.8819,1471.3232,14.7088,1.0000,LOSS,1456.1730,-0.03
884,1456.1730,1471.3232,14.5617,1.0000,WIN,1470.7348,-1.03
885,1470.7348,1471.3232,14.7073,1.0000,WIN,1485.4421,-0.04
886,1485.4421,1485.4421,14.8544,1.0000,LOSS,1470.5877,0.00
887,1470.5877,1485.4421,14.7059,1.0000,WIN,1485.2936,-1.00
888,1485.2936,1485.4421,14.8529,1.0000,WIN,1500.1465,-0.01
889,1500.1465,1500.1465,15.0015,1.0000,WIN,1515.1480,0.00
890,1515.1480,1515.1480,15.1515,1.0000,LOSS,1499.9965,0.00
891,1499.9965,1515.1480,15.0000,1.0000,WIN,1514.9965,-1.00
892,1514.9965,1515.1480,15.1500,1.0000,WIN,1530.1464,-0.01
893,1530.1464,1530.1464,15.3015,1.0000,LOSS,1514.8450,0.00
894,1514.8450,1530.1464,15.1484,1.0000,WIN,1529.9934,-1.00
895,1529.9934,1530.1464,15.2999,1.0000,LOSS,1514.6935,-0.01
896,1514.6935,1530.1464,15.1469,1.0000,WIN,1529.8404,-1.01
897,1529.8404,1530.1464,15.2984,1.0000,WIN,1545.1388,-0.02
898,1545.1388,1545.1388,15.4514,1.0000,LOSS,1529.6874,0.00
899,1529.6874,1545.1388,15.2969,1.0000,LOSS,1514.3906,-1.00
900,1514.3906,1545.1388,15.1439,1.0000,LOSS,1499.2466,-1.99
901,1499.2466,1545.1388,14.9925,1.0000,WIN,1514.2391,-2.97
902,1514.2391,1545.1388,15.1424,1.0000,WIN,1529.3815,-2.00
903,1529.3815,1545.1388,15.2938,1.0000,LOSS,1514.0877,-1.02
904,1514.0877,1545.1388,15.1409,1.0000,WIN,1529.2286,-2.01
905,1529.2286,1545.1388,15.2923,1.0000,WIN,1544.5209,-1.03
906,1544.5209,1545.1388,15.4452,1.0000,WIN,1559.9661,-0.04
907,1559.9661,1559.9661,15.5997,1.0000,WIN,1575.5657,0.00
908,1575.5657,1575.5657,15.7557,1.0000,LOSS,1559.8101,0.00
909,1559.8101,1575.5657,15.5981,1.0000,WIN,1575.4082,-1.00
910,1575.4082,1575.5657,15.7541,1.0000,LOSS,1559.6541,-0.01
911,1559.6541,1575.5657,15.5965,1.0000,LOSS,1544.0575,-1.01
912,1544.0575,1575.5657,15.4406,1.0000,WIN,1559.4981,-2.00
913,1559.4981,1575.5657,15.5950,1.0000,WIN,1575.0931,-1.02
914,1575.0931,1575.5657,15.7509,1.0000,LOSS,1559.3422,-0.03
915,1559.3422,1575.5657,15.5934,1.0000,WIN,1574.9356,-1.03
916,1574.9356,1575.5657,15.7494,1.0000,WIN,1590.6849,-0.04
917,1590.6849,1590.6849,15.9068,1.0000,WIN,1606.5918,0.00
918,1606.5918,1606.5918,16.0659,1.0000,LOSS,1590.5259,0.00
919,1590.5259,1606.5918,15.9053,1.0000,WIN,1606.4311,-1.00
920,1606.4311,1606.5918,16.0643,1.0000,LOSS,1590.3668,-0.01
921,1590.3668,1606.5918,15.9037,1.0000,LOSS,1574.4632,-1.01
922,1574.4632,1606.5918,15.7446,1.0000,WIN,1590.2078,-2.00
923,1590.2078,1606.5918,15.9021,1.0000,WIN,1606.1099,-1.02
924,1606.1099,1606.5918,16.0611,1.0000,LOSS,1590.0488,-0.03
925,1590.0488,1606.5918,15.9005,1.0000,LOSS,1574.1483,-1.03
926,1574.1483,1606.5918,15.7415,1.0000,LOSS,1558.4068,-2.02
927,1558.4068,1606.5918,15.5841,1.0000,LOSS,1542.8227,-3.00
928,1542.8227,1606.5918,15.4282,1.0000,LOSS,1527.3945,-3.97
929,1527.3945,1606.5918,15.2739,1.0000,LOSS,1512.1206,-4.93
930,1512.1206,1606.5918,15.1212,1.0000,LOSS,1496.9994,-5.88
931,1496.9994,1606.5918,14.9700,1.0000,WIN,1511.9693,-6.82
932,1511.9693,1606.5918,15.1197,1.0000,WIN,1527.0890,-5.89
933,1527.0890,1606.5918,15.2709,1.0000,WIN,1542.3599,-4.95
934,1542.3599,1606.5918,15.4236,1.0000,LOSS,1526.9363,-4.00
935,1526.9363,1606.5918,15.2694,1.0000,WIN,1542.2057,-4.96
936,1542.2057,1606.5918,15.4221,1.0000,WIN,1557.6278,-4.01
937,1557.6278,1606.5918,15.5763,1.0000,WIN,1573.2040,-3.05
938,1573.2040,1606.5918,15.7320,1.0000,LOSS,1557.4720,-2.08
939,1557.4720,1606.5918,15.5747,1.0000,LOSS,1541.8973,-3.06
940,1541.8973,1606.5918,15.4190,1.0000,LOSS,1526.4783,-4.03
941,1526.4783,1606.5918,15.2648,1.0000,WIN,1541.7431,-4.99
942,1541.7431,1606.5918,15.4174,1.0000,WIN,1557.1605,-4.04
943,1557.1605,1606.5918,15.5716,1.0000,WIN,1572.7321,-3.08
944,1572.7321,1606.5918,15.7273,1.0000,LOSS,1557.0048,-2.11
945,1557.0048,1606.5918,15.5700,1.0000,LOSS,1541.4347,-3.09
946,1541.4347,1606.5918,15.4143,1.0000,WIN,1556.8491,-4.06
947,1556.8491,1606.5918,15.5685,1.0000,LOSS,1541.2806,-3.10
948,1541.2806,1606.5918,15.4128,1.0000,WIN,1556.6934,-4.07
949,1556.6934,1606.5918,15.5669,1.0000,LOSS,1541.1265,-3.11
950,1541.1265,1606.5918,15.4113,1.0000,WIN,1556.5377,-4.07
951,1556.5377,1606.5918,15.5654,1.0000,WIN,1572.1031,-3.12
952,1572.1031,1606.5918,15.7210,1.0000,LOSS,1556.3821,-2.15
953,1556.3821,1606.5918,15.5638,1.0000,LOSS,1540.8183,-3.13
954,1540.8183,1606.5918,15.4082,1.0000,LOSS,1525.4101,-4.09
955,1525.4101,1606.5918,15.2541,1.0000,WIN,1540.6642,-5.05
956,1540.6642,1606.5918,15.4066,1.0000,LOSS,1525.2575,-4.10
957,1525.2575,1606.5918,15.2526,1.0000,LOSS,1510.0050,-5.06
958,1510.0050,1606.5918,15.1000,1.0000,LOSS,1494.9049,-6.01
959,1494.9049,1606.5918,14.9490,1.0000,LOSS,1479.9559,-6.95
960,1479.9559,1606.5918,14.7996,1.0000,WIN,1494.7554,-7.88
961,1494.7554,1606.5918,14.9476,1.0000,WIN,1509.7030,-6.96
962,1509.7030,1606.5918,15.0970,1.0000,WIN,1524.8000,-6.03
963,1524.8000,1606.5918,15.2480,1.0000,WIN,1540.0480,-5.09
964,1540.0480,1606.5918,15.4005,1.0000,WIN,1555.4485,-4.14
965,1555.4485,1606.5918,15.5545,1.0000,WIN,1571.0030,-3.18
966,1571.0030,1606.5918,15.7100,1.0000,LOSS,1555.2929,-2.22
967,1555.2929,1606.5918,15.5529,1.0000,WIN,1570.8459,-3.19
968,1570.8459,1606.5918,15.7085,1.0000,WIN,1586.5543,-2.22
969,1586.5543,1606.5918,15.8655,1.0000,LOSS,1570.6888,-1.25
970,1570.6888,1606.5918,15.7069,1.0000,LOSS,1554.9819,-2.23
971,1554.9819,1606.5918,15.5498,1.0000,WIN,1570.5317,-3.21
972,1570.5317,1606.5918,15.7053,1.0000,LOSS,1554.8264,-2.24
973,1554.8264,1606.5918,15.5483,1.0000,LOSS,1539.2781,-3.22
974,1539.2781,1606.5918,15.3928,1.0000,WIN,1554.6709,-4.19
975,1554.6709,1606.5918,15.5467,1.0000,WIN,1570.2176,-3.23
976,1570.2176,1606.5918,15.7022,1.0000,WIN,1585.9198,-2.26
977,1585.9198,1606.5918,15.8592,1.0000,WIN,1601.7790,-1.29
978,1601.7790,1606.5918,16.0178,1.0000,WIN,1617.7968,-0.30
979,1617.7968,1617.7968,16.1780,1.0000,WIN,1633.9748,0.00
980,1633.9748,1633.9748,16.3397,1.0000,WIN,1650.3145,0.00
981,1650.3145,1650.3145,16.5031,1.0000,WIN,1666.8177,0.00
982,1666.8177,1666.8177,16.6682,1.0000,WIN,1683.4858,0.00
983,1683.4858,1683.4858,16.8349,1.0000,LOSS,1666.6510,0.00
984,1666.6510,1683.4858,16.6665,1.0000,WIN,1683.3175,-1.00
985,1683.3175,1683.4858,16.8332,1.0000,WIN,1700.1507,-0.01
986,1700.1507,1700.1507,17.0015,1.0000,WIN,1717.1522,0.00
987,1717.1522,1717.1522,17.1715,1.0000,WIN,1734.3237,0.00
988,1734.3237,1734.3237,17.3432,1.0000,WIN,1751.6669,0.00
989,1751.6669,1751.6669,17.5167,1.0000,LOSS,1734.1503,0.00
990,1734.1503,1751.6669,17.3415,1.0000,LOSS,1716.8088,-1.00
991,1716.8088,1751.6669,17.1681,1.0000,LOSS,1699.6407,-1.99
992,1699.6407,1751.6669,16.9964,1.0000,WIN,1716.6371,-2.97
993,1716.6371,1751.6669,17.1664,1.0000,LOSS,1699.4707,-2.00
994,1699.4707,1751.6669,16.9947,1.0000,LOSS,1682.4760,-2.98
995,1682.4760,1751.6669,16.8248,1.0000,LOSS,1665.6512,-3.95
996,1665.6512,1751.6669,16.6565,1.0000,LOSS,1648.9947,-4.91
997,1648.9947,1751.6669,16.4899,1.0000,LOSS,1632.5048,-5.86
998,1632.5048,1751.6669,16.3250,1.0000,LOSS,1616.1797,-6.80
999,1616.1797,1751.6669,16.1618,1.0000,WIN,1632.3415,-7.73
1000,1632.3415,1751.6669,16.3234,1.0000,LOSS,1616.0181,-6.81
1001,1616.0181,1751.6669,16.1602,1.0000,WIN,1632.1783,-7.74
1002,1632.1783,1751.6669,16.3218,1.0000,LOSS,1615.8565,-6.82
1003,1615.8565,1751.6669,16.1586,1.0000,LOSS,1599.6979,-7.75
1004,1599.6979,1751.6669,15.9970,1.0000,WIN,1615.6949,-8.68
1005,1615.6949,1751.6669,16.1569,1.0000,WIN,1631.8519,-7.76
1006,1631.8519,1751.6669,16.3185,1.0000,WIN,1648.1704,-6.84
1007,1648.1704,1751.6669,16.4817,1.0000,WIN,1664.6521,-5.91
1008,1664.6521,1751.6669,16.6465,1.0000,WIN,1681.2986,-4.97
1009,1681.2986,1751.6669,16.8130,1.0000,WIN,1698.1116,-4.02
1010,1698.1116,1751.6669,16.9811,1.0000,LOSS,1681.1305,-3.06
1011,1681.1305,1751.6669,16.8113,1.0000,LOSS,1664.3192,-4.03
1012,1664.3192,1751.6669,16.6432,1.0000,LOSS,1647.6760,-4.99
1013,1647.6760,1751.6669,16.4768,1.0000,WIN,1664.1527,-5.94
1014,1664.1527,1751.6669,16.6415,1.0000,WIN,1680.7943,-5.00
1015,1680.7943,1751.6669,16.8079,1.0000,LOSS,1663.9863,-4.05
1016,1663.9863,1751.6669,16.6399,1.0000,WIN,1680.6262,-5.01
1017,1680.6262,1751.6669,16.8063,1.0000,WIN,1697.4325,-4.06
1018,1697.4325,1751.6669,16.9743,1.0000,LOSS,1680.4581,-3.10
1019,1680.4581,1751.6669,16.8046,1.0000,LOSS,1663.6536,-4.07
1020,1663.6536,1751.6669,16.6365,1.0000,WIN,1680.2901,-5.02
1021,1680.2901,1751.6669,16.8029,1.0000,WIN,1697.0930,-4.07
1022,1697.0930,1751.6669,16.9709,1.0000,LOSS,1680.1221,-3.12
1023,1680.1221,1751.6669,16.8012,1.0000,LOSS,1663.3208,-4.08
1024,1663.3208,1751.6669,16.6332,1.0000,WIN,1679.9540,-5.04
1025,1679.9540,1751.6669,16.7995,1.0000,WIN,1696.7536,-4.09
1026,1696.7536,1751.6669,16.9675,1.0000,WIN,1713.7211,-3.13
1027,1713.7211,1751.6669,17.1372,1.0000,WIN,1730.8583,-2.17
1028,1730.8583,1751.6669,17.3086,1.0000,WIN,1748.1669,-1.19
1029,1748.1669,1751.6669,17.4817,1.0000,LOSS,1730.6852,-0.20
1030,1730.6852,1751.6669,17.3069,1.0000,WIN,1747.9921,-1.20
1031,1747.9921,1751.6669,17.4799,1.0000,LOSS,1730.5122,-0.21
1032,1730.5122,1751.6669,17.3051,1.0000,LOSS,1713.2071,-1.21
1033,1713.2071,1751.6669,17.1321,1.0000,WIN,1730.3391,-2.20
1034,1730.3391,1751.6669,17.3034,1.0000,WIN,1747.6425,-1.22
1035,1747.6425,1751.6669,17.4764,1.0000,WIN,1765.1189,-0.23
1036,1765.1189,1765.1189,17.6512,1.0000,WIN,1782.7701,0.00
1037,1782.7701,1782.7701,17.8277,1.0000,LOSS,1764.9424,0.00
1038,1764.9424,1782.7701,17.6494,1.0000,LOSS,1747.2930,-1.00
1039,1747.2930,1782.7701,17.4729,1.0000,LOSS,1729.8201,-1.99
1040,1729.8201,1782.7701,17.2982,1.0000,LOSS,1712.5219,-2.97
1041,1712.5219,1782.7701,17.1252,1.0000,LOSS,1695.3967,-3.94
1042,1695.3967,1782.7701,16.9540,1.0000,LOSS,1678.4427,-4.90
1043,1678.4427,1782.7701,16.7844,1.0000,LOSS,1661.6583,-5.85
1044,1661.6583,1782.7701,16.6166,1.0000,LOSS,1645.0417,-6.79
1045,1645.0417,1782.7701,16.4504,1.0000,LOSS,1628.5913,-7.73
1046,1628.5913,1782.7701,16.2859,1.0000,WIN,1644.8772,-8.65
1047,1644.8772,1782.7701,16.4488,1.0000,LOSS,1628.4284,-7.73
1048,1628.4284,1782.7701,16.2843,1.0000,LOSS,1612.1441,-8.66
1049,1612.1441,1782.7701,16.1214,1.0000,LOSS,1596.0227,-9.57
1050,1596.0227,1782.7701,15.9602,1.0000,LOSS,1580.0625,-10.48
1051,1580.0625,1782.7701,15.8006,1.0000,LOSS,1564.2618,-11.37
1052,1564.2618,1782.7701,15.6426,1.0000,LOSS,1548.6192,-12.26
1053,1548.6192,1782.7701,15.4862,1.0000,WIN,1564.1054,-13.13
1054,1564.1054,1782.7701,15.6411,1.0000,WIN,1579.7465,-12.27
1055,1579.7465,1782.7701,15.7975,1.0000,LOSS,1563.9490,-11.39
1056,1563.9490,1782.7701,15.6395,1.0000,LOSS,1548.3095,-12.27
1057,1548.3095,1782.7701,15.4831,1.0000,LOSS,1532.8264,-13.15
1058,1532.8264,1782.7701,15.3283,1.0000,WIN,1548.1547,-14.02
1059,1548.1547,1782.7701,15.4815,1.0000,WIN,1563.6362,-13.16
1060,1563.6362,1782.7701,15.6364,1.0000,LOSS,1547.9999,-12.29
1061,1547.9999,1782.7701,15.4800,1.0000,WIN,1563.4799,-13.17
1062,1563.4799,1782.7701,15.6348,1.0000,LOSS,1547.8451,-12.30
1063,1547.8451,1782.7701,15.4785,1.0000,LOSS,1532.3666,-13.18
1064,1532.3666,1782.7701,15.3237,1.0000,LOSS,1517.0429,-14.05
1065,1517.0429,1782.7701,15.1704,1.0000,WIN,1532.2134,-14.91
1066,1532.2134,1782.7701,15.3221,1.0000,LOSS,1516.8912,-14.05
1067,1516.8912,1782.7701,15.1689,1.0000,LOSS,1501.7223,-14.91
1068,1501.7223,1782.7701,15.0172,1.0000,WIN,1516.7395,-15.76
1069,1516.7395,1782.7701,15.1674,1.0000,LOSS,1501.5721,-14.92
1070,1501.5721,1782.7701,15.0157,1.0000,WIN,1516.5879,-15.77
1071,1516.5879,1782.7701,15.1659,1.0000,WIN,1531.7537,-14.93
1072,1531.7537,1782.7701,15.3175,1.0000,LOSS,1516.4362,-14.08
1073,1516.4362,1782.7701,15.1644,1.0000,LOSS,1501.2719,-14.94
1074,1501.2719,1782.7701,15.0127,1.0000,LOSS,1486.2591,-15.79
1075,1486.2591,1782.7701,14.8626,1.0000,WIN,1501.1217,-16.63
1076,1501.1217,1782.7701,15.0112,1.0000,WIN,1516.1329,-15.80
1077,1516.1329,1782.7701,15.1613,1.0000,WIN,1531.2943,-14.96
1078,1531.2943,1782.7701,15.3129,1.0000,LOSS,1515.9813,-14.11
1079,1515.9813,1782.7701,15.1598,1.0000,WIN,1531.1411,-14.96
1080,1531.1411,1782.7701,15.3114,1.0000,LOSS,1515.8297,-14.11
1081,1515.8297,1782.7701,15.1583,1.0000,LOSS,1500.6714,-14.97
1082,1500.6714,1782.7701,15.0067,1.0000,LOSS,1485.6647,-15.82
1083,1485.6647,1782.7701,14.8566,1.0000,LOSS,1470.8081,-16.67
1084,1470.8081,1782.7701,14.7081,1.0000,LOSS,1456.1000,-17.50
1085,1456.1000,1782.7701,14.5610,1.0000,WIN,1470.6610,-18.32
1086,1470.6610,1782.7701,14.7066,1.0000,LOSS,1455.9544,-17.51
1087,1455.9544,1782.7701,14.5595,1.0000,LOSS,1441.3948,-18.33
1088,1441.3948,1782.7701,14.4139,1.0000,WIN,1455.8088,-19.15
1089,1455.8088,1782.7701,14.5581,1.0000,WIN,1470.3669,-18.34
1090,1470.3669,1782.7701,14.7037,1.0000,WIN,1485.0705,-17.52
1091,1485.0705,1782.7701,14.8507,1.0000,WIN,1499.9212,-16.70
1092,1499.9212,1782.7701,14.9992,1.0000,LOSS,1484.9220,-15.87
1093,1484.9220,1782.7701,14.8492,1.0000,LOSS,1470.0728,-16.71
1094,1470.0728,1782.7701,14.7007,1.0000,LOSS,1455.3721,-17.54
1095,1455.3721,1782.7701,14.5537,1.0000,WIN,1469.9258,-18.36
1096,1469.9258,1782.7701,14.6993,1.0000,WIN,1484.6251,-17.55
1097,1484.6251,1782.7701,14.8463,1.0000,WIN,1499.4713,-16.72
1098,1499.4713,1782.7701,14.9947,1.0000,LOSS,1484.4766,-15.89
1099,1484.4766,1782.7701,14.8448,1.0000,LOSS,1469.6318,-16.73
1100,1469.6318,1782.7701,14.6963,1.0000,WIN,1484.3282,-17.56
1101,1484.3282,1782.7701,14.8433,1.0000,WIN,1499.1714,-16.74
1102,1499.1714,1782.7701,14.9917,1.0000,WIN,1514.1631,-15.91
1103,1514.1631,1782.7701,15.1416,1.0000,LOSS,1499.0215,-15.07
1104,1499.0215,1782.7701,14.9902,1.0000,LOSS,1484.0313,-15.92
1105,1484.0313,1782.7701,14.8403,1.0000,LOSS,1469.1910,-16.76
1106,1469.1910,1782.7701,14.6919,1.0000,WIN,1483.8829,-17.59
1107,1483.8829,1782.7701,14.8388,1.0000,LOSS,1469.0441,-16.77
1108,1469.0441,1782.7701,14.6904,1.0000,LOSS,1454.3536,-17.60
1109,1454.3536,1782.7701,14.5435,1.0000,WIN,1468.8972,-18.42
1110,1468.8972,1782.7701,14.6890,1.0000,LOSS,1454.2082,-17.61
1111,1454.2082,1782.7701,14.5421,1.0000,LOSS,1439.6661,-18.43
1112,1439.6661,1782.7701,14.3967,1.0000,LOSS,1425.2695,-19.25
1113,1425.2695,1782.7701,14.2527,1.0000,WIN,1439.5221,-20.05
1114,1439.5221,1782.7701,14.3952,1.0000,LOSS,1425.1269,-19.25
1115,1425.1269,1782.7701,14.2513,1.0000,WIN,1439.3782,-20.06
1116,1439.3782,1782.7701,14.3938,1.0000,LOSS,1424.9844,-19.26
1117,1424.9844,1782.7701,14.2498,1.0000,LOSS,1410.7346,-20.07
1118,1410.7346,1782.7701,14.1073,1.0000,LOSS,1396.6272,-20.87
1119,1396.6272,1782.7701,13.9663,1.0000,WIN,1410.5935,-21.66
1120,1410.5935,1782.7701,14.1059,1.0000,LOSS,1396.4876,-20.88
1121,1396.4876,1782.7701,13.9649,1.0000,WIN,1410.4524,-21.67
1122,1410.4524,1782.7701,14.1045,1.0000,WIN,1424.5570,-20.88
1123,1424.5570,1782.7701,14.2456,1.0000,WIN,1438.8025,-20.09
1124,1438.8025,1782.7701,14.3880,1.0000,LOSS,1424.4145,-19.29
1125,1424.4145,1782.7701,14.2441,1.0000,WIN,1438.6586,-20.10
1126,1438.6586,1782.7701,14.3866,1.0000,LOSS,1424.2721,-19.30
1127,1424.2721,1782.7701,14.2427,1.0000,LOSS,1410.0293,-20.11
1128,1410.0293,1782.7701,14.1003,1.0000,LOSS,1395.9290,-20.91
1129,1395.9290,1782.7701,13.9593,1.0000,LOSS,1381.9698,-21.70
1130,1381.9698,1782.7701,13.8197,1.0000,LOSS,1368.1501,-22.48
1131,1368.1501,1782.7701,13.6815,1.0000,LOSS,1354.4686,-23.26
1132,1354.4686,1782.7701,13.5447,1.0000,LOSS,1340.9239,-24.02
1133,1340.9239,1782.7701,13.4092,1.0000,WIN,1354.3331,-24.78
1134,1354.3331,1782.7701,13.5433,1.0000,LOSS,1340.7898,-24.03
1135,1340.7898,1782.7701,13.4079,1.0000,WIN,1354.1977,-24.79
1136,1354.1977,1782.7701,13.5420,1.0000,WIN,1367.7397,-24.04
1137,1367.7397,1782.7701,13.6774,1.0000,WIN,1381.4171,-23.28
1138,1381.4171,1782.7701,13.8142,1.0000,WIN,1395.2312,-22.51
1139,1395.2312,1782.7701,13.9523,1.0000,WIN,1409.1835,-21.74
1140,1409.1835,1782.7701,14.0918,1.0000,LOSS,1395.0917,-20.96
1141,1395.0917,1782.7701,13.9509,1.0000,WIN,1409.0426,-21.75
1142,1409.0426,1782.7701,14.0904,1.0000,WIN,1423.1330,-20.96
1143,1423.1330,1782.7701,14.2313,1.0000,LOSS,1408.9017,-20.17
1144,1408.9017,1782.7701,14.0890,1.0000,WIN,1422.9907,-20.97
1145,1422.9907,1782.7701,14.2299,1.0000,WIN,1437.2206,-20.18
1146,1437.2206,1782.7701,14.3722,1.0000,WIN,1451.5928,-19.38
1147,1451.5928,1782.7701,14.5159,1.0000,WIN,1466.1088,-18.58
1148,1466.1088,1782.7701,14.6611,1.0000,LOSS,1451.4477,-17.76
1149,1451.4477,1782.7701,14.5145,1.0000,WIN,1465.9622,-18.58
1150,1465.9622,1782.7701,14.6596,1.0000,WIN,1480.6218,-17.77
1151,1480.6218,1782.7701,14.8062,1.0000,LOSS,1465.8156,-16.95
1152,1465.8156,1782.7701,14.6582,1.0000,LOSS,1451.1574,-17.78
1153,1451.1574,1782.7701,14.5116,1.0000,WIN,1465.6690,-18.60
1154,1465.6690,1782.7701,14.6567,1.0000,LOSS,1451.0123,-17.79
1155,1451.0123,1782.7701,14.5101,1.0000,WIN,1465.5224,-18.61
1156,1465.5224,1782.7701,14.6552,1.0000,WIN,1480.1776,-17.80
1157,1480.1776,1782.7701,14.8018,1.0000,WIN,1494.9794,-16.97
1158,1494.9794,1782.7701,14.9498,1.0000,LOSS,1480.0296,-16.14
1159,1480.0296,1782.7701,14.8003,1.0000,LOSS,1465.2293,-16.98
1160,1465.2293,1782.7701,14.6523,1.0000,WIN,1479.8816,-17.81
1161,1479.8816,1782.7701,14.7988,1.0000,WIN,1494.6804,-16.99
1162,1494.6804,1782.7701,14.9468,1.0000,LOSS,1479.7336,-16.16
1163,1479.7336,1782.7701,14.7973,1.0000,WIN,1494.5310,-17.00
1164,1494.5310,1782.7701,14.9453,1.0000,WIN,1509.4763,-16.17
1165,1509.4763,1782.7701,15.0948,1.0000,LOSS,1494.3815,-15.33
1166,1494.3815,1782.7701,14.9438,1.0000,WIN,1509.3253,-16.18
1167,1509.3253,1782.7701,15.0933,1.0000,WIN,1524.4186,-15.34
1168,1524.4186,1782.7701,15.2442,1.0000,WIN,1539.6628,-14.49
1169,1539.6628,1782.7701,15.3966,1.0000,LOSS,1524.2661,-13.64
1170,1524.2661,1782.7701,15.2427,1.0000,WIN,1539.5088,-14.50
1171,1539.5088,1782.7701,15.3951,1.0000,LOSS,1524.1137,-13.65
1172,1524.1137,1782.7701,15.2411,1.0000,LOSS,1508.8726,-14.51
1173,1508.8726,1782.7701,15.0887,1.0000,WIN,1523.9613,-15.36
1174,1523.9613,1782.7701,15.2396,1.0000,LOSS,1508.7217,-14.52
1175,1508.7217,1782.7701,15.0872,1.0000,LOSS,1493.6345,-15.37
1176,1493.6345,1782.7701,14.9363,1.0000,WIN,1508.5708,-16.22
1177,1508.5708,1782.7701,15.0857,1.0000,LOSS,1493.4851,-15.38
1178,1493.4851,1782.7701,14.9349,1.0000,WIN,1508.4200,-16.23
1179,1508.4200,1782.7701,15.0842,1.0000,WIN,1523.5042,-15.39
1180,1523.5042,1782.7701,15.2350,1.0000,LOSS,1508.2691,-14.54
1181,1508.2691,1782.7701,15.0827,1.0000,WIN,1523.3518,-15.40
1182,1523.3518,1782.7701,15.2335,1.0000,WIN,1538.5853,-14.55
1183,1538.5853,1782.7701,15.3859,1.0000,WIN,1553.9712,-13.70
1184,1553.9712,1782.7701,15.5397,1.0000,LOSS,1538.4315,-12.83
1185,1538.4315,1782.7701,15.3843,1.0000,WIN,1553.8158,-13.71
1186,1553.8158,1782.7701,15.5382,1.0000,WIN,1569.3539,-12.84
1187,1569.3539,1782.7701,15.6935,1.0000,LOSS,1553.6604,-11.97
1188,1553.6604,1782.7701,15.5366,1.0000,WIN,1569.1970,-12.85
1189,1569.1970,1782.7701,15.6920,1.0000,LOSS,1553.5050,-11.98
1190,1553.5050,1782.7701,15.5351,1.0000,WIN,1569.0401,-12.86
1191,1569.0401,1782.7701,15.6904,1.0000,LOSS,1553.3497,-11.99
1192,1553.3497,1782.7701,15.5335,1.0000,LOSS,1537.8162,-12.87
1193,1537.8162,1782.7701,15.3782,1.0000,LOSS,1522.4380,-13.74
1194,1522.4380,1782.7701,15.2244,1.0000,LOSS,1507.2136,-14.60
1195,1507.2136,1782.7701,15.0721,1.0000,WIN,1522.2858,-15.46
1196,1522.2858,1782.7701,15.2229,1.0000,WIN,1537.5086,-14.61
1197,1537.5086,1782.7701,15.3751,1.0000,WIN,1552.8837,-13.76
1198,1552.8837,1782.7701,15.5288,1.0000,LOSS,1537.3549,-12.89
1199,1537.3549,1782.7701,15.3735,1.0000,LOSS,1521.9813,-13.77
1200,1521.9813,1782.7701,15.2198,1.0000,LOSS,1506.7615,-14.63
1201,1506.7615,1782.7701,15.0676,1.0000,WIN,1521.8291,-15.48
1202,1521.8291,1782.7701,15.2183,1.0000,WIN,1537.0474,-14.64
1203,1537.0474,1782.7701,15.3705,1.0000,WIN,1552.4179,-13.78
1204,1552.4179,1782.7701,15.5242,1.0000,LOSS,1536.8937,-12.92
1205,1536.8937,1782.7701,15.3689,1.0000,WIN,1552.2627,-13.79
1206,1552.2627,1782.7701,15.5226,1.0000,WIN,1567.7853,-12.93
1207,1567.7853,1782.7701,15.6779,1.0000,WIN,1583.4631,-12.06
1208,1583.4631,1782.7701,15.8346,1.0000,WIN,1599.2978,-11.18
1209,1599.2978,1782.7701,15.9930,1.0000,WIN,1615.2908,-10.29
1210,1615.2908,1782.7701,16.1529,1.0000,WIN,1631.4437,-9.39
1211,1631.4437,1782.7701,16.3144,1.0000,LOSS,1615.1292,-8.49
1212,1615.1292,1782.7701,16.1513,1.0000,WIN,1631.2805,-9.40
1213,1631.2805,1782.7701,16.3128,1.0000,WIN,1647.5933,-8.50
1214,1647.5933,1782.7701,16.4759,1.0000,WIN,1664.0693,-7.58
1215,1664.0693,1782.7701,16.6407,1.0000,LOSS,1647.4286,-6.66
1216,1647.4286,1782.7701,16.4743,1.0000,LOSS,1630.9543,-7.59
1217,1630.9543,1782.7701,16.3095,1.0000,WIN,1647.2638,-8.52
1218,1647.2638,1782.7701,16.4726,1.0000,WIN,1663.7365,-7.60
1219,1663.7365,1782.7701,16.6374,1.0000,WIN,1680.3738,-6.68
1220,1680.3738,1782.7701,16.8037,1.0000,LOSS,1663.5701,-5.74
1221,1663.5701,1782.7701,16.6357,1.0000,LOSS,1646.9344,-6.69
1222,1646.9344,1782.7701,16.4693,1.0000,LOSS,1630.4650,-7.62
1223,1630.4650,1782.7701,16.3047,1.0000,LOSS,1614.1604,-8.54
1224,1614.1604,1782.7701,16.1416,1.0000,LOSS,1598.0188,-9.46
1225,1598.0188,1782.7701,15.9802,1.0000,LOSS,1582.0386,-10.36
1226,1582.0386,1782.7701,15.8204,1.0000,WIN,1597.8590,-11.26
1227,1597.8590,1782.7701,15.9786,1.0000,WIN,1613.8376,-10.37
1228,1613.8376,1782.7701,16.1384,1.0000,LOSS,1597.6992,-9.48
1229,1597.6992,1782.7701,15.9770,1.0000,LOSS,1581.7222,-10.38
1230,1581.7222,1782.7701,15.8172,1.0000,WIN,1597.5394,-11.28
1231,1597.5394,1782.7701,15.9754,1.0000,LOSS,1581.5640,-10.39
1232,1581.5640,1782.7701,15.8156,1.0000,LOSS,1565.7484,-11.29
1233,1565.7484,1782.7701,15.6575,1.0000,LOSS,1550.0909,-12.17
1234,1550.0909,1782.7701,15.5009,1.0000,WIN,1565.5918,-13.05
1235,1565.5918,1782.7701,15.6559,1.0000,LOSS,1549.9359,-12.18
1236,1549.9359,1782.7701,15.4994,1.0000,LOSS,1534.4365,-13.06
1237,1534.4365,1782.7701,15.3444,1.0000,WIN,1549.7809,-13.93
1238,1549.7809,1782.7701,15.4978,1.0000,LOSS,1534.2831,-13.07
1239,1534.2831,1782.7701,15.3428,1.0000,LOSS,1518.9403,-13.94
1240,1518.9403,1782.7701,15.1894,1.0000,WIN,1534.1297,-14.80
1241,1534.1297,1782.7701,15.3413,1.0000,LOSS,1518.7884,-13.95
1242,1518.7884,1782.7701,15.1879,1.0000,WIN,1533.9763,-14.81
1243,1533.9763,1782.7701,15.3398,1.0000,WIN,1549.3160,-13.96
1244,1549.3160,1782.7701,15.4932,1.0000,LOSS,1533.8229,-13.10
1245,1533.8229,1782.7701,15.3382,1.0000,WIN,1549.1611,-13.96
1246,1549.1611,1782.7701,15.4916,1.0000,LOSS,1533.6695,-13.10
1247,1533.6695,1782.7701,15.3367,1.0000,WIN,1549.0062,-13.97
1248,1549.0062,1782.7701,15.4901,1.0000,LOSS,1533.5161,-13.11
1249,1533.5161,1782.7701,15.3352,1.0000,WIN,1548.8513,-13.98
1250,1548.8513,1782.7701,15.4885,1.0000,WIN,1564.3398,-13.12
1251,1564.3398,1782.7701,15.6434,1.0000,LOSS,1548.6964,-12.25
1252,1548.6964,1782.7701,15.4870,1.0000,WIN,1564.1834,-13.13
1253,1564.1834,1782.7701,15.6418,1.0000,LOSS,1548.5415,-12.26
1254,1548.5415,1782.7701,15.4854,1.0000,LOSS,1533.0561,-13.14
1255,1533.0561,1782.7701,15.3306,1.0000,WIN,1548.3867,-14.01
1256,1548.3867,1782.7701,15.4839,1.0000,LOSS,1532.9028,-13.15
1257,1532.9028,1782.7701,15.3290,1.0000,WIN,1548.2318,-14.02
1258,1548.2318,1782.7701,15.4823,1.0000,WIN,1563.7141,-13.16
1259,1563.7141,1782.7701,15.6371,1.0000,LOSS,1548.0770,-12.29
1260,1548.0770,1782.7701,15.4808,1.0000,LOSS,1532.5962,-13.16
1261,1532.5962,1782.7701,15.3260,1.0000,LOSS,1517.2703,-14.03
1262,1517.2703,1782.7701,15.1727,1.0000,WIN,1532.4430,-14.89
1263,1532.4430,1782.7701,15.3244,1.0000,WIN,1547.7674,-14.04
1264,1547.7674,1782.7701,15.4777,1.0000,WIN,1563.2451,-13.18
1265,1563.2451,1782.7701,15.6325,1.0000,LOSS,1547.6126,-12.31
1266,1547.6126,1782.7701,15.4761,1.0000,LOSS,1532.1365,-13.19
1267,1532.1365,1782.7701,15.3214,1.0000,LOSS,1516.8151,-14.06
1268,1516.8151,1782.7701,15.1682,1.0000,LOSS,1501.6470,-14.92
1269,1501.6470,1782.7701,15.0165,1.0000,WIN,1516.6635,-15.77
1270,1516.6635,1782.7701,15.1666,1.0000,WIN,1531.8301,-14.93
1271,1531.8301,1782.7701,15.3183,1.0000,LOSS,1516.5118,-14.08
1272,1516.5118,1782.7701,15.1651,1.0000,LOSS,1501.3467,-14.94
1273,1501.3467,1782.7701,15.0135,1.0000,WIN,1516.3601,-15.79
1274,1516.3601,1782.7701,15.1636,1.0000,WIN,1531.5237,-14.94
1275,1531.5237,1782.7701,15.3152,1.0000,WIN,1546.8390,-14.09
1276,1546.8390,1782.7701,15.4684,1.0000,WIN,1562.3074,-13.23
1277,1562.3074,1782.7701,15.6231,1.0000,WIN,1577.9304,-12.37
1278,1577.9304,1782.7701,15.7793,1.0000,LOSS,1562.1511,-11.49
1279,1562.1511,1782.7701,15.6215,1.0000,WIN,1577.7726,-12.38
1280,1577.7726,1782.7701,15.7777,1.0000,LOSS,1561.9949,-11.50
1281,1561.9949,1782.7701,15.6199,1.0000,WIN,1577.6149,-12.38
1282,1577.6149,1782.7701,15.7761,1.0000,WIN,1593.3910,-11.51
1283,1593.3910,1782.7701,15.9339,1.0000,LOSS,1577.4571,-10.62
1284,1577.4571,1782.7701,15.7746,1.0000,WIN,1593.2317,-11.52
1285,1593.2317,1782.7701,15.9323,1.0000,LOSS,1577.2994,-10.63
1286,1577.2994,1782.7701,15.7730,1.0000,LOSS,1561.5264,-11.53
1287,1561.5264,1782.7701,15.6153,1.0000,LOSS,1545.9111,-12.41
1288,1545.9111,1782.7701,15.4591,1.0000,LOSS,1530.4520,-13.29
1289,1530.4520,1782.7701,15.3045,1.0000,WIN,1545.7565,-14.15
1290,1545.7565,1782.7701,15.4576,1.0000,WIN,1561.2141,-13.29
1291,1561.2141,1782.7701,15.6121,1.0000,WIN,1576.8262,-12.43
1292,1576.8262,1782.7701,15.7683,1.0000,WIN,1592.5945,-11.55
1293,1592.5945,1782.7701,15.9259,1.0000,WIN,1608.5204,-10.67
1294,1608.5204,1782.7701,16.0852,1.0000,WIN,1624.6056,-9.77
1295,1624.6056,1782.7701,16.2461,1.0000,WIN,1640.8517,-8.87
1296,1640.8517,1782.7701,16.4085,1.0000,LOSS,1624.4432,-7.96
1297,1624.4432,1782.7701,16.2444,1.0000,WIN,1640.6876,-8.88
1298,1640.6876,1782.7701,16.4069,1.0000,LOSS,1624.2807,-7.97
1299,1624.2807,1782.7701,16.2428,1.0000,WIN,1640.5235,-8.89
1300,1640.5235,1782.7701,16.4052,1.0000,WIN,1656.9288,-7.98
1301,1656.9288,1782.7701,16.5693,1.0000,WIN,1673.4981,-7.06
1302,1673.4981,1782.7701,16.7350,1.0000,LOSS,1656.7631,-6.13
1303,1656.7631,1782.7701,16.5676,1.0000,LOSS,1640.1954,-7.07
1304,1640.1954,1782.7701,16.4020,1.0000,LOSS,1623.7935,-8.00
1305,1623.7935,1782.7701,16.2379,1.0000,LOSS,1607.5556,-8.92
1306,1607.5556,1782.7701,16.0756,1.0000,WIN,1623.6311,-9.83
1307,1623.6311,1782.7701,16.2363,1.0000,WIN,1639.8674,-8.93
1308,1639.8674,1782.7701,16.3987,1.0000,LOSS,1623.4687,-8.02
1309,1623.4687,1782.7701,16.2347,1.0000,LOSS,1607.2341,-8.94
1310,1607.2341,1782.7701,16.0723,1.0000,WIN,1623.3064,-9.85
1311,1623.3064,1782.7701,16.2331,1.0000,WIN,1639.5395,-8.94
1312,1639.5395,1782.7701,16.3954,1.0000,LOSS,1623.1441,-8.03
1313,1623.1441,1782.7701,16.2314,1.0000,WIN,1639.3755,-8.95
1314,1639.3755,1782.7701,16.3938,1.0000,WIN,1655.7693,-8.04
1315,1655.7693,1782.7701,16.5577,1.0000,LOSS,1639.2116,-7.12
1316,1639.2116,1782.7701,16.3921,1.0000,WIN,1655.6037,-8.05
1317,1655.6037,1782.7701,16.5560,1.0000,LOSS,1639.0477,-7.13
1318,1639.0477,1782.7701,16.3905,1.0000,WIN,1655.4381,-8.06
1319,1655.4381,1782.7701,16.5544,1.0000,LOSS,1638.8837,-7.14
1320,1638.8837,1782.7701,16.3888,1.0000,LOSS,1622.4949,-8.07
1321,1622.4949,1782.7701,16.2249,1.0000,WIN,1638.7199,-8.99
1322,1638.7199,1782.7701,16.3872,1.0000,WIN,1655.1071,-8.08
1323,1655.1071,1782.7701,16.5511,1.0000,LOSS,1638.5560,-7.16
1324,1638.5560,1782.7701,16.3856,1.0000,WIN,1654.9415,-8.09
1325,1654.9415,1782.7701,16.5494,1.0000,WIN,1671.4910,-7.17
1326,1671.4910,1782.7701,16.7149,1.0000,LOSS,1654.7761,-6.24
1327,1654.7761,1782.7701,16.5478,1.0000,LOSS,1638.2283,-7.18
1328,1638.2283,1782.7701,16.3823,1.0000,WIN,1654.6106,-8.11
1329,1654.6106,1782.7701,16.5461,1.0000,WIN,1671.1567,-7.19
1330,1671.1567,1782.7701,16.7116,1.0000,LOSS,1654.4451,-6.26
1331,1654.4451,1782.7701,16.5445,1.0000,WIN,1670.9896,-7.20
1332,1670.9896,1782.7701,16.7099,1.0000,WIN,1687.6995,-6.27
1333,1687.6995,1782.7701,16.8770,1.0000,WIN,1704.5765,-5.33
1334,1704.5765,1782.7701,17.0458,1.0000,LOSS,1687.5307,-4.39
1335,1687.5307,1782.7701,16.8753,1.0000,WIN,1704.4060,-5.34
1336,1704.4060,1782.7701,17.0441,1.0000,WIN,1721.4501,-4.40
1337,1721.4501,1782.7701,17.2145,1.0000,LOSS,1704.2356,-3.44
1338,1704.2356,1782.7701,17.0424,1.0000,LOSS,1687.1932,-4.41
1339,1687.1932,1782.7701,16.8719,1.0000,LOSS,1670.3213,-5.36
1340,1670.3213,1782.7701,16.7032,1.0000,LOSS,1653.6181,-6.31
1341,1653.6181,1782.7701,16.5362,1.0000,WIN,1670.1542,-7.24
1342,1670.1542,1782.7701,16.7015,1.0000,WIN,1686.8558,-6.32
1343,1686.8558,1782.7701,16.8686,1.0000,WIN,1703.7243,-5.38
1344,1703.7243,1782.7701,17.0372,1.0000,LOSS,1686.6871,-4.43
1345,1686.6871,1782.7701,16.8669,1.0000,LOSS,1669.8202,-5.39
1346,1669.8202,1782.7701,16.6982,1.0000,LOSS,1653.1220,-6.34
1347,1653.1220,1782.7701,16.5312,1.0000,WIN,1669.6532,-7.27
1348,1669.6532,1782.7701,16.6965,1.0000,WIN,1686.3498,-6.35
1349,1686.3498,1782.7701,16.8635,1.0000,LOSS,1669.4863,-5.41
1350,1669.4863,1782.7701,16.6949,1.0000,LOSS,1652.7914,-6.35
1351,1652.7914,1782.7701,16.5279,1.0000,WIN,1669.3193,-7.29
1352,1669.3193,1782.7701,16.6932,1.0000,WIN,1686.0125,-6.36
1353,1686.0125,1782.7701,16.8601,1.0000,LOSS,1669.1524,-5.43
1354,1669.1524,1782.7701,16.6915,1.0000,LOSS,1652.4609,-6.37
1355,1652.4609,1782.7701,16.5246,1.0000,LOSS,1635.9363,-7.31
1356,1635.9363,1782.7701,16.3594,1.0000,WIN,1652.2956,-8.24
1357,1652.2956,1782.7701,16.5230,1.0000,WIN,1668.8186,-7.32
1358,1668.8186,1782.7701,16.6882,1.0000,LOSS,1652.1304,-6.39
1359,1652.1304,1782.7701,16.5213,1.0000,WIN,1668.6517,-7.33
1360,1668.6517,1782.7701,16.6865,1.0000,LOSS,1651.9652,-6.40
1361,1651.9652,1782.7701,16.5197,1.0000,LOSS,1635.4455,-7.34
1362,1635.4455,1782.7701,16.3545,1.0000,LOSS,1619.0911,-8.26
1363,1619.0911,1782.7701,16.1909,1.0000,WIN,1635.2820,-9.18
1364,1635.2820,1782.7701,16.3528,1.0000,LOSS,1618.9292,-8.27
1365,1618.9292,1782.7701,16.1893,1.0000,WIN,1635.1185,-9.19
1366,1635.1185,1782.7701,16.3512,1.0000,WIN,1651.4696,-8.28
1367,1651.4696,1782.7701,16.5147,1.0000,WIN,1667.9843,-7.36
1368,1667.9843,1782.7701,16.6798,1.0000,WIN,1684.6642,-6.44
1369,1684.6642,1782.7701,16.8466,1.0000,WIN,1701.5108,-5.50
1370,1701.5108,1782.7701,17.0151,1.0000,WIN,1718.5259,-4.56
1371,1718.5259,1782.7701,17.1853,1.0000,WIN,1735.7112,-3.60
1372,1735.7112,1782.7701,17.3571,1.0000,WIN,1753.0683,-2.64
1373,1753.0683,1782.7701,17.5307,1.0000,WIN,1770.5990,-1.67
1374,1770.5990,1782.7701,17.7060,1.0000,WIN,1788.3050,-0.68
1375,1788.3050,1788.3050,17.8830,1.0000,WIN,1806.1880,0.00
1376,1806.1880,1806.1880,18.0619,1.0000,LOSS,1788.1261,0.00
1377,1788.1261,1806.1880,17.8813,1.0000,LOSS,1770.2449,-1.00
1378,1770.2449,1806.1880,17.7024,1.0000,WIN,1787.9473,-1.99
1379,1787.9473,1806.1880,17.8795,1.0000,LOSS,1770.0679,-1.01
1380,1770.0679,1806.1880,17.7007,1.0000,LOSS,1752.3672,-2.00
1381,1752.3672,1806.1880,17.5237,1.0000,LOSS,1734.8435,-2.98
1382,1734.8435,1806.1880,17.3484,1.0000,WIN,1752.1919,-3.95
1383,1752.1919,1806.1880,17.5219,1.0000,WIN,1769.7139,-2.99
1384,1769.7139,1806.1880,17.6971,1.0000,LOSS,1752.0167,-2.02
1385,1752.0167,1806.1880,17.5202,1.0000,LOSS,1734.4966,-3.00
1386,1734.4966,1806.1880,17.3450,1.0000,LOSS,1717.1516,-3.97
1387,1717.1516,1806.1880,17.1715,1.0000,LOSS,1699.9801,-4.93
1388,1699.9801,1806.1880,16.9998,1.0000,WIN,1716.9799,-5.88
1389,1716.9799,1806.1880,17.1698,1.0000,LOSS,1699.8101,-4.94
1390,1699.8101,1806.1880,16.9981,1.0000,WIN,1716.8082,-5.89
1391,1716.8082,1806.1880,17.1681,1.0000,LOSS,1699.6401,-4.95
1392,1699.6401,1806.1880,16.9964,1.0000,LOSS,1682.6437,-5.90
1393,1682.6437,1806.1880,16.8264,1.0000,WIN,1699.4701,-6.84
1394,1699.4701,1806.1880,16.9947,1.0000,WIN,1716.4648,-5.91
1395,1716.4648,1806.1880,17.1646,1.0000,LOSS,1699.3002,-4.97
1396,1699.3002,1806.1880,16.9930,1.0000,LOSS,1682.3072,-5.92
1397,1682.3072,1806.1880,16.8231,1.0000,LOSS,1665.4841,-6.86
1398,1665.4841,1806.1880,16.6548,1.0000,LOSS,1648.8293,-7.79
1399,1648.8293,1806.1880,16.4883,1.0000,LOSS,1632.3410,-8.71
1400,1632.3410,1806.1880,16.3234,1.0000,WIN,1648.6644,-9.63
1401,1648.6644,1806.1880,16.4866,1.0000,LOSS,1632.1777,-8.72
1402,1632.1777,1806.1880,16.3218,1.0000,WIN,1648.4995,-9.63
1403,1648.4995,1806.1880,16.4850,1.0000,WIN,1664.9845,-8.73
1404,1664.9845,1806.1880,16.6498,1.0000,LOSS,1648.3347,-7.82
1405,1648.3347,1806.1880,16.4833,1.0000,LOSS,1631.8513,-8.74
1406,1631.8513,1806.1880,16.3185,1.0000,LOSS,1615.5328,-9.65
1407,1615.5328,1806.1880,16.1553,1.0000,LOSS,1599.3775,-10.56
1408,1599.3775,1806.1880,15.9938,1.0000,LOSS,1583.3837,-11.45
1409,1583.3837,1806.1880,15.8338,1.0000,LOSS,1567.5499,-12.34
1410,1567.5499,1806.1880,15.6755,1.0000,WIN,1583.2254,-13.21
1411,1583.2254,1806.1880,15.8323,1.0000,LOSS,1567.3931,-12.34
1412,1567.3931,1806.1880,15.6739,1.0000,LOSS,1551.7192,-13.22
1413,1551.7192,1806.1880,15.5172,1.0000,LOSS,1536.2020,-14.09
1414,1536.2020,1806.1880,15.3620,1.0000,WIN,1551.5640,-14.95
1415,1551.5640,1806.1880,15.5156,1.0000,LOSS,1536.0484,-14.10
1416,1536.0484,1806.1880,15.3605,1.0000,WIN,1551.4089,-14.96
1417,1551.4089,1806.1880,15.5141,1.0000,WIN,1566.9229,-14.11
1418,1566.9229,1806.1880,15.6692,1.0000,WIN,1582.5922,-13.25
1419,1582.5922,1806.1880,15.8259,1.0000,LOSS,1566.7663,-12.38
1420,1566.7663,1806.1880,15.6677,1.0000,WIN,1582.4339,-13.26
1421,1582.4339,1806.1880,15.8243,1.0000,LOSS,1566.6096,-12.39
1422,1566.6096,1806.1880,15.6661,1.0000,WIN,1582.2757,-13.26
1423,1582.2757,1806.1880,15.8228,1.0000,WIN,1598.0984,-12.40
1424,1598.0984,1806.1880,15.9810,1.0000,WIN,1614.0794,-11.52
1425,1614.0794,1806.1880,16.1408,1.0000,WIN,1630.2202,-10.64
1426,1630.2202,1806.1880,16.3022,1.0000,LOSS,1613.9180,-9.74
1427,1613.9180,1806.1880,16.1392,1.0000,WIN,1630.0572,-10.65
1428,1630.0572,1806.1880,16.3006,1.0000,LOSS,1613.7566,-9.75
1429,1613.7566,1806.1880,16.1376,1.0000,LOSS,1597.6190,-10.65
1430,1597.6190,1806.1880,15.9762,1.0000,WIN,1613.5952,-11.55
1431,1613.5952,1806.1880,16.1360,1.0000,WIN,1629.7312,-10.66
1432,1629.7312,1806.1880,16.2973,1.0000,LOSS,1613.4339,-9.77
1433,1613.4339,1806.1880,16.1343,1.0000,WIN,1629.5682,-10.67
1434,1629.5682,1806.1880,16.2957,1.0000,LOSS,1613.2725,-9.78
1435,1613.2725,1806.1880,16.1327,1.0000,WIN,1629.4053,-10.68
1436,1629.4053,1806.1880,16.2941,1.0000,LOSS,1613.1112,-9.79
1437,1613.1112,1806.1880,16.1311,1.0000,LOSS,1596.9801,-10.69
1438,1596.9801,1806.1880,15.9698,1.0000,WIN,1612.9499,-11.58
1439,1612.9499,1806.1880,16.1295,1.0000,WIN,1629.0794,-10.70
1440,1629.0794,1806.1880,16.2908,1.0000,WIN,1645.3702,-9.81
1441,1645.3702,1806.1880,16.4537,1.0000,WIN,1661.8239,-8.90
1442,1661.8239,1806.1880,16.6182,1.0000,WIN,1678.4421,-7.99
1443,1678.4421,1806.1880,16.7844,1.0000,WIN,1695.2266,-7.07
1444,1695.2266,1806.1880,16.9523,1.0000,WIN,1712.1788,-6.14
1445,1712.1788,1806.1880,17.1218,1.0000,LOSS,1695.0570,-5.20
1446,1695.0570,1806.1880,16.9506,1.0000,LOSS,1678.1065,-6.15
1447,1678.1065,1806.1880,16.7811,1.0000,WIN,1694.8875,-7.09
1448,1694.8875,1806.1880,16.9489,1.0000,LOSS,1677.9386,-6.16
1449,1677.9386,1806.1880,16.7794,1.0000,WIN,1694.7180,-7.10
1450,1694.7180,1806.1880,16.9472,1.0000,LOSS,1677.7709,-6.17
1451,1677.7709,1806.1880,16.7777,1.0000,WIN,1694.5486,-7.11
1452,1694.5486,1806.1880,16.9455,1.0000,LOSS,1677.6031,-6.18
1453,1677.6031,1806.1880,16.7760,1.0000,WIN,1694.3791,-7.12
1454,1694.3791,1806.1880,16.9438,1.0000,LOSS,1677.4353,-6.19
1455,1677.4353,1806.1880,16.7744,1.0000,LOSS,1660.6610,-7.13
1456,1660.6610,1806.1880,16.6066,1.0000,LOSS,1644.0544,-8.06
1457,1644.0544,1806.1880,16.4405,1.0000,WIN,1660.4949,-8.98
1458,1660.4949,1806.1880,16.6049,1.0000,LOSS,1643.8899,-8.07
1459,1643.8899,1806.1880,16.4389,1.0000,WIN,1660.3288,-8.99
1460,1660.3288,1806.1880,16.6033,1.0000,WIN,1676.9321,-8.08
1461,1676.9321,1806.1880,16.7693,1.0000,LOSS,1660.1628,-7.16
1462,1660.1628,1806.1880,16.6016,1.0000,WIN,1676.7644,-8.08
1463,1676.7644,1806.1880,16.7676,1.0000,WIN,1693.5321,-7.17
1464,1693.5321,1806.1880,16.9353,1.0000,LOSS,1676.5968,-6.24
1465,1676.5968,1806.1880,16.7660,1.0000,LOSS,1659.8308,-7.17
1466,1659.8308,1806.1880,16.5983,1.0000,LOSS,1643.2325,-8.10
1467,1643.2325,1806.1880,16.4323,1.0000,LOSS,1626.8002,-9.02
1468,1626.8002,1806.1880,16.2680,1.0000,WIN,1643.0682,-9.93
1469,1643.0682,1806.1880,16.4307,1.0000,WIN,1659.4989,-9.03
1470,1659.4989,1806.1880,16.5950,1.0000,LOSS,1642.9039,-8.12
1471,1642.9039,1806.1880,16.4290,1.0000,LOSS,1626.4748,-9.04
1472,1626.4748,1806.1880,16.2647,1.0000,WIN,1642.7396,-9.95
1473,1642.7396,1806.1880,16.4274,1.0000,LOSS,1626.3122,-9.05
1474,1626.3122,1806.1880,16.2631,1.0000,WIN,1642.5753,-9.96
1475,1642.5753,1806.1880,16.4258,1.0000,WIN,1659.0011,-9.06
1476,1659.0011,1806.1880,16.5900,1.0000,WIN,1675.5911,-8.15
1477,1675.5911,1806.1880,16.7559,1.0000,WIN,1692.3470,-7.23
1478,1692.3470,1806.1880,16.9235,1.0000,WIN,1709.2704,-6.30
1479,1709.2704,1806.1880,17.0927,1.0000,WIN,1726.3631,-5.37
1480,1726.3631,1806.1880,17.2636,1.0000,LOSS,1709.0995,-4.42
1481,1709.0995,1806.1880,17.0910,1.0000,LOSS,1692.0085,-5.38
1482,1692.0085,1806.1880,16.9201,1.0000,WIN,1708.9286,-6.32
1483,1708.9286,1806.1880,17.0893,1.0000,LOSS,1691.8393,-5.38
1484,1691.8393,1806.1880,16.9184,1.0000,WIN,1708.7577,-6.33
1485,1708.7577,1806.1880,17.0876,1.0000,WIN,1725.8453,-5.39
1486,1725.8453,1806.1880,17.2585,1.0000,WIN,1743.1037,-4.45
1487,1743.1037,1806.1880,17.4310,1.0000,LOSS,1725.6727,-3.49
1488,1725.6727,1806.1880,17.2567,1.0000,WIN,1742.9294,-4.46
1489,1742.9294,1806.1880,17.4293,1.0000,WIN,1760.3587,-3.50
1490,1760.3587,1806.1880,17.6036,1.0000,WIN,1777.9623,-2.54
1491,1777.9623,1806.1880,17.7796,1.0000,LOSS,1760.1827,-1.56
1492,1760.1827,1806.1880,17.6018,1.0000,WIN,1777.7845,-2.55
1493,1777.7845,1806.1880,17.7778,1.0000,LOSS,1760.0067,-1.57
1494,1760.0067,1806.1880,17.6001,1.0000,LOSS,1742.4066,-2.56
1495,1742.4066,1806.1880,17.4241,1.0000,WIN,1759.8307,-3.53
1496,1759.8307,1806.1880,17.5983,1.0000,WIN,1777.4290,-2.57
1497,1777.4290,1806.1880,17.7743,1.0000,WIN,1795.2033,-1.59
1498,1795.2033,1806.1880,17.9520,1.0000,WIN,1813.1553,-0.61
1499,1813.1553,1813.1553,18.1316,1.0000,LOSS,1795.0237,0.00
1500,1795.0237,1813.1553,17.9502,1.0000,WIN,1812.9740,-1.00
1501,1812.9740,1813.1553,18.1297,1.0000,WIN,1831.1037,-0.01
1502,1831.1037,1831.1037,18.3110,1.0000,WIN,1849.4148,0.00
1503,1849.4148,1849.4148,18.4941,1.0000,WIN,1867.9089,0.00
1504,1867.9089,1867.9089,18.6791,1.0000,WIN,1886.5880,0.00
1505,1886.5880,1886.5880,18.8659,1.0000,LOSS,1867.7221,0.00
1506,1867.7221,1886.5880,18.6772,1.0000,WIN,1886.3993,-1.00
1507,1886.3993,1886.5880,18.8640,1.0000,WIN,1905.2633,-0.01
1508,1905.2633,1905.2633,19.0526,1.0000,LOSS,1886.2107,0.00
1509,1886.2107,1905.2633,18.8621,1.0000,LOSS,1867.3486,-1.00
1510,1867.3486,1905.2633,18.6735,1.0000,WIN,1886.0221,-1.99
1511,1886.0221,1905.2633,18.8602,1.0000,WIN,1904.8823,-1.01
1512,1904.8823,1905.2633,19.0488,1.0000,WIN,1923.9311,-0.02
1513,1923.9311,1923.9311,19.2393,1.0000,WIN,1943.1704,0.00
1514,1943.1704,1943.1704,19.4317,1.0000,LOSS,1923.7387,0.00
1515,1923.7387,1943.1704,19.2374,1.0000,WIN,1942.9761,-1.00
1516,1942.9761,1943.1704,19.4298,1.0000,WIN,1962.4059,-0.01
1517,1962.4059,1962.4059,19.6241,1.0000,WIN,1982.0299,0.00
1518,1982.0299,1982.0299,19.8203,1.0000,WIN,2001.8502,0.00
1519,2001.8502,2001.8502,20.0185,1.0000,WIN,2021.8687,0.00
1520,2021.8687,2021.8687,20.2187,1.0000,LOSS,2001.6501,0.00
1521,2001.6501,2021.8687,20.0165,1.0000,WIN,2021.6666,-1.00
1522,2021.6666,2021.8687,20.2167,1.0000,LOSS,2001.4499,-0.01
1523,2001.4499,2021.8687,20.0145,1.0000,WIN,2021.4644,-1.01
1524,2021.4644,2021.8687,20.2146,1.0000,LOSS,2001.2497,-0.02
1525,2001.2497,2021.8687,20.0125,1.0000,LOSS,1981.2372,-1.02
1526,1981.2372,2021.8687,19.8124,1.0000,WIN,2001.0496,-2.01
1527,2001.0496,2021.8687,20.0105,1.0000,LOSS,1981.0391,-1.03
1528,1981.0391,2021.8687,19.8104,1.0000,LOSS,1961.2287,-2.02
1529,1961.2287,2021.8687,19.6123,1.0000,LOSS,1941.6164,-3.00
1530,1941.6164,2021.8687,19.4162,1.0000,WIN,1961.0326,-3.97
1531,1961.0326,2021.8687,19.6103,1.0000,WIN,1980.6429,-3.01
1532,1980.6429,2021.8687,19.8064,1.0000,LOSS,1960.8365,-2.04
1533,1960.8365,2021.8687,19.6084,1.0000,WIN,1980.4449,-3.02
1534,1980.4449,2021.8687,19.8044,1.0000,LOSS,1960.6404,-2.05
1535,1960.6404,2021.8687,19.6064,1.0000,LOSS,1941.0340,-3.03
1536,1941.0340,2021.8687,19.4103,1.0000,WIN,1960.4444,-4.00
1537,1960.4444,2021.8687,19.6044,1.0000,WIN,1980.0488,-3.04
1538,1980.0488,2021.8687,19.8005,1.0000,LOSS,1960.2483,-2.07
1539,1960.2483,2021.8687,19.6025,1.0000,WIN,1979.8508,-3.05
1540,1979.8508,2021.8687,19.7985,1.0000,WIN,1999.6493,-2.08
1541,1999.6493,2021.8687,19.9965,1.0000,WIN,2019.6458,-1.10
1542,2019.6458,2021.8687,20.1965,1.0000,LOSS,1999.4493,-0.11
1543,1999.4493,2021.8687,19.9945,1.0000,LOSS,1979.4548,-1.11
1544,1979.4548,2021.8687,19.7945,1.0000,WIN,1999.2494,-2.10
1545,1999.2494,2021.8687,19.9925,1.0000,LOSS,1979.2569,-1.12
1546,1979.2569,2021.8687,19.7926,1.0000,LOSS,1959.4643,-2.11
1547,1959.4643,2021.8687,19.5946,1.0000,WIN,1979.0590,-3.09
1548,1979.0590,2021.8687,19.7906,1.0000,WIN,1998.8496,-2.12
1549,1998.8496,2021.8687,19.9885,1.0000,LOSS,1978.8611,-1.14
1550,1978.8611,2021.8687,19.7886,1.0000,LOSS,1959.0725,-2.13
1551,1959.0725,2021.8687,19.5907,1.0000,LOSS,1939.4817,-3.11
1552,1939.4817,2021.8687,19.3948,1.0000,WIN,1958.8765,-4.07
1553,1958.8765,2021.8687,19.5888,1.0000,WIN,1978.4653,-3.12
1554,1978.4653,2021.8687,19.7847,1.0000,WIN,1998.2500,-2.15
1555,1998.2500,2021.8687,19.9825,1.0000,LOSS,1978.2675,-1.17
1556,1978.2675,2021.8687,19.7827,1.0000,LOSS,1958.4848,-2.16
1557,1958.4848,2021.8687,19.5848,1.0000,LOSS,1938.8999,-3.13
1558,1938.8999,2021.8687,19.3890,1.0000,LOSS,1919.5109,-4.10
1559,1919.5109,2021.8687,19.1951,1.0000,WIN,1938.7061,-5.06
1560,1938.7061,2021.8687,19.3871,1.0000,WIN,1958.0931,-4.11
1561,1958.0931,2021.8687,19.5809,1.0000,WIN,1977.6740,-3.15
1562,1977.6740,2021.8687,19.7767,1.0000,WIN,1997.4508,-2.19
1563,1997.4508,2021.8687,19.9745,1.0000,LOSS,1977.4763,-1.21
1564,1977.4763,2021.8687,19.7748,1.0000,WIN,1997.2510,-2.20
1565,1997.2510,2021.8687,19.9725,1.0000,WIN,2017.2236,-1.22
1566,2017.2236,2021.8687,20.1722,1.0000,WIN,2037.3958,-0.23
1567,2037.3958,2037.3958,20.3740,1.0000,LOSS,2017.0218,0.00
1568,2017.0218,2037.3958,20.1702,1.0000,WIN,2037.1920,-1.00
1569,2037.1920,2037.3958,20.3719,1.0000,WIN,2057.5640,-0.01
1570,2057.5640,2057.5640,20.5756,1.0000,LOSS,2036.9883,0.00
1571,2036.9883,2057.5640,20.3699,1.0000,WIN,2057.3582,-1.00
1572,2057.3582,2057.5640,20.5736,1.0000,WIN,2077.9318,-0.01
1573,2077.9318,2077.9318,20.7793,1.0000,WIN,2098.7111,0.00
1574,2098.7111,2098.7111,20.9871,1.0000,WIN,2119.6982,0.00
1575,2119.6982,2119.6982,21.1970,1.0000,WIN,2140.8952,0.00
1576,2140.8952,2140.8952,21.4090,1.0000,WIN,2162.3042,0.00
1577,2162.3042,2162.3042,21.6230,1.0000,WIN,2183.9272,0.00
1578,2183.9272,2183.9272,21.8393,1.0000,WIN,2205.7665,0.00
1579,2205.7665,2205.7665,22.0577,1.0000,LOSS,2183.7088,0.00
1580,2183.7088,2205.7665,21.8371,1.0000,LOSS,2161.8717,-1.00
1581,2161.8717,2205.7665,21.6187,1.0000,LOSS,2140.2530,-1.99
1582,2140.2530,2205.7665,21.4025,1.0000,LOSS,2118.8505,-2.97
1583,2118.8505,2205.7665,21.1885,1.0000,LOSS,2097.6620,-3.94
1584,2097.6620,2205.7665,20.9766,1.0000,LOSS,2076.6853,-4.90
1585,2076.6853,2205.7665,20.7669,1.0000,LOSS,2055.9185,-5.85
1586,2055.9185,2205.7665,20.5592,1.0000,LOSS,2035.3593,-6.79
1587,2035.3593,2205.7665,20.3536,1.0000,WIN,2055.7129,-7.73
1588,2055.7129,2205.7665,20.5571,1.0000,WIN,2076.2700,-6.80
1589,2076.2700,2205.7665,20.7627,1.0000,WIN,2097.0327,-5.87
1590,2097.0327,2205.7665,20.9703,1.0000,WIN,2118.0031,-4.93
1591,2118.0031,2205.7665,21.1800,1.0000,WIN,2139.1831,-3.98
1592,2139.1831,2205.7665,21.3918,1.0000,LOSS,2117.7913,-3.02
1593,2117.7913,2205.7665,21.1779,1.0000,LOSS,2096.6133,-3.99
1594,2096.6133,2205.7665,20.9661,1.0000,WIN,2117.5795,-4.95
1595,2117.5795,2205.7665,21.1758,1.0000,LOSS,2096.4037,-4.00
1596,2096.4037,2205.7665,20.9640,1.0000,WIN,2117.3677,-4.96
1597,2117.3677,2205.7665,21.1737,1.0000,WIN,2138.5414,-4.01
1598,2138.5414,2205.7665,21.3854,1.0000,LOSS,2117.1560,-3.05
1599,2117.1560,2205.7665,21.1716,1.0000,LOSS,2095.9844,-4.02
1600,2095.9844,2205.7665,20.9598,1.0000,LOSS,2075.0246,-4.98
1601,2075.0246,2205.7665,20.7502,1.0000,WIN,2095.7748,-5.93
1602,2095.7748,2205.7665,20.9577,1.0000,WIN,2116.7326,-4.99
1603,2116.7326,2205.7665,21.1673,1.0000,LOSS,2095.5652,-4.04
1604,2095.5652,2205.7665,20.9557,1.0000,WIN,2116.5209,-5.00
1605,2116.5209,2205.7665,21.1652,1.0000,WIN,2137.6861,-4.05
1606,2137.6861,2205.7665,21.3769,1.0000,WIN,2159.0630,-3.09
1607,2159.0630,2205.7665,21.5906,1.0000,LOSS,2137.4723,-2.12
1608,2137.4723,2205.7665,21.3747,1.0000,WIN,2158.8471,-3.10
1609,2158.8471,2205.7665,21.5885,1.0000,LOSS,2137.2586,-2.13
1610,2137.2586,2205.7665,21.3726,1.0000,LOSS,2115.8860,-3.11
1611,2115.8860,2205.7665,21.1589,1.0000,LOSS,2094.7271,-4.07
1612,2094.7271,2205.7665,20.9473,1.0000,WIN,2115.6744,-5.03
1613,2115.6744,2205.7665,21.1567,1.0000,WIN,2136.8312,-4.08
1614,2136.8312,2205.7665,21.3683,1.0000,LOSS,2115.4629,-3.13
1615,2115.4629,2205.7665,21.1546,1.0000,WIN,2136.6175,-4.09
1616,2136.6175,2205.7665,21.3662,1.0000,LOSS,2115.2513,-3.13
1617,2115.2513,2205.7665,21.1525,1.0000,WIN,2136.4038,-4.10
1618,2136.4038,2205.7665,21.3640,1.0000,LOSS,2115.0398,-3.14
1619,2115.0398,2205.7665,21.1504,1.0000,LOSS,2093.8894,-4.11
1620,2093.8894,2205.7665,20.9389,1.0000,LOSS,2072.9505,-5.07
1621,2072.9505,2205.7665,20.7295,1.0000,WIN,2093.6800,-6.02
1622,2093.6800,2205.7665,20.9368,1.0000,WIN,2114.6168,-5.08
1623,2114.6168,2205.7665,21.1462,1.0000,LOSS,2093.4706,-4.13
1624,2093.4706,2205.7665,20.9347,1.0000,WIN,2114.4053,-5.09
1625,2114.4053,2205.7665,21.1441,1.0000,LOSS,2093.2613,-4.14
1626,2093.2613,2205.7665,20.9326,1.0000,LOSS,2072.3287,-5.10
1627,2072.3287,2205.7665,20.7233,1.0000,LOSS,2051.6054,-6.05
1628,2051.6054,2205.7665,20.5161,1.0000,LOSS,2031.0893,-6.99
1629,2031.0893,2205.7665,20.3109,1.0000,LOSS,2010.7784,-7.92
1630,2010.7784,2205.7665,20.1078,1.0000,WIN,2030.8862,-8.84
1631,2030.8862,2205.7665,20.3089,1.0000,LOSS,2010.5774,-7.93
1632,2010.5774,2205.7665,20.1058,1.0000,WIN,2030.6831,-8.85
1633,2030.6831,2205.7665,20.3068,1.0000,LOSS,2010.3763,-7.94
1634,2010.3763,2205.7665,20.1038,1.0000,WIN,2030.4801,-8.86
1635,2030.4801,2205.7665,20.3048,1.0000,WIN,2050.7849,-7.95
1636,2050.7849,2205.7665,20.5078,1.0000,WIN,2071.2927,-7.03
1637,2071.2927,2205.7665,20.7129,1.0000,LOSS,2050.5798,-6.10
1638,2050.5798,2205.7665,20.5058,1.0000,WIN,2071.0856,-7.04
1639,2071.0856,2205.7665,20.7109,1.0000,WIN,2091.7964,-6.11
1640,2091.7964,2205.7665,20.9180,1.0000,LOSS,2070.8785,-5.17
1641,2070.8785,2205.7665,20.7088,1.0000,WIN,2091.5873,-6.12
1642,2091.5873,2205.7665,20.9159,1.0000,LOSS,2070.6714,-5.18
1643,2070.6714,2205.7665,20.7067,1.0000,WIN,2091.3781,-6.12
1644,2091.3781,2205.7665,20.9138,1.0000,LOSS,2070.4643,-5.19
1645,2070.4643,2205.7665,20.7046,1.0000,LOSS,2049.7597,-6.13
1646,2049.7597,2205.7665,20.4976,1.0000,WIN,2070.2573,-7.07
1647,2070.2573,2205.7665,20.7026,1.0000,LOSS,2049.5547,-6.14
1648,2049.5547,2205.7665,20.4955,1.0000,LOSS,2029.0591,-7.08
1649,2029.0591,2205.7665,20.2906,1.0000,LOSS,2008.7686,-8.01
1650,2008.7686,2205.7665,20.0877,1.0000,LOSS,1988.6809,-8.93
1651,1988.6809,2205.7665,19.8868,1.0000,LOSS,1968.7941,-9.84
1652,1968.7941,2205.7665,19.6879,1.0000,LOSS,1949.1061,-10.74
1653,1949.1061,2205.7665,19.4911,1.0000,LOSS,1929.6151,-11.64
1654,1929.6151,2205.7665,19.2962,1.0000,LOSS,1910.3189,-12.52
1655,1910.3189,2205.7665,19.1032,1.0000,WIN,1929.4221,-13.39
1656,1929.4221,2205.7665,19.2942,1.0000,WIN,1948.7163,-12.53
1657,1948.7163,2205.7665,19.4872,1.0000,WIN,1968.2035,-11.65
1658,1968.2035,2205.7665,19.6820,1.0000,WIN,1987.8855,-10.77
1659,1987.8855,2205.7665,19.8789,1.0000,LOSS,1968.0067,-9.88
1660,1968.0067,2205.7665,19.6801,1.0000,WIN,1987.6867,-10.78
1661,1987.6867,2205.7665,19.8769,1.0000,WIN,2007.5636,-9.89
1662,2007.5636,2205.7665,20.0756,1.0000,WIN,2027.6392,-8.99
1663,2027.6392,2205.7665,20.2764,1.0000,WIN,2047.9156,-8.08
1664,2047.9156,2205.7665,20.4792,1.0000,WIN,2068.3948,-7.16
1665,2068.3948,2205.7665,20.6839,1.0000,WIN,2089.0787,-6.23
1666,2089.0787,2205.7665,20.8908,1.0000,LOSS,2068.1879,-5.29
1667,2068.1879,2205.7665,20.6819,1.0000,WIN,2088.8698,-6.24
1668,2088.8698,2205.7665,20.8887,1.0000,WIN,2109.7585,-5.30
1669,2109.7585,2205.7665,21.0976,1.0000,LOSS,2088.6609,-4.35
1670,2088.6609,2205.7665,20.8866,1.0000,WIN,2109.5475,-5.31
1671,2109.5475,2205.7665,21.0955,1.0000,WIN,2130.6430,-4.36
1672,2130.6430,2205.7665,21.3064,1.0000,WIN,2151.9495,-3.41
1673,2151.9495,2205.7665,21.5195,1.0000,WIN,2173.4689,-2.44
1674,2173.4689,2205.7665,21.7347,1.0000,LOSS,2151.7343,-1.46
1675,2151.7343,2205.7665,21.5173,1.0000,LOSS,2130.2169,-2.45
1676,2130.2169,2205.7665,21.3022,1.0000,LOSS,2108.9147,-3.43
1677,2108.9147,2205.7665,21.0891,1.0000,LOSS,2087.8256,-4.39
1678,2087.8256,2205.7665,20.8783,1.0000,WIN,2108.7039,-5.35
1679,2108.7039,2205.7665,21.0870,1.0000,WIN,2129.7909,-4.40
1680,2129.7909,2205.7665,21.2979,1.0000,WIN,2151.0888,-3.44
1681,2151.0888,2205.7665,21.5109,1.0000,WIN,2172.5997,-2.48
1682,2172.5997,2205.7665,21.7260,1.0000,WIN,2194.3257,-1.50
1683,2194.3257,2205.7665,21.9433,1.0000,WIN,2216.2689,-0.52
1684,2216.2689,2216.2689,22.1627,1.0000,WIN,2238.4316,0.00
1685,2238.4316,2238.4316,22.3843,1.0000,LOSS,2216.0473,0.00
1686,2216.0473,2238.4316,22.1605,1.0000,WIN,2238.2078,-1.00
1687,2238.2078,2238.4316,22.3821,1.0000,LOSS,2215.8257,-0.01
1688,2215.8257,2238.4316,22.1583,1.0000,LOSS,2193.6675,-1.01
1689,2193.6675,2238.4316,21.9367,1.0000,LOSS,2171.7308,-2.00
1690,2171.7308,2238.4316,21.7173,1.0000,LOSS,2150.0135,-2.98
1691,2150.0135,2238.4316,21.5001,1.0000,LOSS,2128.5133,-3.95
1692,2128.5133,2238.4316,21.2851,1.0000,LOSS,2107.2282,-4.91
1693,2107.2282,2238.4316,21.0723,1.0000,WIN,2128.3005,-5.86
1694,2128.3005,2238.4316,21.2830,1.0000,LOSS,2107.0175,-4.92
1695,2107.0175,2238.4316,21.0702,1.0000,LOSS,2085.9473,-5.87
1696,2085.9473,2238.4316,20.8595,1.0000,WIN,2106.8068,-6.81
1697,2106.8068,2238.4316,21.0681,1.0000,LOSS,2085.7387,-5.88
1698,2085.7387,2238.4316,20.8574,1.0000,LOSS,2064.8813,-6.82
1699,2064.8813,2238.4316,20.6488,1.0000,LOSS,2044.2325,-7.75
1700,2044.2325,2238.4316,20.4423,1.0000,WIN,2064.6748,-8.68
1701,2064.6748,2238.4316,20.6467,1.0000,LOSS,2044.0281,-7.76
1702,2044.0281,2238.4316,20.4403,1.0000,WIN,2064.4684,-8.68
1703,2064.4684,2238.4316,20.6447,1.0000,WIN,2085.1131,-7.77
1704,2085.1131,2238.4316,20.8511,1.0000,WIN,2105.9642,-6.85
1705,2105.9642,2238.4316,21.0596,1.0000,LOSS,2084.9045,-5.92
1706,2084.9045,2238.4316,20.8490,1.0000,LOSS,2064.0555,-6.86
1707,2064.0555,2238.4316,20.6406,1.0000,LOSS,2043.4149,-7.79
1708,2043.4149,2238.4316,20.4341,1.0000,WIN,2063.8491,-8.71
1709,2063.8491,2238.4316,20.6385,1.0000,WIN,2084.4876,-7.80
1710,2084.4876,2238.4316,20.8449,1.0000,WIN,2105.3325,-6.88
1711,2105.3325,2238.4316,21.0533,1.0000,LOSS,2084.2791,-5.95
1712,2084.2791,2238.4316,20.8428,1.0000,LOSS,2063.4363,-6.89
1713,2063.4363,2238.4316,20.6344,1.0000,LOSS,2042.8020,-7.82
1714,2042.8020,2238.4316,20.4280,1.0000,LOSS,2022.3740,-8.74
1715,2022.3740,2238.4316,20.2237,1.0000,WIN,2042.5977,-9.65
1716,2042.5977,2238.4316,20.4260,1.0000,WIN,2063.0237,-8.75
1717,2063.0237,2238.4316,20.6302,1.0000,LOSS,2042.3934,-7.84
1718,2042.3934,2238.4316,20.4239,1.0000,LOSS,2021.9695,-8.76
1719,2021.9695,2238.4316,20.2197,1.0000,LOSS,2001.7498,-9.67
1720,2001.7498,2238.4316,20.0175,1.0000,LOSS,1981.7323,-10.57
1721,1981.7323,2238.4316,19.8173,1.0000,LOSS,1961.9150,-11.47
1722,1961.9150,2238.4316,19.6191,1.0000,LOSS,1942.2958,-12.35
1723,1942.2958,2238.4316,19.4230,1.0000,LOSS,1922.8729,-13.23
1724,1922.8729,2238.4316,19.2287,1.0000,LOSS,1903.6441,-14.10
1725,1903.6441,2238.4316,19.0364,1.0000,WIN,1922.6806,-14.96
1726,1922.6806,2238.4316,19.2268,1.0000,LOSS,1903.4538,-14.11
1727,1903.4538,2238.4316,19.0345,1.0000,LOSS,1884.4192,-14.96
1728,1884.4192,2238.4316,18.8442,1.0000,WIN,1903.2634,-15.82
1729,1903.2634,2238.4316,19.0326,1.0000,WIN,1922.2961,-14.97
1730,1922.2961,2238.4316,19.2230,1.0000,LOSS,1903.0731,-14.12
1731,1903.0731,2238.4316,19.0307,1.0000,LOSS,1884.0424,-14.98
1732,1884.0424,2238.4316,18.8404,1.0000,WIN,1902.8828,-15.83
1733,1902.8828,2238.4316,19.0288,1.0000,WIN,1921.9116,-14.99
1734,1921.9116,2238.4316,19.2191,1.0000,LOSS,1902.6925,-14.14
1735,1902.6925,2238.4316,19.0269,1.0000,WIN,1921.7194,-15.00
1736,1921.7194,2238.4316,19.2172,1.0000,LOSS,1902.5022,-14.15
1737,1902.5022,2238.4316,19.0250,1.0000,WIN,1921.5273,-15.01
1738,1921.5273,2238.4316,19.2153,1.0000,WIN,1940.7425,-14.16
1739,1940.7425,2238.4316,19.4074,1.0000,LOSS,1921.3351,-13.30
1740,1921.3351,2238.4316,19.2134,1.0000,LOSS,1902.1218,-14.17
1741,1902.1218,2238.4316,19.0212,1.0000,LOSS,1883.1005,-15.02
1742,1883.1005,2238.4316,18.8310,1.0000,WIN,1901.9316,-15.87
1743,1901.9316,2238.4316,19.0193,1.0000,LOSS,1882.9122,-15.03
1744,1882.9122,2238.4316,18.8291,1.0000,LOSS,1864.0831,-15.88
1745,1864.0831,2238.4316,18.6408,1.0000,WIN,1882.7239,-16.72
1746,1882.7239,2238.4316,18.8272,1.0000,WIN,1901.5512,-15.89
1747,1901.5512,2238.4316,19.0155,1.0000,LOSS,1882.5357,-15.05
1748,1882.5357,2238.4316,18.8254,1.0000,LOSS,1863.7103,-15.90
1749,1863.7103,2238.4316,18.6371,1.0000,WIN,1882.3474,-16.74
1750,1882.3474,2238.4316,18.8235,1.0000,WIN,1901.1709,-15.91
1751,1901.1709,2238.4316,19.0117,1.0000,WIN,1920.1826,-15.07
1752,1920.1826,2238.4316,19.2018,1.0000,WIN,1939.3844,-14.22
1753,1939.3844,2238.4316,19.3938,1.0000,LOSS,1919.9906,-13.36
1754,1919.9906,2238.4316,19.1999,1.0000,LOSS,1900.7907,-14.23
1755,1900.7907,2238.4316,19.0079,1.0000,WIN,1919.7986,-15.08
1756,1919.7986,2238.4316,19.1980,1.0000,WIN,1938.9966,-14.23
1757,1938.9966,2238.4316,19.3900,1.0000,LOSS,1919.6066,-13.38
1758,1919.6066,2238.4316,19.1961,1.0000,WIN,1938.8027,-14.24
1759,1938.8027,2238.4316,19.3880,1.0000,WIN,1958.1907,-13.39
1760,1958.1907,2238.4316,19.5819,1.0000,LOSS,1938.6088,-12.52
1761,1938.6088,2238.4316,19.3861,1.0000,LOSS,1919.2227,-13.39
1762,1919.2227,2238.4316,19.1922,1.0000,LOSS,1900.0305,-14.26
1763,1900.0305,2238.4316,19.0003,1.0000,LOSS,1881.0302,-15.12
1764,1881.0302,2238.4316,18.8103,1.0000,WIN,1899.8405,-15.97
1765,1899.8405,2238.4316,18.9984,1.0000,WIN,1918.8389,-15.13
1766,1918.8389,2238.4316,19.1884,1.0000,WIN,1938.0273,-14.28
1767,1938.0273,2238.4316,19.3803,1.0000,LOSS,1918.6470,-13.42
1768,1918.6470,2238.4316,19.1865,1.0000,LOSS,1899.4605,-14.29
1769,1899.4605,2238.4316,18.9946,1.0000,LOSS,1880.4659,-15.14
1770,1880.4659,2238.4316,18.8047,1.0000,WIN,1899.2706,-15.99
1771,1899.2706,2238.4316,18.9927,1.0000,LOSS,1880.2779,-15.15
1772,1880.2779,2238.4316,18.8028,1.0000,WIN,1899.0807,-16.00
1773,1899.0807,2238.4316,18.9908,1.0000,WIN,1918.0715,-15.16
1774,1918.0715,2238.4316,19.1807,1.0000,LOSS,1898.8907,-14.31
1775,1898.8907,2238.4316,18.9889,1.0000,LOSS,1879.9018,-15.17
1776,1879.9018,2238.4316,18.7990,1.0000,WIN,1898.7009,-16.02
1777,1898.7009,2238.4316,18.9870,1.0000,LOSS,1879.7138,-15.18
1778,1879.7138,2238.4316,18.7971,1.0000,LOSS,1860.9167,-16.03
1779,1860.9167,2238.4316,18.6092,1.0000,WIN,1879.5259,-16.87
1780,1879.5259,2238.4316,18.7953,1.0000,WIN,1898.3211,-16.03
1781,1898.3211,2238.4316,18.9832,1.0000,WIN,1917.3043,-15.19
1782,1917.3043,2238.4316,19.1730,1.0000,WIN,1936.4774,-14.35
1783,1936.4774,2238.4316,19.3648,1.0000,LOSS,1917.1126,-13.49
1784,1917.1126,2238.4316,19.1711,1.0000,LOSS,1897.9415,-14.35
1785,1897.9415,2238.4316,18.9794,1.0000,LOSS,1878.9621,-15.21
1786,1878.9621,2238.4316,18.7896,1.0000,WIN,1897.7517,-16.06
1787,1897.7517,2238.4316,18.9775,1.0000,LOSS,1878.7742,-15.22
1788,1878.7742,2238.4316,18.7877,1.0000,WIN,1897.5619,-16.07
1789,1897.5619,2238.4316,18.9756,1.0000,WIN,1916.5375,-15.23
1790,1916.5375,2238.4316,19.1654,1.0000,WIN,1935.7029,-14.38
1791,1935.7029,2238.4316,19.3570,1.0000,LOSS,1916.3459,-13.52
1792,1916.3459,2238.4316,19.1635,1.0000,WIN,1935.5093,-14.39
1793,1935.5093,2238.4316,19.3551,1.0000,LOSS,1916.1543,-13.53
1794,1916.1543,2238.4316,19.1615,1.0000,WIN,1935.3158,-14.40
1795,1935.3158,2238.4316,19.3532,1.0000,LOSS,1915.9626,-13.54
1796,1915.9626,2238.4316,19.1596,1.0000,LOSS,1896.8030,-14.41
1797,1896.8030,2238.4316,18.9680,1.0000,WIN,1915.7710,-15.26
1798,1915.7710,2238.4316,19.1577,1.0000,LOSS,1896.6133,-14.41
1799,1896.6133,2238.4316,18.9661,1.0000,WIN,1915.5795,-15.27
1800,1915.5795,2238.4316,19.1558,1.0000,LOSS,1896.4237,-14.42
1801,1896.4237,2238.4316,18.9642,1.0000,LOSS,1877.4594,-15.28
1802,1877.4594,2238.4316,18.7746,1.0000,WIN,1896.2340,-16.13
1803,1896.2340,2238.4316,18.9623,1.0000,LOSS,1877.2717,-15.29
1804,1877.2717,2238.4316,18.7727,1.0000,WIN,1896.0444,-16.13
1805,1896.0444,2238.4316,18.9604,1.0000,WIN,1915.0048,-15.30
1806,1915.0048,2238.4316,19.1500,1.0000,LOSS,1895.8548,-14.45
1807,1895.8548,2238.4316,18.9585,1.0000,LOSS,1876.8962,-15.30
1808,1876.8962,2238.4316,18.7690,1.0000,WIN,1895.6652,-16.15
1809,1895.6652,2238.4316,18.9567,1.0000,WIN,1914.6219,-15.31
1810,1914.6219,2238.4316,19.1462,1.0000,WIN,1933.7681,-14.47
1811,1933.7681,2238.4316,19.3377,1.0000,WIN,1953.1058,-13.61
1812,1953.1058,2238.4316,19.5311,1.0000,WIN,1972.6368,-12.75
1813,1972.6368,2238.4316,19.7264,1.0000,LOSS,1952.9105,-11.87
1814,1952.9105,2238.4316,19.5291,1.0000,LOSS,1933.3813,-12.76
1815,1933.3813,2238.4316,19.3338,1.0000,LOSS,1914.0475,-13.63
1816,1914.0475,2238.4316,19.1405,1.0000,LOSS,1894.9071,-14.49
1817,1894.9071,2238.4316,18.9491,1.0000,LOSS,1875.9580,-15.35
1818,1875.9580,2238.4316,18.7596,1.0000,LOSS,1857.1984,-16.19
1819,1857.1984,2238.4316,18.5720,1.0000,LOSS,1838.6264,-17.03
1820,1838.6264,2238.4316,18.3863,1.0000,LOSS,1820.2402,-17.86
1821,1820.2402,2238.4316,18.2024,1.0000,WIN,1838.4426,-18.68
1822,1838.4426,2238.4316,18.3844,1.0000,LOSS,1820.0581,-17.87
1823,1820.0581,2238.4316,18.2006,1.0000,LOSS,1801.8576,-18.69
1824,1801.8576,2238.4316,18.0186,1.0000,LOSS,1783.8390,-19.50
1825,1783.8390,2238.4316,17.8384,1.0000,LOSS,1766.0006,-20.31
1826,1766.0006,2238.4316,17.6600,1.0000,WIN,1783.6606,-21.11
1827,1783.6606,2238.4316,17.8366,1.0000,WIN,1801.4972,-20.32
1828,1801.4972,2238.4316,18.0150,1.0000,WIN,1819.5122,-19.52
1829,1819.5122,2238.4316,18.1951,1.0000,WIN,1837.7073,-18.71
1830,1837.7073,2238.4316,18.3771,1.0000,LOSS,1819.3302,-17.90
1831,1819.3302,2238.4316,18.1933,1.0000,WIN,1837.5235,-18.72
1832,1837.5235,2238.4316,18.3752,1.0000,LOSS,1819.1483,-17.91
1833,1819.1483,2238.4316,18.1915,1.0000,WIN,1837.3398,-18.73
1834,1837.3398,2238.4316,18.3734,1.0000,WIN,1855.7132,-17.92
1835,1855.7132,2238.4316,18.5571,1.0000,WIN,1874.2703,-17.10
1836,1874.2703,2238.4316,18.7427,1.0000,WIN,1893.0130,-16.27
1837,1893.0130,2238.4316,18.9301,1.0000,WIN,1911.9431,-15.43
1838,1911.9431,2238.4316,19.1194,1.0000,WIN,1931.0626,-14.59
1839,1931.0626,2238.4316,19.3106,1.0000,WIN,1950.3732,-13.73
1840,1950.3732,2238.4316,19.5037,1.0000,WIN,1969.8769,-12.87
1841,1969.8769,2238.4316,19.6988,1.0000,LOSS,1950.1782,-12.00
1842,1950.1782,2238.4316,19.5018,1.0000,LOSS,1930.6764,-12.88
1843,1930.6764,2238.4316,19.3068,1.0000,WIN,1949.9831,-13.75
1844,1949.9831,2238.4316,19.4998,1.0000,LOSS,1930.4833,-12.89
1845,1930.4833,2238.4316,19.3048,1.0000,WIN,1949.7881,-13.76
1846,1949.7881,2238.4316,19.4979,1.0000,LOSS,1930.2903,-12.89
1847,1930.2903,2238.4316,19.3029,1.0000,LOSS,1910.9874,-13.77
1848,1910.9874,2238.4316,19.1099,1.0000,WIN,1930.0972,-14.63
1849,1930.0972,2238.4316,19.3010,1.0000,WIN,1949.3982,-13.77
1850,1949.3982,2238.4316,19.4940,1.0000,WIN,1968.8922,-12.91
1851,1968.8922,2238.4316,19.6889,1.0000,LOSS,1949.2033,-12.04
1852,1949.2033,2238.4316,19.4920,1.0000,LOSS,1929.7112,-12.92
1853,1929.7112,2238.4316,19.2971,1.0000,WIN,1949.0083,-13.79
1854,1949.0083,2238.4316,19.4901,1.0000,WIN,1968.4984,-12.93
1855,1968.4984,2238.4316,19.6850,1.0000,LOSS,1948.8134,-12.06
1856,1948.8134,2238.4316,19.4881,1.0000,WIN,1968.3016,-12.94
1857,1968.3016,2238.4316,19.6830,1.0000,LOSS,1948.6186,-12.07
1858,1948.6186,2238.4316,19.4862,1.0000,LOSS,1929.1324,-12.95
1859,1929.1324,2238.4316,19.2913,1.0000,WIN,1948.4237,-13.82
1860,1948.4237,2238.4316,19.4842,1.0000,LOSS,1928.9395,-12.96
1861,1928.9395,2238.4316,19.2894,1.0000,LOSS,1909.6501,-13.83
1862,1909.6501,2238.4316,19.0965,1.0000,LOSS,1890.5536,-14.69
1863,1890.5536,2238.4316,18.9055,1.0000,LOSS,1871.6480,-15.54
1864,1871.6480,2238.4316,18.7165,1.0000,WIN,1890.3645,-16.39
1865,1890.3645,2238.4316,18.9036,1.0000,LOSS,1871.4609,-15.55
1866,1871.4609,2238.4316,18.7146,1.0000,WIN,1890.1755,-16.39
1867,1890.1755,2238.4316,18.9018,1.0000,WIN,1909.0772,-15.56
1868,1909.0772,2238.4316,19.0908,1.0000,LOSS,1889.9865,-14.71
1869,1889.9865,2238.4316,18.8999,1.0000,WIN,1908.8863,-15.57
1870,1908.8863,2238.4316,19.0889,1.0000,LOSS,1889.7975,-14.72
1871,1889.7975,2238.4316,18.8980,1.0000,LOSS,1870.8995,-15.57
1872,1870.8995,2238.4316,18.7090,1.0000,WIN,1889.6085,-16.42
1873,1889.6085,2238.4316,18.8961,1.0000,LOSS,1870.7124,-15.58
1874,1870.7124,2238.4316,18.7071,1.0000,LOSS,1852.0053,-16.43
1875,1852.0053,2238.4316,18.5201,1.0000,WIN,1870.5253,-17.26
1876,1870.5253,2238.4316,18.7053,1.0000,LOSS,1851.8201,-16.44
1877,1851.8201,2238.4316,18.5182,1.0000,WIN,1870.3383,-17.27
1878,1870.3383,2238.4316,18.7034,1.0000,WIN,1889.0417,-16.44
1879,1889.0417,2238.4316,18.8904,1.0000,WIN,1907.9321,-15.61
1880,1907.9321,2238.4316,19.0793,1.0000,LOSS,1888.8527,-14.76
1881,1888.8527,2238.4316,18.8885,1.0000,LOSS,1869.9642,-15.62
1882,1869.9642,2238.4316,18.6996,1.0000,LOSS,1851.2646,-16.46
1883,1851.2646,2238.4316,18.5126,1.0000,LOSS,1832.7519,-17.30
1884,1832.7519,2238.4316,18.3275,1.0000,WIN,1851.0794,-18.12
1885,1851.0794,2238.4316,18.5108,1.0000,WIN,1869.5902,-17.30
1886,1869.5902,2238.4316,18.6959,1.0000,LOSS,1850.8943,-16.48
1887,1850.8943,2238.4316,18.5089,1.0000,LOSS,1832.3854,-17.31
1888,1832.3854,2238.4316,18.3239,1.0000,LOSS,1814.0615,-18.14
1889,1814.0615,2238.4316,18.1406,1.0000,LOSS,1795.9209,-18.96
1890,1795.9209,2238.4316,17.9592,1.0000,LOSS,1777.9617,-19.77
1891,1777.9617,2238.4316,17.7796,1.0000,LOSS,1760.1821,-20.57
1892,1760.1821,2238.4316,17.6018,1.0000,WIN,1777.7839,-21.37
1893,1777.7839,2238.4316,17.7778,1.0000,WIN,1795.5618,-20.58
1894,1795.5618,2238.4316,17.9556,1.0000,LOSS,1777.6061,-19.78
1895,1777.6061,2238.4316,17.7761,1.0000,LOSS,1759.8301,-20.59
1896,1759.8301,2238.4316,17.5983,1.0000,LOSS,1742.2318,-21.38
1897,1742.2318,2238.4316,17.4223,1.0000,WIN,1759.6541,-22.17
1898,1759.6541,2238.4316,17.5965,1.0000,WIN,1777.2506,-21.39
1899,1777.2506,2238.4316,17.7725,1.0000,WIN,1795.0231,-20.60
1900,1795.0231,2238.4316,17.9502,1.0000,LOSS,1777.0729,-19.81
1901,1777.0729,2238.4316,17.7707,1.0000,LOSS,1759.3022,-20.61
1902,1759.3022,2238.4316,17.5930,1.0000,WIN,1776.8952,-21.40
1903,1776.8952,2238.4316,17.7690,1.0000,LOSS,1759.1263,-20.62
1904,1759.1263,2238.4316,17.5913,1.0000,LOSS,1741.5350,-21.41
1905,1741.5350,2238.4316,17.4153,1.0000,LOSS,1724.1196,-22.20
1906,1724.1196,2238.4316,17.2412,1.0000,WIN,1741.3608,-22.98
1907,1741.3608,2238.4316,17.4136,1.0000,WIN,1758.7744,-22.21
1908,1758.7744,2238.4316,17.5877,1.0000,LOSS,1741.1867,-21.43
1909,1741.1867,2238.4316,17.4119,1.0000,WIN,1758.5986,-22.21
1910,1758.5986,2238.4316,17.5860,1.0000,LOSS,1741.0126,-21.44
1911,1741.0126,2238.4316,17.4101,1.0000,WIN,1758.4227,-22.22
1912,1758.4227,2238.4316,17.5842,1.0000,LOSS,1740.8385,-21.44
1913,1740.8385,2238.4316,17.4084,1.0000,WIN,1758.2469,-22.23
1914,1758.2469,2238.4316,17.5825,1.0000,WIN,1775.8293,-21.45
1915,1775.8293,2238.4316,17.7583,1.0000,WIN,1793.5876,-20.67
1916,1793.5876,2238.4316,17.9359,1.0000,WIN,1811.5235,-19.87
1917,1811.5235,2238.4316,18.1152,1.0000,WIN,1829.6387,-19.07
1918,1829.6387,2238.4316,18.2964,1.0000,LOSS,1811.3424,-18.26
1919,1811.3424,2238.4316,18.1134,1.0000,LOSS,1793.2289,-19.08
1920,1793.2289,2238.4316,17.9323,1.0000,WIN,1811.1612,-19.89
1921,1811.1612,2238.4316,18.1116,1.0000,LOSS,1793.0496,-19.09
1922,1793.0496,2238.4316,17.9305,1.0000,WIN,1810.9801,-19.90
1923,1810.9801,2238.4316,18.1098,1.0000,LOSS,1792.8703,-19.10
1924,1792.8703,2238.4316,17.9287,1.0000,WIN,1810.7990,-19.91
1925,1810.7990,2238.4316,18.1080,1.0000,WIN,1828.9070,-19.10
1926,1828.9070,2238.4316,18.2891,1.0000,LOSS,1810.6179,-18.30
1927,1810.6179,2238.4316,18.1062,1.0000,LOSS,1792.5117,-19.11
1928,1792.5117,2238.4316,17.9251,1.0000,WIN,1810.4369,-19.92
1929,1810.4369,2238.4316,18.1044,1.0000,LOSS,1792.3325,-19.12
1930,1792.3325,2238.4316,17.9233,1.0000,LOSS,1774.4092,-19.93
1931,1774.4092,2238.4316,17.7441,1.0000,WIN,1792.1533,-20.73
1932,1792.1533,2238.4316,17.9215,1.0000,LOSS,1774.2317,-19.94
1933,1774.2317,2238.4316,17.7423,1.0000,LOSS,1756.4894,-20.74
1934,1756.4894,2238.4316,17.5649,1.0000,LOSS,1738.9245,-21.53
1935,1738.9245,2238.4316,17.3892,1.0000,WIN,1756.3138,-22.32
1936,1756.3138,2238.4316,17.5631,1.0000,LOSS,1738.7506,-21.54
1937,1738.7506,2238.4316,17.3875,1.0000,LOSS,1721.3631,-22.32
1938,1721.3631,2238.4316,17.2136,1.0000,WIN,1738.5768,-23.10
1939,1738.5768,2238.4316,17.3858,1.0000,WIN,1755.9625,-22.33
1940,1755.9625,2238.4316,17.5596,1.0000,WIN,1773.5221,-21.55
1941,1773.5221,2238.4316,17.7352,1.0000,LOSS,1755.7869,-20.77
1942,1755.7869,2238.4316,17.5579,1.0000,LOSS,1738.2291,-21.56
1943,1738.2291,2238.4316,17.3823,1.0000,LOSS,1720.8468,-22.35
1944,1720.8468,2238.4316,17.2085,1.0000,LOSS,1703.6383,-23.12
1945,1703.6383,2238.4316,17.0364,1.0000,LOSS,1686.6019,-23.89
1946,1686.6019,2238.4316,16.8660,1.0000,WIN,1703.4679,-24.65
1947,1703.4679,2238.4316,17.0347,1.0000,LOSS,1686.4333,-23.90
1948,1686.4333,2238.4316,16.8643,1.0000,WIN,1703.2976,-24.66
1949,1703.2976,2238.4316,17.0330,1.0000,LOSS,1686.2646,-23.91
1950,1686.2646,2238.4316,16.8626,1.0000,WIN,1703.1273,-24.67
1951,1703.1273,2238.4316,17.0313,1.0000,LOSS,1686.0960,-23.91
1952,1686.0960,2238.4316,16.8610,1.0000,LOSS,1669.2350,-24.68
1953,1669.2350,2238.4316,16.6924,1.0000,WIN,1685.9274,-25.43
1954,1685.9274,2238.4316,16.8593,1.0000,LOSS,1669.0681,-24.68
1955,1669.0681,2238.4316,16.6907,1.0000,LOSS,1652.3774,-25.44
1956,1652.3774,2238.4316,16.5238,1.0000,LOSS,1635.8536,-26.18
1957,1635.8536,2238.4316,16.3585,1.0000,LOSS,1619.4951,-26.92
1958,1619.4951,2238.4316,16.1950,1.0000,WIN,1635.6901,-27.65
1959,1635.6901,2238.4316,16.3569,1.0000,LOSS,1619.3332,-26.93
1960,1619.3332,2238.4316,16.1933,1.0000,WIN,1635.5265,-27.66
1961,1635.5265,2238.4316,16.3553,1.0000,LOSS,1619.1712,-26.93
1962,1619.1712,2238.4316,16.1917,1.0000,LOSS,1602.9795,-27.66
1963,1602.9795,2238.4316,16.0298,1.0000,LOSS,1586.9497,-28.39
1964,1586.9497,2238.4316,15.8695,1.0000,WIN,1602.8192,-29.10
1965,1602.8192,2238.4316,16.0282,1.0000,LOSS,1586.7910,-28.40
1966,1586.7910,2238.4316,15.8679,1.0000,WIN,1602.6589,-29.11
1967,1602.6589,2238.4316,16.0266,1.0000,LOSS,1586.6323,-28.40
1968,1586.6323,2238.4316,15.8663,1.0000,WIN,1602.4987,-29.12
1969,1602.4987,2238.4316,16.0250,1.0000,WIN,1618.5237,-28.41
1970,1618.5237,2238.4316,16.1852,1.0000,LOSS,1602.3384,-27.69
1971,1602.3384,2238.4316,16.0234,1.0000,LOSS,1586.3150,-28.42
1972,1586.3150,2238.4316,15.8632,1.0000,LOSS,1570.4519,-29.13
1973,1570.4519,2238.4316,15.7045,1.0000,WIN,1586.1564,-29.84
1974,1586.1564,2238.4316,15.8616,1.0000,WIN,1602.0180,-29.14
1975,1602.0180,2238.4316,16.0202,1.0000,LOSS,1585.9978,-28.43
1976,1585.9978,2238.4316,15.8600,1.0000,WIN,1601.8578,-29.15
1977,1601.8578,2238.4316,16.0186,1.0000,LOSS,1585.8392,-28.44
1978,1585.8392,2238.4316,15.8584,1.0000,LOSS,1569.9808,-29.15
1979,1569.9808,2238.4316,15.6998,1.0000,WIN,1585.6806,-29.86
1980,1585.6806,2238.4316,15.8568,1.0000,WIN,1601.5374,-29.16
1981,1601.5374,2238.4316,16.0154,1.0000,WIN,1617.5528,-28.45
1982,1617.5528,2238.4316,16.1755,1.0000,WIN,1633.7283,-27.74
1983,1633.7283,2238.4316,16.3373,1.0000,LOSS,1617.3910,-27.01
1984,1617.3910,2238.4316,16.1739,1.0000,WIN,1633.5649,-27.74
1985,1633.5649,2238.4316,16.3356,1.0000,LOSS,1617.2293,-27.02
1986,1617.2293,2238.4316,16.1723,1.0000,LOSS,1601.0570,-27.75
1987,1601.0570,2238.4316,16.0106,1.0000,WIN,1617.0676,-28.47
1988,1617.0676,2238.4316,16.1707,1.0000,LOSS,1600.8969,-27.76
1989,1600.8969,2238.4316,16.0090,1.0000,WIN,1616.9059,-28.48
1990,1616.9059,2238.4316,16.1691,1.0000,WIN,1633.0749,-27.77
1991,1633.0749,2238.4316,16.3307,1.0000,LOSS,1616.7442,-27.04
1992,1616.7442,2238.4316,16.1674,1.0000,LOSS,1600.5767,-27.77
1993,1600.5767,2238.4316,16.0058,1.0000,WIN,1616.5825,-28.50
1994,1616.5825,2238.4316,16.1658,1.0000,WIN,1632.7483,-27.78
1995,1632.7483,2238.4316,16.3275,1.0000,LOSS,1616.4208,-27.06
1996,1616.4208,2238.4316,16.1642,1.0000,WIN,1632.5850,-27.79
1997,1632.5850,2238.4316,16.3259,1.0000,WIN,1648.9109,-27.07
1998,1648.9109,2238.4316,16.4891,1.0000,WIN,1665.4000,-26.34
1999,1665.4000,2238.4316,16.6540,1.0000,LOSS,1648.7460,-25.60
2000,1648.7460,2238.4316,16.4875,1.0000,LOSS,1632.2585,-26.34
2001,1632.2585,2238.4316,16.3226,1.0000,LOSS,1615.9360,-27.08
2002,1615.9360,2238.4316,16.1594,1.0000,LOSS,1599.7766,-27.81
2003,1599.7766,2238.4316,15.9978,1.0000,LOSS,1583.7788,-28.53
2004,1583.7788,2238.4316,15.8378,1.0000,WIN,1599.6166,-29.25
2005,1599.6166,2238.4316,15.9962,1.0000,WIN,1615.6128,-28.54
2006,1615.6128,2238.4316,16.1561,1.0000,WIN,1631.7689,-27.82
2007,1631.7689,2238.4316,16.3177,1.0000,LOSS,1615.4512,-27.10
2008,1615.4512,2238.4316,16.1545,1.0000,WIN,1631.6057,-27.83
2009,1631.6057,2238.4316,16.3161,1.0000,LOSS,1615.2897,-27.11
2010,1615.2897,2238.4316,16.1529,1.0000,LOSS,1599.1368,-27.84
2011,1599.1368,2238.4316,15.9914,1.0000,LOSS,1583.1454,-28.56
2012,1583.1454,2238.4316,15.8315,1.0000,WIN,1598.9769,-29.27
2013,1598.9769,2238.4316,15.9898,1.0000,LOSS,1582.9871,-28.57
2014,1582.9871,2238.4316,15.8299,1.0000,WIN,1598.8170,-29.28
2015,1598.8170,2238.4316,15.9882,1.0000,WIN,1614.8051,-28.57
2016,1614.8051,2238.4316,16.1481,1.0000,LOSS,1598.6571,-27.86
2017,1598.6571,2238.4316,15.9866,1.0000,WIN,1614.6437,-28.58
2018,1614.6437,2238.4316,16.1464,1.0000,LOSS,1598.4972,-27.87
2019,1598.4972,2238.4316,15.9850,1.0000,WIN,1614.4822,-28.59
2020,1614.4822,2238.4316,16.1448,1.0000,LOSS,1598.3374,-27.87
2021,1598.3374,2238.4316,15.9834,1.0000,LOSS,1582.3540,-28.60
2022,1582.3540,2238.4316,15.8235,1.0000,LOSS,1566.5305,-29.31
2023,1566.5305,2238.4316,15.6653,1.0000,WIN,1582.1958,-30.02
2024,1582.1958,2238.4316,15.8220,1.0000,LOSS,1566.3738,-29.32
2025,1566.3738,2238.4316,15.6637,1.0000,LOSS,1550.7101,-30.02
2026,1550.7101,2238.4316,15.5071,1.0000,WIN,1566.2172,-30.72
2027,1566.2172,2238.4316,15.6622,1.0000,WIN,1581.8793,-30.03
2028,1581.8793,2238.4316,15.8188,1.0000,LOSS,1566.0605,-29.33
2029,1566.0605,2238.4316,15.6606,1.0000,LOSS,1550.3999,-30.04
2030,1550.3999,2238.4316,15.5040,1.0000,WIN,1565.9039,-30.74
2031,1565.9039,2238.4316,15.6590,1.0000,WIN,1581.5630,-30.04
2032,1581.5630,2238.4316,15.8156,1.0000,WIN,1597.3786,-29.35
2033,1597.3786,2238.4316,15.9738,1.0000,WIN,1613.3524,-28.64
2034,1613.3524,2238.4316,16.1335,1.0000,LOSS,1597.2189,-27.92
2035,1597.2189,2238.4316,15.9722,1.0000,LOSS,1581.2467,-28.65
2036,1581.2467,2238.4316,15.8125,1.0000,WIN,1597.0592,-29.36
2037,1597.0592,2238.4316,15.9706,1.0000,LOSS,1581.0886,-28.65
2038,1581.0886,2238.4316,15.8109,1.0000,LOSS,1565.2777,-29.37
2039,1565.2777,2238.4316,15.6528,1.0000,WIN,1580.9305,-30.07
2040,1580.9305,2238.4316,15.8093,1.0000,LOSS,1565.1211,-29.37
2041,1565.1211,2238.4316,15.6512,1.0000,WIN,1580.7724,-30.08
2042,1580.7724,2238.4316,15.8077,1.0000,WIN,1596.5801,-29.38
2043,1596.5801,2238.4316,15.9658,1.0000,LOSS,1580.6143,-28.67
2044,1580.6143,2238.4316,15.8061,1.0000,LOSS,1564.8081,-29.39
2045,1564.8081,2238.4316,15.6481,1.0000,LOSS,1549.1601,-30.09
2046,1549.1601,2238.4316,15.4916,1.0000,LOSS,1533.6685,-30.79
2047,1533.6685,2238.4316,15.3367,1.0000,WIN,1549.0051,-31.48
2048,1549.0051,2238.4316,15.4901,1.0000,LOSS,1533.5151,-30.80
2049,1533.5151,2238.4316,15.3352,1.0000,WIN,1548.8502,-31.49
2050,1548.8502,2238.4316,15.4885,1.0000,WIN,1564.3387,-30.81
2051,1564.3387,2238.4316,15.6434,1.0000,WIN,1579.9821,-30.11
2052,1579.9821,2238.4316,15.7998,1.0000,WIN,1595.7820,-29.42
2053,1595.7820,2238.4316,15.9578,1.0000,LOSS,1579.8241,-28.71
2054,1579.8241,2238.4316,15.7982,1.0000,LOSS,1564.0259,-29.42
2055,1564.0259,2238.4316,15.6403,1.0000,WIN,1579.6662,-30.13
2056,1579.6662,2238.4316,15.7967,1.0000,LOSS,1563.8695,-29.43
2057,1563.8695,2238.4316,15.6387,1.0000,WIN,1579.5082,-30.14
2058,1579.5082,2238.4316,15.7951,1.0000,WIN,1595.3033,-29.44
2059,1595.3033,2238.4316,15.9530,1.0000,WIN,1611.2563,-28.73
2060,1611.2563,2238.4316,16.1126,1.0000,WIN,1627.3689,-28.02
2061,1627.3689,2238.4316,16.2737,1.0000,WIN,1643.6425,-27.30
2062,1643.6425,2238.4316,16.4364,1.0000,WIN,1660.0790,-26.57
2063,1660.0790,2238.4316,16.6008,1.0000,WIN,1676.6798,-25.84
2064,1676.6798,2238.4316,16.7668,1.0000,LOSS,1659.9130,-25.10
2065,1659.9130,2238.4316,16.5991,1.0000,WIN,1676.5121,-25.84
2066,1676.5121,2238.4316,16.7651,1.0000,WIN,1693.2772,-25.10
2067,1693.2772,2238.4316,16.9328,1.0000,LOSS,1676.3444,-24.35
2068,1676.3444,2238.4316,16.7634,1.0000,LOSS,1659.5810,-25.11
2069,1659.5810,2238.4316,16.5958,1.0000,LOSS,1642.9852,-25.86
2070,1642.9852,2238.4316,16.4299,1.0000,LOSS,1626.5553,-26.60
2071,1626.5553,2238.4316,16.2656,1.0000,WIN,1642.8209,-27.34
2072,1642.8209,2238.4316,16.4282,1.0000,WIN,1659.2491,-26.61
2073,1659.2491,2238.4316,16.5925,1.0000,LOSS,1642.6566,-25.87
2074,1642.6566,2238.4316,16.4266,1.0000,LOSS,1626.2300,-26.62
2075,1626.2300,2238.4316,16.2623,1.0000,LOSS,1609.9677,-27.35
2076,1609.9677,2238.4316,16.0997,1.0000,LOSS,1593.8681,-28.08
2077,1593.8681,2238.4316,15.9387,1.0000,LOSS,1577.9294,-28.80
2078,1577.9294,2238.4316,15.7793,1.0000,WIN,1593.7087,-29.51
2079,1593.7087,2238.4316,15.9371,1.0000,WIN,1609.6458,-28.80
2080,1609.6458,2238.4316,16.0965,1.0000,WIN,1625.7422,-28.09
2081,1625.7422,2238.4316,16.2574,1.0000,WIN,1641.9996,-27.37
2082,1641.9996,2238.4316,16.4200,1.0000,LOSS,1625.5797,-26.65
2083,1625.5797,2238.4316,16.2558,1.0000,WIN,1641.8354,-27.38
2084,1641.8354,2238.4316,16.4184,1.0000,LOSS,1625.4171,-26.65
2085,1625.4171,2238.4316,16.2542,1.0000,LOSS,1609.1629,-27.39
2086,1609.1629,2238.4316,16.0916,1.0000,LOSS,1593.0713,-28.11
2087,1593.0713,2238.4316,15.9307,1.0000,WIN,1609.0020,-28.83
2088,1609.0020,2238.4316,16.0900,1.0000,LOSS,1592.9120,-28.12
2089,1592.9120,2238.4316,15.9291,1.0000,LOSS,1576.9829,-28.84
2090,1576.9829,2238.4316,15.7698,1.0000,WIN,1592.7527,-29.55
2091,1592.7527,2238.4316,15.9275,1.0000,WIN,1608.6802,-28.85
2092,1608.6802,2238.4316,16.0868,1.0000,LOSS,1592.5934,-28.13
2093,1592.5934,2238.4316,15.9259,1.0000,WIN,1608.5194,-28.85
2094,1608.5194,2238.4316,16.0852,1.0000,WIN,1624.6045,-28.14
2095,1624.6045,2238.4316,16.2460,1.0000,WIN,1640.8506,-27.42
2096,1640.8506,2238.4316,16.4085,1.0000,WIN,1657.2591,-26.70
2097,1657.2591,2238.4316,16.5726,1.0000,LOSS,1640.6865,-25.96
2098,1640.6865,2238.4316,16.4069,1.0000,LOSS,1624.2796,-26.70
2099,1624.2796,2238.4316,16.2428,1.0000,LOSS,1608.0368,-27.44
2100,1608.0368,2238.4316,16.0804,1.0000,WIN,1624.1172,-28.16
2101,1624.1172,2238.4316,16.2412,1.0000,WIN,1640.3584,-27.44
2102,1640.3584,2238.4316,16.4036,1.0000,WIN,1656.7620,-26.72
2103,1656.7620,2238.4316,16.5676,1.0000,WIN,1673.3296,-25.99
2104,1673.3296,2238.4316,16.7333,1.0000,WIN,1690.0629,-25.25
2105,1690.0629,2238.4316,16.9006,1.0000,WIN,1706.9635,-24.50
2106,1706.9635,2238.4316,17.0696,1.0000,LOSS,1689.8939,-23.74
2107,1689.8939,2238.4316,16.8989,1.0000,LOSS,1672.9949,-24.51
2108,1672.9949,2238.4316,16.7299,1.0000,LOSS,1656.2650,-25.26
2109,1656.2650,2238.4316,16.5626,1.0000,LOSS,1639.7023,-26.01
2110,1639.7023,2238.4316,16.3970,1.0000,LOSS,1623.3053,-26.75
2111,1623.3053,2238.4316,16.2331,1.0000,WIN,1639.5384,-27.48
2112,1639.5384,2238.4316,16.3954,1.0000,WIN,1655.9338,-26.76
2113,1655.9338,2238.4316,16.5593,1.0000,LOSS,1639.3744,-26.02
2114,1639.3744,2238.4316,16.3937,1.0000,WIN,1655.7682,-26.76
2115,1655.7682,2238.4316,16.5577,1.0000,LOSS,1639.2105,-26.03
2116,1639.2105,2238.4316,16.3921,1.0000,WIN,1655.6026,-26.77
2117,1655.6026,2238.4316,16.5560,1.0000,LOSS,1639.0466,-26.04
2118,1639.0466,2238.4316,16.3905,1.0000,LOSS,1622.6561,-26.78
2119,1622.6561,2238.4316,16.2266,1.0000,WIN,1638.8827,-27.51
2120,1638.8827,2238.4316,16.3888,1.0000,LOSS,1622.4938,-26.78
2121,1622.4938,2238.4316,16.2249,1.0000,WIN,1638.7188,-27.52
2122,1638.7188,2238.4316,16.3872,1.0000,LOSS,1622.3316,-26.79
2123,1622.3316,2238.4316,16.2233,1.0000,LOSS,1606.1083,-27.52
2124,1606.1083,2238.4316,16.0611,1.0000,WIN,1622.1693,-28.25
2125,1622.1693,2238.4316,16.2217,1.0000,LOSS,1605.9477,-27.53
2126,1605.9477,2238.4316,16.0595,1.0000,WIN,1622.0071,-28.26
2127,1622.0071,2238.4316,16.2201,1.0000,WIN,1638.2272,-27.54
2128,1638.2272,2238.4316,16.3823,1.0000,WIN,1654.6095,-26.81
2129,1654.6095,2238.4316,16.5461,1.0000,WIN,1671.1556,-26.08
2130,1671.1556,2238.4316,16.7116,1.0000,WIN,1687.8671,-25.34
2131,1687.8671,2238.4316,16.8787,1.0000,LOSS,1670.9884,-24.60
2132,1670.9884,2238.4316,16.7099,1.0000,WIN,1687.6983,-25.35
2133,1687.6983,2238.4316,16.8770,1.0000,LOSS,1670.8214,-24.60
2134,1670.8214,2238.4316,16.7082,1.0000,WIN,1687.5296,-25.36
2135,1687.5296,2238.4316,16.8753,1.0000,LOSS,1670.6543,-24.61
2136,1670.6543,2238.4316,16.7065,1.0000,LOSS,1653.9477,-25.36
2137,1653.9477,2238.4316,16.5395,1.0000,WIN,1670.4872,-26.11
2138,1670.4872,2238.4316,16.7049,1.0000,WIN,1687.1921,-25.37
2139,1687.1921,2238.4316,16.8719,1.0000,LOSS,1670.3202,-24.63
2140,1670.3202,2238.4316,16.7032,1.0000,LOSS,1653.6170,-25.38
2141,1653.6170,2238.4316,16.5362,1.0000,LOSS,1637.0808,-26.13
2142,1637.0808,2238.4316,16.3708,1.0000,WIN,1653.4516,-26.86
2143,1653.4516,2238.4316,16.5345,1.0000,WIN,1669.9861,-26.13
2144,1669.9861,2238.4316,16.6999,1.0000,LOSS,1653.2862,-25.39
2145,1653.2862,2238.4316,16.5329,1.0000,LOSS,1636.7534,-26.14
2146,1636.7534,2238.4316,16.3675,1.0000,WIN,1653.1209,-26.88
2147,1653.1209,2238.4316,16.5312,1.0000,LOSS,1636.5897,-26.15
2148,1636.5897,2238.4316,16.3659,1.0000,LOSS,1620.2238,-26.89
2149,1620.2238,2238.4316,16.2022,1.0000,WIN,1636.4260,-27.62
2150,1636.4260,2238.4316,16.3643,1.0000,WIN,1652.7903,-26.89
2151,1652.7903,2238.4316,16.5279,1.0000,WIN,1669.3182,-26.16
2152,1669.3182,2238.4316,16.6932,1.0000,WIN,1686.0114,-25.42
2153,1686.0114,2238.4316,16.8601,1.0000,LOSS,1669.1513,-24.68
2154,1669.1513,2238.4316,16.6915,1.0000,WIN,1685.8428,-25.43
2155,1685.8428,2238.4316,16.8584,1.0000,WIN,1702.7012,-24.69
2156,1702.7012,2238.4316,17.0270,1.0000,LOSS,1685.6742,-23.93
2157,1685.6742,2238.4316,16.8567,1.0000,LOSS,1668.8175,-24.69
2158,1668.8175,2238.4316,16.6882,1.0000,LOSS,1652.1293,-25.45
2159,1652.1293,2238.4316,16.5213,1.0000,WIN,1668.6506,-26.19
2160,1668.6506,2238.4316,16.6865,1.0000,WIN,1685.3371,-25.45
2161,1685.3371,2238.4316,16.8534,1.0000,LOSS,1668.4837,-24.71
2162,1668.4837,2238.4316,16.6848,1.0000,WIN,1685.1686,-25.46
2163,1685.1686,2238.4316,16.8517,1.0000,WIN,1702.0202,-24.72
2164,1702.0202,2238.4316,17.0202,1.0000,LOSS,1685.0000,-23.96
2165,1685.0000,2238.4316,16.8500,1.0000,WIN,1701.8500,-24.72
2166,1701.8500,2238.4316,17.0185,1.0000,LOSS,1684.8315,-23.97
2167,1684.8315,2238.4316,16.8483,1.0000,LOSS,1667.9832,-24.73
2168,1667.9832,2238.4316,16.6798,1.0000,WIN,1684.6631,-25.48
2169,1684.6631,2238.4316,16.8466,1.0000,LOSS,1667.8164,-24.74
2170,1667.8164,2238.4316,16.6782,1.0000,WIN,1684.4946,-25.49
2171,1684.4946,2238.4316,16.8449,1.0000,WIN,1701.3395,-24.75
2172,1701.3395,2238.4316,17.0134,1.0000,WIN,1718.3529,-23.99
2173,1718.3529,2238.4316,17.1835,1.0000,LOSS,1701.1694,-23.23
2174,1701.1694,2238.4316,17.0117,1.0000,LOSS,1684.1577,-24.00
2175,1684.1577,2238.4316,16.8416,1.0000,WIN,1700.9993,-24.76
2176,1700.9993,2238.4316,17.0100,1.0000,LOSS,1683.9893,-24.01
2177,1683.9893,2238.4316,16.8399,1.0000,LOSS,1667.1494,-24.77
2178,1667.1494,2238.4316,16.6715,1.0000,WIN,1683.8209,-25.52
2179,1683.8209,2238.4316,16.8382,1.0000,WIN,1700.6591,-24.78
2180,1700.6591,2238.4316,17.0066,1.0000,LOSS,1683.6525,-24.02
2181,1683.6525,2238.4316,16.8365,1.0000,WIN,1700.4890,-24.78
2182,1700.4890,2238.4316,17.0049,1.0000,LOSS,1683.4841,-24.03
2183,1683.4841,2238.4316,16.8348,1.0000,LOSS,1666.6493,-24.79
2184,1666.6493,2238.4316,16.6665,1.0000,WIN,1683.3158,-25.54
2185,1683.3158,2238.4316,16.8332,1.0000,WIN,1700.1490,-24.80
2186,1700.1490,2238.4316,17.0015,1.0000,WIN,1717.1504,-24.05
2187,1717.1504,2238.4316,17.1715,1.0000,WIN,1734.3220,-23.29
2188,1734.3220,2238.4316,17.3432,1.0000,LOSS,1716.9787,-22.52
2189,1716.9787,2238.4316,17.1698,1.0000,WIN,1734.1485,-23.30
2190,1734.1485,2238.4316,17.3415,1.0000,LOSS,1716.8070,-22.53
2191,1716.8070,2238.4316,17.1681,1.0000,WIN,1733.9751,-23.30
2192,1733.9751,2238.4316,17.3398,1.0000,WIN,1751.3149,-22.54
2193,1751.3149,2238.4316,17.5131,1.0000,LOSS,1733.8017,-21.76
2194,1733.8017,2238.4316,17.3380,1.0000,WIN,1751.1397,-22.54
2195,1751.1397,2238.4316,17.5114,1.0000,LOSS,1733.6283,-21.77
2196,1733.6283,2238.4316,17.3363,1.0000,WIN,1750.9646,-22.55
2197,1750.9646,2238.4316,17.5096,1.0000,WIN,1768.4743,-21.78
2198,1768.4743,2238.4316,17.6847,1.0000,LOSS,1750.7895,-20.99
2199,1750.7895,2238.4316,17.5079,1.0000,LOSS,1733.2816,-21.78
2200,1733.2816,2238.4316,17.3328,1.0000,LOSS,1715.9488,-22.57
2201,1715.9488,2238.4316,17.1595,1.0000,WIN,1733.1083,-23.34
2202,1733.1083,2238.4316,17.3311,1.0000,WIN,1750.4394,-22.57
2203,1750.4394,2238.4316,17.5044,1.0000,WIN,1767.9438,-21.80
2204,1767.9438,2238.4316,17.6794,1.0000,WIN,1785.6232,-21.02
2205,1785.6232,2238.4316,17.8562,1.0000,WIN,1803.4794,-20.23
2206,1803.4794,2238.4316,18.0348,1.0000,WIN,1821.5142,-19.43
2207,1821.5142,2238.4316,18.2151,1.0000,LOSS,1803.2991,-18.63
2208,1803.2991,2238.4316,18.0330,1.0000,LOSS,1785.2661,-19.44
2209,1785.2661,2238.4316,17.8527,1.0000,WIN,1803.1188,-20.24
2210,1803.1188,2238.4316,18.0312,1.0000,LOSS,1785.0876,-19.45
2211,1785.0876,2238.4316,17.8509,1.0000,LOSS,1767.2367,-20.25
2212,1767.2367,2238.4316,17.6724,1.0000,WIN,1784.9091,-21.05
2213,1784.9091,2238.4316,17.8491,1.0000,WIN,1802.7582,-20.26
2214,1802.7582,2238.4316,18.0276,1.0000,WIN,1820.7857,-19.46
2215,1820.7857,2238.4316,18.2079,1.0000,WIN,1838.9936,-18.66
2216,1838.9936,2238.4316,18.3899,1.0000,WIN,1857.3835,-17.84
2217,1857.3835,2238.4316,18.5738,1.0000,LOSS,1838.8097,-17.02
2218,1838.8097,2238.4316,18.3881,1.0000,WIN,1857.1978,-17.85
2219,1857.1978,2238.4316,18.5720,1.0000,LOSS,1838.6258,-17.03
2220,1838.6258,2238.4316,18.3863,1.0000,LOSS,1820.2396,-17.86
2221,1820.2396,2238.4316,18.2024,1.0000,LOSS,1802.0372,-18.68
2222,1802.0372,2238.4316,18.0204,1.0000,WIN,1820.0575,-19.50
2223,1820.0575,2238.4316,18.2006,1.0000,LOSS,1801.8570,-18.69
2224,1801.8570,2238.4316,18.0186,1.0000,WIN,1819.8755,-19.50
2225,1819.8755,2238.4316,18.1988,1.0000,LOSS,1801.6768,-18.70
2226,1801.6768,2238.4316,18.0168,1.0000,LOSS,1783.6600,-19.51
2227,1783.6600,2238.4316,17.8366,1.0000,LOSS,1765.8234,-20.32
2228,1765.8234,2238.4316,17.6582,1.0000,LOSS,1748.1652,-21.11
2229,1748.1652,2238.4316,17.4817,1.0000,LOSS,1730.6835,-21.90
2230,1730.6835,2238.4316,17.3068,1.0000,LOSS,1713.3767,-22.68
2231,1713.3767,2238.4316,17.1338,1.0000,WIN,1730.5104,-23.46
2232,1730.5104,2238.4316,17.3051,1.0000,WIN,1747.8156,-22.69
2233,1747.8156,2238.4316,17.4782,1.0000,LOSS,1730.3374,-21.92
2234,1730.3374,2238.4316,17.3034,1.0000,LOSS,1713.0340,-22.70
2235,1713.0340,2238.4316,17.1303,1.0000,WIN,1730.1644,-23.47
2236,1730.1644,2238.4316,17.3016,1.0000,LOSS,1712.8627,-22.71
2237,1712.8627,2238.4316,17.1286,1.0000,LOSS,1695.7341,-23.48
2238,1695.7341,2238.4316,16.9573,1.0000,WIN,1712.6914,-24.24
2239,1712.6914,2238.4316,17.1269,1.0000,WIN,1729.8183,-23.49
2240,1729.8183,2238.4316,17.2982,1.0000,LOSS,1712.5202,-22.72
2241,1712.5202,2238.4316,17.1252,1.0000,WIN,1729.6454,-23.49
2242,1729.6454,2238.4316,17.2965,1.0000,LOSS,1712.3489,-22.73
2243,1712.3489,2238.4316,17.1235,1.0000,LOSS,1695.2254,-23.50
2244,1695.2254,2238.4316,16.9523,1.0000,WIN,1712.1777,-24.27
2245,1712.1777,2238.4316,17.1218,1.0000,WIN,1729.2995,-23.51
2246,1729.2995,2238.4316,17.2930,1.0000,LOSS,1712.0065,-22.75
2247,1712.0065,2238.4316,17.1201,1.0000,LOSS,1694.8864,-23.52
2248,1694.8864,2238.4316,16.9489,1.0000,LOSS,1677.9375,-24.28
2249,1677.9375,2238.4316,16.7794,1.0000,LOSS,1661.1582,-25.04
2250,1661.1582,2238.4316,16.6116,1.0000,LOSS,1644.5466,-25.79
2251,1644.5466,2238.4316,16.4455,1.0000,WIN,1660.9920,-26.53
2252,1660.9920,2238.4316,16.6099,1.0000,WIN,1677.6020,-25.80
2253,1677.6020,2238.4316,16.7760,1.0000,WIN,1694.3780,-25.05
2254,1694.3780,2238.4316,16.9438,1.0000,LOSS,1677.4342,-24.31
2255,1677.4342,2238.4316,16.7743,1.0000,LOSS,1660.6599,-25.06
2256,1660.6599,2238.4316,16.6066,1.0000,WIN,1677.2665,-25.81
2257,1677.2665,2238.4316,16.7727,1.0000,WIN,1694.0391,-25.07
2258,1694.0391,2238.4316,16.9404,1.0000,WIN,1710.9795,-24.32
2259,1710.9795,2238.4316,17.1098,1.0000,WIN,1728.0893,-23.56
2260,1728.0893,2238.4316,17.2809,1.0000,LOSS,1710.8084,-22.80
2261,1710.8084,2238.4316,17.1081,1.0000,WIN,1727.9165,-23.57
2262,1727.9165,2238.4316,17.2792,1.0000,WIN,1745.1957,-22.81
2263,1745.1957,2238.4316,17.4520,1.0000,WIN,1762.6476,-22.03
2264,1762.6476,2238.4316,17.6265,1.0000,WIN,1780.2741,-21.26
2265,1780.2741,2238.4316,17.8027,1.0000,LOSS,1762.4714,-20.47
2266,1762.4714,2238.4316,17.6247,1.0000,WIN,1780.0961,-21.26
2267,1780.0961,2238.4316,17.8010,1.0000,WIN,1797.8970,-20.48
2268,1797.8970,2238.4316,17.9790,1.0000,WIN,1815.8760,-19.68
2269,1815.8760,2238.4316,18.1588,1.0000,WIN,1834.0348,-18.88
2270,1834.0348,2238.4316,18.3403,1.0000,WIN,1852.3751,-18.07
2271,1852.3751,2238.4316,18.5238,1.0000,LOSS,1833.8514,-17.25
2272,1833.8514,2238.4316,18.3385,1.0000,WIN,1852.1899,-18.07
2273,1852.1899,2238.4316,18.5219,1.0000,LOSS,1833.6680,-17.26
2274,1833.6680,2238.4316,18.3367,1.0000,WIN,1852.0046,-18.08
2275,1852.0046,2238.4316,18.5200,1.0000,WIN,1870.5247,-17.26
2276,1870.5247,2238.4316,18.7052,1.0000,LOSS,1851.8194,-16.44
2277,1851.8194,2238.4316,18.5182,1.0000,LOSS,1833.3013,-17.27
2278,1833.3013,2238.4316,18.3330,1.0000,LOSS,1814.9682,-18.10
2279,1814.9682,2238.4316,18.1497,1.0000,LOSS,1796.8186,-18.92
2280,1796.8186,2238.4316,17.9682,1.0000,LOSS,1778.8504,-19.73
2281,1778.8504,2238.4316,17.7885,1.0000,LOSS,1761.0619,-20.53
2282,1761.0619,2238.4316,17.6106,1.0000,LOSS,1743.4513,-21.33
2283,1743.4513,2238.4316,17.4345,1.0000,WIN,1760.8858,-22.11
2284,1760.8858,2238.4316,17.6089,1.0000,LOSS,1743.2769,-21.33
2285,1743.2769,2238.4316,17.4328,1.0000,WIN,1760.7097,-22.12
2286,1760.7097,2238.4316,17.6071,1.0000,WIN,1778.3168,-21.34
2287,1778.3168,2238.4316,17.7832,1.0000,LOSS,1760.5336,-20.56
2288,1760.5336,2238.4316,17.6053,1.0000,LOSS,1742.9283,-21.35
2289,1742.9283,2238.4316,17.4293,1.0000,WIN,1760.3576,-22.14
2290,1760.3576,2238.4316,17.6036,1.0000,WIN,1777.9611,-21.36
2291,1777.9611,2238.4316,17.7796,1.0000,WIN,1795.7407,-20.57
2292,1795.7407,2238.4316,17.9574,1.0000,LOSS,1777.7833,-19.78
2293,1777.7833,2238.4316,17.7778,1.0000,WIN,1795.5612,-20.58
2294,1795.5612,2238.4316,17.9556,1.0000,WIN,1813.5168,-19.78
2295,1813.5168,2238.4316,18.1352,1.0000,WIN,1831.6519,-18.98
2296,1831.6519,2238.4316,18.3165,1.0000,WIN,1849.9685,-18.17
2297,1849.9685,2238.4316,18.4997,1.0000,LOSS,1831.4688,-17.35
2298,1831.4688,2238.4316,18.3147,1.0000,LOSS,1813.1541,-18.18
2299,1813.1541,2238.4316,18.1315,1.0000,WIN,1831.2856,-19.00
2300,1831.2856,2238.4316,18.3129,1.0000,LOSS,1812.9728,-18.19
2301,1812.9728,2238.4316,18.1297,1.0000,WIN,1831.1025,-19.01
2302,1831.1025,2238.4316,18.3110,1.0000,WIN,1849.4135,-18.20
2303,1849.4135,2238.4316,18.4941,1.0000,WIN,1867.9077,-17.38
2304,1867.9077,2238.4316,18.6791,1.0000,WIN,1886.5867,-16.55
2305,1886.5867,2238.4316,18.8659,1.0000,WIN,1905.4526,-15.72
2306,1905.4526,2238.4316,19.0545,1.0000,LOSS,1886.3981,-14.88
2307,1886.3981,2238.4316,18.8640,1.0000,WIN,1905.2621,-15.73
2308,1905.2621,2238.4316,19.0526,1.0000,LOSS,1886.2094,-14.88
2309,1886.2094,2238.4316,18.8621,1.0000,LOSS,1867.3473,-15.74
2310,1867.3473,2238.4316,18.6735,1.0000,WIN,1886.0208,-16.58
2311,1886.0208,2238.4316,18.8602,1.0000,WIN,1904.8810,-15.74
2312,1904.8810,2238.4316,19.0488,1.0000,LOSS,1885.8322,-14.90
2313,1885.8322,2238.4316,18.8583,1.0000,WIN,1904.6905,-15.75
2314,1904.6905,2238.4316,19.0469,1.0000,WIN,1923.7374,-14.91
2315,1923.7374,2238.4316,19.2374,1.0000,WIN,1942.9748,-14.06
2316,1942.9748,2238.4316,19.4297,1.0000,LOSS,1923.5451,-13.20
2317,1923.5451,2238.4316,19.2355,1.0000,LOSS,1904.3096,-14.07
2318,1904.3096,2238.4316,19.0431,1.0000,WIN,1923.3527,-14.93
2319,1923.3527,2238.4316,19.2335,1.0000,WIN,1942.5862,-14.08
2320,1942.5862,2238.4316,19.4259,1.0000,WIN,1962.0121,-13.22
2321,1962.0121,2238.4316,19.6201,1.0000,WIN,1981.6322,-12.35
2322,1981.6322,2238.4316,19.8163,1.0000,LOSS,1961.8159,-11.47
2323,1961.8159,2238.4316,19.6182,1.0000,WIN,1981.4341,-12.36
2324,1981.4341,2238.4316,19.8143,1.0000,WIN,2001.2484,-11.48
2325,2001.2484,2238.4316,20.0125,1.0000,LOSS,1981.2359,-10.60
2326,1981.2359,2238.4316,19.8124,1.0000,LOSS,1961.4236,-11.49
2327,1961.4236,2238.4316,19.6142,1.0000,WIN,1981.0378,-12.38
2328,1981.0378,2238.4316,19.8104,1.0000,WIN,2000.8482,-11.50
2329,2000.8482,2238.4316,20.0085,1.0000,LOSS,1980.8397,-10.61
2330,1980.8397,2238.4316,19.8084,1.0000,WIN,2000.6481,-11.51
2331,2000.6481,2238.4316,20.0065,1.0000,LOSS,1980.6416,-10.62
2332,1980.6416,2238.4316,19.8064,1.0000,LOSS,1960.8352,-11.52
2333,1960.8352,2238.4316,19.6084,1.0000,WIN,1980.4435,-12.40
2334,1980.4435,2238.4316,19.8044,1.0000,WIN,2000.2480,-11.53
2335,2000.2480,2238.4316,20.0025,1.0000,LOSS,1980.2455,-10.64
2336,1980.2455,2238.4316,19.8025,1.0000,LOSS,1960.4430,-11.53
2337,1960.4430,2238.4316,19.6044,1.0000,WIN,1980.0475,-12.42
2338,1980.0475,2238.4316,19.8005,1.0000,WIN,1999.8480,-11.54
2339,1999.8480,2238.4316,19.9985,1.0000,WIN,2019.8464,-10.66
2340,2019.8464,2238.4316,20.1985,1.0000,LOSS,1999.6480,-9.77
2341,1999.6480,2238.4316,19.9965,1.0000,LOSS,1979.6515,-10.67
2342,1979.6515,2238.4316,19.7965,1.0000,LOSS,1959.8550,-11.56
2343,1959.8550,2238.4316,19.5985,1.0000,LOSS,1940.2564,-12.45
2344,1940.2564,2238.4316,19.4026,1.0000,WIN,1959.6590,-13.32
2345,1959.6590,2238.4316,19.5966,1.0000,WIN,1979.2556,-12.45
2346,1979.2556,2238.4316,19.7926,1.0000,LOSS,1959.4630,-11.58
2347,1959.4630,2238.4316,19.5946,1.0000,LOSS,1939.8684,-12.46
2348,1939.8684,2238.4316,19.3987,1.0000,LOSS,1920.4697,-13.34
2349,1920.4697,2238.4316,19.2047,1.0000,LOSS,1901.2650,-14.20
2350,1901.2650,2238.4316,19.0127,1.0000,LOSS,1882.2524,-15.06
2351,1882.2524,2238.4316,18.8225,1.0000,WIN,1901.0749,-15.91
2352,1901.0749,2238.4316,19.0107,1.0000,LOSS,1882.0641,-15.07
2353,1882.0641,2238.4316,18.8206,1.0000,WIN,1900.8848,-15.92
2354,1900.8848,2238.4316,19.0088,1.0000,LOSS,1881.8759,-15.08
2355,1881.8759,2238.4316,18.8188,1.0000,LOSS,1863.0572,-15.93
2356,1863.0572,2238.4316,18.6306,1.0000,WIN,1881.6877,-16.77
2357,1881.6877,2238.4316,18.8169,1.0000,WIN,1900.5046,-15.94
2358,1900.5046,2238.4316,19.0050,1.0000,WIN,1919.5097,-15.10
2359,1919.5097,2238.4316,19.1951,1.0000,LOSS,1900.3146,-14.25
2360,1900.3146,2238.4316,19.0031,1.0000,WIN,1919.3177,-15.11
2361,1919.3177,2238.4316,19.1932,1.0000,LOSS,1900.1245,-14.26
2362,1900.1245,2238.4316,19.0012,1.0000,LOSS,1881.1233,-15.11
2363,1881.1233,2238.4316,18.8112,1.0000,WIN,1899.9345,-15.96
2364,1899.9345,2238.4316,18.9993,1.0000,WIN,1918.9339,-15.12
2365,1918.9339,2238.4316,19.1893,1.0000,LOSS,1899.7445,-14.27
2366,1899.7445,2238.4316,18.9974,1.0000,WIN,1918.7420,-15.13
2367,1918.7420,2238.4316,19.1874,1.0000,LOSS,1899.5546,-14.28
2368,1899.5546,2238.4316,18.9955,1.0000,WIN,1918.5501,-15.14
2369,1918.5501,2238.4316,19.1855,1.0000,WIN,1937.7356,-14.29
2370,1937.7356,2238.4316,19.3774,1.0000,WIN,1957.1130,-13.43
2371,1957.1130,2238.4316,19.5711,1.0000,LOSS,1937.5418,-12.57
2372,1937.5418,2238.4316,19.3754,1.0000,LOSS,1918.1664,-13.44
2373,1918.1664,2238.4316,19.1817,1.0000,WIN,1937.3481,-14.31
2374,1937.3481,2238.4316,19.3735,1.0000,LOSS,1917.9746,-13.45
2375,1917.9746,2238.4316,19.1797,1.0000,LOSS,1898.7948,-14.32
2376,1898.7948,2238.4316,18.9879,1.0000,LOSS,1879.8069,-15.17
2377,1879.8069,2238.4316,18.7981,1.0000,WIN,1898.6050,-16.02
2378,1898.6050,2238.4316,18.9860,1.0000,WIN,1917.5910,-15.18
2379,1917.5910,2238.4316,19.1759,1.0000,WIN,1936.7669,-14.33
2380,1936.7669,2238.4316,19.3677,1.0000,LOSS,1917.3993,-13.48
2381,1917.3993,2238.4316,19.1740,1.0000,WIN,1936.5733,-14.34
2382,1936.5733,2238.4316,19.3657,1.0000,WIN,1955.9390,-13.49
2383,1955.9390,2238.4316,19.5594,1.0000,LOSS,1936.3796,-12.62
2384,1936.3796,2238.4316,19.3638,1.0000,WIN,1955.7434,-13.49
2385,1955.7434,2238.4316,19.5574,1.0000,WIN,1975.3008,-12.63
2386,1975.3008,2238.4316,19.7530,1.0000,LOSS,1955.5478,-11.76
2387,1955.5478,2238.4316,19.5555,1.0000,WIN,1975.1033,-12.64
2388,1975.1033,2238.4316,19.7510,1.0000,WIN,1994.8543,-11.76
2389,1994.8543,2238.4316,19.9485,1.0000,LOSS,1974.9058,-10.88
2390,1974.9058,2238.4316,19.7491,1.0000,LOSS,1955.1567,-11.77
2391,1955.1567,2238.4316,19.5516,1.0000,WIN,1974.7083,-12.66
2392,1974.7083,2238.4316,19.7471,1.0000,LOSS,1954.9612,-11.78
2393,1954.9612,2238.4316,19.5496,1.0000,WIN,1974.5108,-12.66
2394,1974.5108,2238.4316,19.7451,1.0000,LOSS,1954.7657,-11.79
2395,1954.7657,2238.4316,19.5477,1.0000,WIN,1974.3134,-12.67
2396,1974.3134,2238.4316,19.7431,1.0000,LOSS,1954.5702,-11.80
2397,1954.5702,2238.4316,19.5457,1.0000,WIN,1974.1159,-12.68
2398,1974.1159,2238.4316,19.7412,1.0000,WIN,1993.8571,-11.81
2399,1993.8571,2238.4316,19.9386,1.0000,LOSS,1973.9185,-10.93
2400,1973.9185,2238.4316,19.7392,1.0000,WIN,1993.6577,-11.82
2401,1993.6577,2238.4316,19.9366,1.0000,WIN,2013.5943,-10.94
2402,2013.5943,2238.4316,20.1359,1.0000,LOSS,1993.4583,-10.04
2403,1993.4583,2238.4316,19.9346,1.0000,LOSS,1973.5238,-10.94
2404,1973.5238,2238.4316,19.7352,1.0000,WIN,1993.2590,-11.83
2405,1993.2590,2238.4316,19.9326,1.0000,LOSS,1973.3264,-10.95
2406,1973.3264,2238.4316,19.7333,1.0000,LOSS,1953.5931,-11.84
2407,1953.5931,2238.4316,19.5359,1.0000,WIN,1973.1291,-12.72
2408,1973.1291,2238.4316,19.7313,1.0000,WIN,1992.8604,-11.85
2409,1992.8604,2238.4316,19.9286,1.0000,LOSS,1972.9318,-10.97
2410,1972.9318,2238.4316,19.7293,1.0000,WIN,1992.6611,-11.86
2411,1992.6611,2238.4316,19.9266,1.0000,WIN,2012.5877,-10.98
2412,2012.5877,2238.4316,20.1259,1.0000,LOSS,1992.4618,-10.09
2413,1992.4618,2238.4316,19.9246,1.0000,WIN,2012.3864,-10.99
2414,2012.3864,2238.4316,20.1239,1.0000,WIN,2032.5103,-10.10
2415,2032.5103,2238.4316,20.3251,1.0000,LOSS,2012.1852,-9.20
2416,2012.1852,2238.4316,20.1219,1.0000,LOSS,1992.0633,-10.11
2417,1992.0633,2238.4316,19.9206,1.0000,WIN,2011.9840,-11.01
2418,2011.9840,2238.4316,20.1198,1.0000,WIN,2032.1038,-10.12
2419,2032.1038,2238.4316,20.3210,1.0000,LOSS,2011.7828,-9.22
2420,2011.7828,2238.4316,20.1178,1.0000,LOSS,1991.6650,-10.13
2421,1991.6650,2238.4316,19.9166,1.0000,LOSS,1971.7483,-11.02
2422,1971.7483,2238.4316,19.7175,1.0000,LOSS,1952.0308,-11.91
2423,1952.0308,2238.4316,19.5203,1.0000,LOSS,1932.5105,-12.79
2424,1932.5105,2238.4316,19.3251,1.0000,WIN,1951.8356,-13.67
2425,1951.8356,2238.4316,19.5184,1.0000,WIN,1971.3540,-12.80
2426,1971.3540,2238.4316,19.7135,1.0000,WIN,1991.0675,-11.93
2427,1991.0675,2238.4316,19.9107,1.0000,LOSS,1971.1568,-11.05
2428,1971.1568,2238.4316,19.7116,1.0000,LOSS,1951.4453,-11.94
2429,1951.4453,2238.4316,19.5145,1.0000,LOSS,1931.9308,-12.82
2430,1931.9308,2238.4316,19.3193,1.0000,LOSS,1912.6115,-13.69
2431,1912.6115,2238.4316,19.1261,1.0000,LOSS,1893.4854,-14.56
2432,1893.4854,2238.4316,18.9349,1.0000,LOSS,1874.5505,-15.41
2433,1874.5505,2238.4316,18.7455,1.0000,WIN,1893.2960,-16.26
2434,1893.2960,2238.4316,18.9330,1.0000,LOSS,1874.3631,-15.42
2435,1874.3631,2238.4316,18.7436,1.0000,LOSS,1855.6195,-16.26
2436,1855.6195,2238.4316,18.5562,1.0000,LOSS,1837.0633,-17.10
2437,1837.0633,2238.4316,18.3706,1.0000,LOSS,1818.6926,-17.93
2438,1818.6926,2238.4316,18.1869,1.0000,WIN,1836.8796,-18.75
2439,1836.8796,2238.4316,18.3688,1.0000,WIN,1855.2483,-17.94
2440,1855.2483,2238.4316,18.5525,1.0000,LOSS,1836.6959,-17.12
2441,1836.6959,2238.4316,18.3670,1.0000,WIN,1855.0628,-17.95
2442,1855.0628,2238.4316,18.5506,1.0000,LOSS,1836.5122,-17.13
2443,1836.5122,2238.4316,18.3651,1.0000,LOSS,1818.1471,-17.96
2444,1818.1471,2238.4316,18.1815,1.0000,WIN,1836.3285,-18.78
2445,1836.3285,2238.4316,18.3633,1.0000,WIN,1854.6918,-17.96
2446,1854.6918,2238.4316,18.5469,1.0000,LOSS,1836.1449,-17.14
2447,1836.1449,2238.4316,18.3614,1.0000,LOSS,1817.7835,-17.97
2448,1817.7835,2238.4316,18.1778,1.0000,LOSS,1799.6056,-18.79
2449,1799.6056,2238.4316,17.9961,1.0000,LOSS,1781.6096,-19.60
2450,1781.6096,2238.4316,17.8161,1.0000,WIN,1799.4257,-20.41
2451,1799.4257,2238.4316,17.9943,1.0000,WIN,1817.4199,-19.61
2452,1817.4199,2238.4316,18.1742,1.0000,LOSS,1799.2457,-18.81
2453,1799.2457,2238.4316,17.9925,1.0000,WIN,1817.2382,-19.62
2454,1817.2382,2238.4316,18.1724,1.0000,WIN,1835.4106,-18.82
2455,1835.4106,2238.4316,18.3541,1.0000,LOSS,1817.0565,-18.00
2456,1817.0565,2238.4316,18.1706,1.0000,WIN,1835.2270,-18.82
2457,1835.2270,2238.4316,18.3523,1.0000,LOSS,1816.8748,-18.01
2458,1816.8748,2238.4316,18.1687,1.0000,WIN,1835.0435,-18.83
2459,1835.0435,2238.4316,18.3504,1.0000,WIN,1853.3939,-18.02
2460,1853.3939,2238.4316,18.5339,1.0000,WIN,1871.9279,-17.20
2461,1871.9279,2238.4316,18.7193,1.0000,LOSS,1853.2086,-16.37
2462,1853.2086,2238.4316,18.5321,1.0000,WIN,1871.7407,-17.21
2463,1871.7407,2238.4316,18.7174,1.0000,WIN,1890.4581,-16.38
2464,1890.4581,2238.4316,18.9046,1.0000,LOSS,1871.5535,-15.55
2465,1871.5535,2238.4316,18.7155,1.0000,WIN,1890.2690,-16.39
2466,1890.2690,2238.4316,18.9027,1.0000,WIN,1909.1717,-15.55
2467,1909.1717,2238.4316,19.0917,1.0000,WIN,1928.2635,-14.71
2468,1928.2635,2238.4316,19.2826,1.0000,WIN,1947.5461,-13.86
2469,1947.5461,2238.4316,19.4755,1.0000,WIN,1967.0215,-13.00
2470,1967.0215,2238.4316,19.6702,1.0000,LOSS,1947.3513,-12.13
2471,1947.3513,2238.4316,19.4735,1.0000,WIN,1966.8248,-13.00
2472,1966.8248,2238.4316,19.6682,1.0000,LOSS,1947.1566,-12.13
2473,1947.1566,2238.4316,19.4716,1.0000,LOSS,1927.6850,-13.01
2474,1927.6850,2238.4316,19.2769,1.0000,LOSS,1908.4082,-13.88
2475,1908.4082,2238.4316,19.0841,1.0000,WIN,1927.4923,-14.74
2476,1927.4923,2238.4316,19.2749,1.0000,LOSS,1908.2173,-13.89
2477,1908.2173,2238.4316,19.0822,1.0000,WIN,1927.2995,-14.75
2478,1927.2995,2238.4316,19.2730,1.0000,WIN,1946.5725,-13.90
2479,1946.5725,2238.4316,19.4657,1.0000,WIN,1966.0382,-13.04
2480,1966.0382,2238.4316,19.6604,1.0000,LOSS,1946.3778,-12.17
2481,1946.3778,2238.4316,19.4638,1.0000,LOSS,1926.9141,-13.05
2482,1926.9141,2238.4316,19.2691,1.0000,LOSS,1907.6449,-13.92
2483,1907.6449,2238.4316,19.0764,1.0000,WIN,1926.7214,-14.78
2484,1926.7214,2238.4316,19.2672,1.0000,LOSS,1907.4542,-13.93
2485,1907.4542,2238.4316,19.0745,1.0000,WIN,1926.5287,-14.79
2486,1926.5287,2238.4316,19.2653,1.0000,LOSS,1907.2634,-13.93
2487,1907.2634,2238.4316,19.0726,1.0000,WIN,1926.3361,-14.79
2488,1926.3361,2238.4316,19.2634,1.0000,WIN,1945.5994,-13.94
2489,1945.5994,2238.4316,19.4560,1.0000,LOSS,1926.1434,-13.08
2490,1926.1434,2238.4316,19.2614,1.0000,LOSS,1906.8820,-13.95
2491,1906.8820,2238.4316,19.0688,1.0000,LOSS,1887.8132,-14.81
2492,1887.8132,2238.4316,18.8781,1.0000,WIN,1906.6913,-15.66
2493,1906.6913,2238.4316,19.0669,1.0000,LOSS,1887.6244,-14.82
2494,1887.6244,2238.4316,18.8762,1.0000,LOSS,1868.7481,-15.67
2495,1868.7481,2238.4316,18.6875,1.0000,WIN,1887.4356,-16.52
2496,1887.4356,2238.4316,18.8744,1.0000,LOSS,1868.5613,-15.68
2497,1868.5613,2238.4316,18.6856,1.0000,WIN,1887.2469,-16.52
2498,1887.2469,2238.4316,18.8725,1.0000,LOSS,1868.3744,-15.69
2499,1868.3744,2238.4316,18.6837,1.0000,LOSS,1849.6907,-16.53
2500,1849.6907,2238.4316,18.4969,1.0000,WIN,1868.1876,-17.37
2501,1868.1876,2238.4316,18.6819,1.0000,LOSS,1849.5057,-16.54
2502,1849.5057,2238.4316,18.4951,1.0000,LOSS,1831.0106,-17.37
2503,1831.0106,2238.4316,18.3101,1.0000,WIN,1849.3207,-18.20
2504,1849.3207,2238.4316,18.4932,1.0000,WIN,1867.8140,-17.38
2505,1867.8140,2238.4316,18.6781,1.0000,LOSS,1849.1358,-16.56
2506,1849.1358,2238.4316,18.4914,1.0000,LOSS,1830.6445,-17.39
2507,1830.6445,2238.4316,18.3064,1.0000,WIN,1848.9509,-18.22
2508,1848.9509,2238.4316,18.4895,1.0000,LOSS,1830.4614,-17.40
2509,1830.4614,2238.4316,18.3046,1.0000,LOSS,1812.1568,-18.23
2510,1812.1568,2238.4316,18.1216,1.0000,WIN,1830.2783,-19.04
2511,1830.2783,2238.4316,18.3028,1.0000,WIN,1848.5811,-18.23
2512,1848.5811,2238.4316,18.4858,1.0000,LOSS,1830.0953,-17.42
2513,1830.0953,2238.4316,18.3010,1.0000,WIN,1848.3963,-18.24
2514,1848.3963,2238.4316,18.4840,1.0000,WIN,1866.8802,-17.42
2515,1866.8802,2238.4316,18.6688,1.0000,WIN,1885.5490,-16.60
2516,1885.5490,2238.4316,18.8555,1.0000,WIN,1904.4045,-15.76
2517,1904.4045,2238.4316,19.0440,1.0000,WIN,1923.4486,-14.92
2518,1923.4486,2238.4316,19.2345,1.0000,LOSS,1904.2141,-14.07
2519,1904.2141,2238.4316,19.0421,1.0000,LOSS,1885.1719,-14.93
2520,1885.1719,2238.4316,18.8517,1.0000,LOSS,1866.3202,-15.78
2521,1866.3202,2238.4316,18.6632,1.0000,WIN,1884.9834,-16.62
2522,1884.9834,2238.4316,18.8498,1.0000,WIN,1903.8333,-15.79
2523,1903.8333,2238.4316,19.0383,1.0000,WIN,1922.8716,-14.95
2524,1922.8716,2238.4316,19.2287,1.0000,LOSS,1903.6429,-14.10
2525,1903.6429,2238.4316,19.0364,1.0000,LOSS,1884.6065,-14.96
2526,1884.6065,2238.4316,18.8461,1.0000,LOSS,1865.7604,-15.81
2527,1865.7604,2238.4316,18.6576,1.0000,WIN,1884.4180,-16.65
2528,1884.4180,2238.4316,18.8442,1.0000,WIN,1903.2622,-15.82
2529,1903.2622,2238.4316,19.0326,1.0000,LOSS,1884.2295,-14.97
2530,1884.2295,2238.4316,18.8423,1.0000,WIN,1903.0718,-15.82
2531,1903.0718,2238.4316,19.0307,1.0000,WIN,1922.1026,-14.98
2532,1922.1026,2238.4316,19.2210,1.0000,LOSS,1902.8815,-14.13
2533,1902.8815,2238.4316,19.0288,1.0000,WIN,1921.9104,-14.99
2534,1921.9104,2238.4316,19.2191,1.0000,WIN,1941.1295,-14.14
2535,1941.1295,2238.4316,19.4113,1.0000,WIN,1960.5407,-13.28
2536,1960.5407,2238.4316,19.6054,1.0000,WIN,1980.1462,-12.41
2537,1980.1462,2238.4316,19.8015,1.0000,LOSS,1960.3447,-11.54
2538,1960.3447,2238.4316,19.6034,1.0000,LOSS,1940.7412,-12.42
2539,1940.7412,2238.4316,19.4074,1.0000,LOSS,1921.3338,-13.30
2540,1921.3338,2238.4316,19.2133,1.0000,WIN,1940.5472,-14.17
2541,1940.5472,2238.4316,19.4055,1.0000,LOSS,1921.1417,-13.31
2542,1921.1417,2238.4316,19.2114,1.0000,WIN,1940.3531,-14.17
2543,1940.3531,2238.4316,19.4035,1.0000,LOSS,1920.9496,-13.32
2544,1920.9496,2238.4316,19.2095,1.0000,LOSS,1901.7401,-14.18
2545,1901.7401,2238.4316,19.0174,1.0000,WIN,1920.7575,-15.04
2546,1920.7575,2238.4316,19.2076,1.0000,LOSS,1901.5499,-14.19
2547,1901.5499,2238.4316,19.0155,1.0000,WIN,1920.5654,-15.05
2548,1920.5654,2238.4316,19.2057,1.0000,LOSS,1901.3598,-14.20
2549,1901.3598,2238.4316,19.0136,1.0000,WIN,1920.3734,-15.06
2550,1920.3734,2238.4316,19.2037,1.0000,WIN,1939.5771,-14.21
2551,1939.5771,2238.4316,19.3958,1.0000,WIN,1958.9729,-13.35
2552,1958.9729,2238.4316,19.5897,1.0000,LOSS,1939.3831,-12.48
2553,1939.3831,2238.4316,19.3938,1.0000,WIN,1958.7770,-13.36
2554,1958.7770,2238.4316,19.5878,1.0000,WIN,1978.3647,-12.49
2555,1978.3647,2238.4316,19.7836,1.0000,LOSS,1958.5811,-11.62
2556,1958.5811,2238.4316,19.5858,1.0000,WIN,1978.1669,-12.50
2557,1978.1669,2238.4316,19.7817,1.0000,WIN,1997.9486,-11.63
2558,1997.9486,2238.4316,19.9795,1.0000,LOSS,1977.9691,-10.74
2559,1977.9691,2238.4316,19.7797,1.0000,LOSS,1958.1894,-11.64
2560,1958.1894,2238.4316,19.5819,1.0000,LOSS,1938.6075,-12.52
2561,1938.6075,2238.4316,19.3861,1.0000,LOSS,1919.2214,-13.39
2562,1919.2214,2238.4316,19.1922,1.0000,LOSS,1900.0292,-14.26
2563,1900.0292,2238.4316,19.0003,1.0000,LOSS,1881.0289,-15.12
2564,1881.0289,2238.4316,18.8103,1.0000,LOSS,1862.2186,-15.97
2565,1862.2186,2238.4316,18.6222,1.0000,LOSS,1843.5964,-16.81
2566,1843.5964,2238.4316,18.4360,1.0000,WIN,1862.0324,-17.64
2567,1862.0324,2238.4316,18.6203,1.0000,LOSS,1843.4121,-16.82
2568,1843.4121,2238.4316,18.4341,1.0000,LOSS,1824.9780,-17.65
2569,1824.9780,2238.4316,18.2498,1.0000,WIN,1843.2277,-18.47
2570,1843.2277,2238.4316,18.4323,1.0000,WIN,1861.6600,-17.66
2571,1861.6600,2238.4316,18.6166,1.0000,WIN,1880.2766,-16.83
2572,1880.2766,2238.4316,18.8028,1.0000,LOSS,1861.4739,-16.00
2573,1861.4739,2238.4316,18.6147,1.0000,LOSS,1842.8591,-16.84
2574,1842.8591,2238.4316,18.4286,1.0000,WIN,1861.2877,-17.67
2575,1861.2877,2238.4316,18.6129,1.0000,LOSS,1842.6748,-16.85
2576,1842.6748,2238.4316,18.4267,1.0000,WIN,1861.1016,-17.68
2577,1861.1016,2238.4316,18.6110,1.0000,WIN,1879.7126,-16.86
2578,1879.7126,2238.4316,18.7971,1.0000,WIN,1898.5097,-16.03
2579,1898.5097,2238.4316,18.9851,1.0000,LOSS,1879.5246,-15.19
2580,1879.5246,2238.4316,18.7952,1.0000,LOSS,1860.7294,-16.03
2581,1860.7294,2238.4316,18.6073,1.0000,LOSS,1842.1221,-16.87
2582,1842.1221,2238.4316,18.4212,1.0000,WIN,1860.5433,-17.70
2583,1860.5433,2238.4316,18.6054,1.0000,WIN,1879.1487,-16.88
2584,1879.1487,2238.4316,18.7915,1.0000,LOSS,1860.3572,-16.05
2585,1860.3572,2238.4316,18.6036,1.0000,LOSS,1841.7537,-16.89
2586,1841.7537,2238.4316,18.4175,1.0000,LOSS,1823.3361,-17.72
2587,1823.3361,2238.4316,18.2334,1.0000,WIN,1841.5695,-18.54
2588,1841.5695,2238.4316,18.4157,1.0000,LOSS,1823.1538,-17.73
2589,1823.1538,2238.4316,18.2315,1.0000,WIN,1841.3853,-18.55
2590,1841.3853,2238.4316,18.4139,1.0000,LOSS,1822.9715,-17.74
2591,1822.9715,2238.4316,18.2297,1.0000,WIN,1841.2012,-18.56
2592,1841.2012,2238.4316,18.4120,1.0000,LOSS,1822.7892,-17.75
2593,1822.7892,2238.4316,18.2279,1.0000,WIN,1841.0171,-18.57
2594,1841.0171,2238.4316,18.4102,1.0000,WIN,1859.4273,-17.75
2595,1859.4273,2238.4316,18.5943,1.0000,WIN,1878.0215,-16.93
2596,1878.0215,2238.4316,18.7802,1.0000,WIN,1896.8017,-16.10
2597,1896.8017,2238.4316,18.9680,1.0000,WIN,1915.7698,-15.26
2598,1915.7698,2238.4316,19.1577,1.0000,WIN,1934.9275,-14.41
2599,1934.9275,2238.4316,19.3493,1.0000,LOSS,1915.5782,-13.56
2600,1915.5782,2238.4316,19.1558,1.0000,LOSS,1896.4224,-14.42
2601,1896.4224,2238.4316,18.9642,1.0000,LOSS,1877.4582,-15.28
2602,1877.4582,2238.4316,18.7746,1.0000,LOSS,1858.6836,-16.13
2603,1858.6836,2238.4316,18.5868,1.0000,WIN,1877.2704,-16.96
2604,1877.2704,2238.4316,18.7727,1.0000,LOSS,1858.4977,-16.13
2605,1858.4977,2238.4316,18.5850,1.0000,LOSS,1839.9128,-16.97
2606,1839.9128,2238.4316,18.3991,1.0000,WIN,1858.3119,-17.80
2607,1858.3119,2238.4316,18.5831,1.0000,LOSS,1839.7288,-16.98
2608,1839.7288,2238.4316,18.3973,1.0000,LOSS,1821.3315,-17.81
2609,1821.3315,2238.4316,18.2133,1.0000,LOSS,1803.1182,-18.63
2610,1803.1182,2238.4316,18.0312,1.0000,WIN,1821.1493,-19.45
2611,1821.1493,2238.4316,18.2115,1.0000,WIN,1839.3608,-18.64
2612,1839.3608,2238.4316,18.3936,1.0000,WIN,1857.7544,-17.83
2613,1857.7544,2238.4316,18.5775,1.0000,WIN,1876.3320,-17.01
2614,1876.3320,2238.4316,18.7633,1.0000,WIN,1895.0953,-16.18
2615,1895.0953,2238.4316,18.9510,1.0000,LOSS,1876.1444,-15.34
2616,1876.1444,2238.4316,18.7614,1.0000,LOSS,1857.3829,-16.18
2617,1857.3829,2238.4316,18.5738,1.0000,LOSS,1838.8091,-17.02
2618,1838.8091,2238.4316,18.3881,1.0000,WIN,1857.1972,-17.85
2619,1857.1972,2238.4316,18.5720,1.0000,LOSS,1838.6252,-17.03
2620,1838.6252,2238.4316,18.3863,1.0000,WIN,1857.0115,-17.86
2621,1857.0115,2238.4316,18.5701,1.0000,LOSS,1838.4413,-17.04
2622,1838.4413,2238.4316,18.3844,1.0000,WIN,1856.8257,-17.87
2623,1856.8257,2238.4316,18.5683,1.0000,LOSS,1838.2575,-17.05
2624,1838.2575,2238.4316,18.3826,1.0000,WIN,1856.6401,-17.88
2625,1856.6401,2238.4316,18.5664,1.0000,WIN,1875.2065,-17.06
2626,1875.2065,2238.4316,18.7521,1.0000,WIN,1893.9585,-16.23
2627,1893.9585,2238.4316,18.9396,1.0000,WIN,1912.8981,-15.39
2628,1912.8981,2238.4316,19.1290,1.0000,WIN,1932.0271,-14.54
2629,1932.0271,2238.4316,19.3203,1.0000,LOSS,1912.7068,-13.69
2630,1912.7068,2238.4316,19.1271,1.0000,LOSS,1893.5798,-14.55
2631,1893.5798,2238.4316,18.9358,1.0000,LOSS,1874.6440,-15.41
2632,1874.6440,2238.4316,18.7464,1.0000,LOSS,1855.8975,-16.25
2633,1855.8975,2238.4316,18.5590,1.0000,LOSS,1837.3385,-17.09
2634,1837.3385,2238.4316,18.3734,1.0000,LOSS,1818.9652,-17.92
2635,1818.9652,2238.4316,18.1897,1.0000,WIN,1837.1548,-18.74
2636,1837.1548,2238.4316,18.3715,1.0000,LOSS,1818.7833,-17.93
2637,1818.7833,2238.4316,18.1878,1.0000,WIN,1836.9711,-18.75
2638,1836.9711,2238.4316,18.3697,1.0000,WIN,1855.3408,-17.93
2639,1855.3408,2238.4316,18.5534,1.0000,LOSS,1836.7874,-17.11
2640,1836.7874,2238.4316,18.3679,1.0000,LOSS,1818.4195,-17.94
2641,1818.4195,2238.4316,18.1842,1.0000,LOSS,1800.2353,-18.76
2642,1800.2353,2238.4316,18.0024,1.0000,WIN,1818.2377,-19.58
2643,1818.2377,2238.4316,18.1824,1.0000,LOSS,1800.0553,-18.77
2644,1800.0553,2238.4316,18.0006,1.0000,LOSS,1782.0548,-19.58
2645,1782.0548,2238.4316,17.8205,1.0000,LOSS,1764.2342,-20.39
2646,1764.2342,2238.4316,17.6423,1.0000,LOSS,1746.5919,-21.18
2647,1746.5919,2238.4316,17.4659,1.0000,WIN,1764.0578,-21.97
2648,1764.0578,2238.4316,17.6406,1.0000,WIN,1781.6984,-21.19
2649,1781.6984,2238.4316,17.8170,1.0000,LOSS,1763.8814,-20.40
2650,1763.8814,2238.4316,17.6388,1.0000,WIN,1781.5202,-21.20
2651,1781.5202,2238.4316,17.8152,1.0000,WIN,1799.3354,-20.41
2652,1799.3354,2238.4316,17.9934,1.0000,LOSS,1781.3420,-19.62
2653,1781.3420,2238.4316,17.8134,1.0000,LOSS,1763.5286,-20.42
2654,1763.5286,2238.4316,17.6353,1.0000,LOSS,1745.8933,-21.22
2655,1745.8933,2238.4316,17.4589,1.0000,WIN,1763.3523,-22.00
2656,1763.3523,2238.4316,17.6335,1.0000,WIN,1780.9858,-21.22
2657,1780.9858,2238.4316,17.8099,1.0000,WIN,1798.7956,-20.44
2658,1798.7956,2238.4316,17.9880,1.0000,WIN,1816.7836,-19.64
2659,1816.7836,2238.4316,18.1678,1.0000,WIN,1834.9514,-18.84
2660,1834.9514,2238.4316,18.3495,1.0000,WIN,1853.3010,-18.03
2661,1853.3010,2238.4316,18.5330,1.0000,WIN,1871.8340,-17.21
2662,1871.8340,2238.4316,18.7183,1.0000,WIN,1890.5523,-16.38
2663,1890.5523,2238.4316,18.9055,1.0000,WIN,1909.4578,-15.54
2664,1909.4578,2238.4316,19.0946,1.0000,WIN,1928.5524,-14.70
2665,1928.5524,2238.4316,19.2855,1.0000,LOSS,1909.2669,-13.84
2666,1909.2669,2238.4316,19.0927,1.0000,LOSS,1890.1742,-14.71
2667,1890.1742,2238.4316,18.9017,1.0000,WIN,1909.0760,-15.56
2668,1909.0760,2238.4316,19.0908,1.0000,WIN,1928.1667,-14.71
2669,1928.1667,2238.4316,19.2817,1.0000,WIN,1947.4484,-13.86
2670,1947.4484,2238.4316,19.4745,1.0000,WIN,1966.9229,-13.00
2671,1966.9229,2238.4316,19.6692,1.0000,LOSS,1947.2536,-12.13
2672,1947.2536,2238.4316,19.4725,1.0000,WIN,1966.7262,-13.01
2673,1966.7262,2238.4316,19.6673,1.0000,LOSS,1947.0589,-12.14
2674,1947.0589,2238.4316,19.4706,1.0000,LOSS,1927.5883,-13.02
2675,1927.5883,2238.4316,19.2759,1.0000,WIN,1946.8642,-13.89
2676,1946.8642,2238.4316,19.4686,1.0000,LOSS,1927.3956,-13.03
2677,1927.3956,2238.4316,19.2740,1.0000,WIN,1946.6695,-13.90
2678,1946.6695,2238.4316,19.4667,1.0000,LOSS,1927.2028,-13.03
2679,1927.2028,2238.4316,19.2720,1.0000,LOSS,1907.9308,-13.90
2680,1907.9308,2238.4316,19.0793,1.0000,WIN,1927.0101,-14.76
2681,1927.0101,2238.4316,19.2701,1.0000,LOSS,1907.7400,-13.91
2682,1907.7400,2238.4316,19.0774,1.0000,LOSS,1888.6626,-14.77
2683,1888.6626,2238.4316,18.8866,1.0000,LOSS,1869.7760,-15.63
2684,1869.7760,2238.4316,18.6978,1.0000,LOSS,1851.0782,-16.47
2685,1851.0782,2238.4316,18.5108,1.0000,LOSS,1832.5674,-17.30
2686,1832.5674,2238.4316,18.3257,1.0000,LOSS,1814.2418,-18.13
2687,1814.2418,2238.4316,18.1424,1.0000,WIN,1832.3842,-18.95
2688,1832.3842,2238.4316,18.3238,1.0000,WIN,1850.7080,-18.14
2689,1850.7080,2238.4316,18.5071,1.0000,LOSS,1832.2009,-17.32
2690,1832.2009,2238.4316,18.3220,1.0000,LOSS,1813.8789,-18.15
2691,1813.8789,2238.4316,18.1388,1.0000,WIN,1832.0177,-18.97
2692,1832.0177,2238.4316,18.3202,1.0000,WIN,1850.3379,-18.16
2693,1850.3379,2238.4316,18.5034,1.0000,WIN,1868.8413,-17.34
2694,1868.8413,2238.4316,18.6884,1.0000,WIN,1887.5297,-16.51
2695,1887.5297,2238.4316,18.8753,1.0000,WIN,1906.4050,-15.68
2696,1906.4050,2238.4316,19.0640,1.0000,WIN,1925.4690,-14.83
2697,1925.4690,2238.4316,19.2547,1.0000,LOSS,1906.2143,-13.98
2698,1906.2143,2238.4316,19.0621,1.0000,LOSS,1887.1522,-14.84
2699,1887.1522,2238.4316,18.8715,1.0000,WIN,1906.0237,-15.69
2700,1906.0237,2238.4316,19.0602,1.0000,LOSS,1886.9635,-14.85
2701,1886.9635,2238.4316,18.8696,1.0000,WIN,1905.8331,-15.70
2702,1905.8331,2238.4316,19.0583,1.0000,WIN,1924.8915,-14.86
2703,1924.8915,2238.4316,19.2489,1.0000,WIN,1944.1404,-14.01
2704,1944.1404,2238.4316,19.4414,1.0000,LOSS,1924.6990,-13.15
2705,1924.6990,2238.4316,19.2470,1.0000,WIN,1943.9460,-14.02
2706,1943.9460,2238.4316,19.4395,1.0000,WIN,1963.3854,-13.16
2707,1963.3854,2238.4316,19.6339,1.0000,LOSS,1943.7516,-12.29
2708,1943.7516,2238.4316,19.4375,1.0000,WIN,1963.1891,-13.16
2709,1963.1891,2238.4316,19.6319,1.0000,LOSS,1943.5572,-12.30
2710,1943.5572,2238.4316,19.4356,1.0000,LOSS,1924.1216,-13.17
2711,1924.1216,2238.4316,19.2412,1.0000,LOSS,1904.8804,-14.04
2712,1904.8804,2238.4316,19.0488,1.0000,WIN,1923.9292,-14.90
2713,1923.9292,2238.4316,19.2393,1.0000,LOSS,1904.6899,-14.05
2714,1904.6899,2238.4316,19.0469,1.0000,WIN,1923.7368,-14.91
2715,1923.7368,2238.4316,19.2374,1.0000,LOSS,1904.4994,-14.06
2716,1904.4994,2238.4316,19.0450,1.0000,WIN,1923.5444,-14.92
2717,1923.5444,2238.4316,19.2354,1.0000,LOSS,1904.3090,-14.07
2718,1904.3090,2238.4316,19.0431,1.0000,LOSS,1885.2659,-14.93
2719,1885.2659,2238.4316,18.8527,1.0000,LOSS,1866.4132,-15.78
2720,1866.4132,2238.4316,18.6641,1.0000,LOSS,1847.7491,-16.62
2721,1847.7491,2238.4316,18.4775,1.0000,LOSS,1829.2716,-17.45
2722,1829.2716,2238.4316,18.2927,1.0000,LOSS,1810.9789,-18.28
2723,1810.9789,2238.4316,18.1098,1.0000,WIN,1829.0887,-19.10
2724,1829.0887,2238.4316,18.2909,1.0000,WIN,1847.3796,-18.29
2725,1847.3796,2238.4316,18.4738,1.0000,LOSS,1828.9058,-17.47
2726,1828.9058,2238.4316,18.2891,1.0000,LOSS,1810.6167,-18.30
2727,1810.6167,2238.4316,18.1062,1.0000,LOSS,1792.5106,-19.11
2728,1792.5106,2238.4316,17.9251,1.0000,WIN,1810.4357,-19.92
2729,1810.4357,2238.4316,18.1044,1.0000,WIN,1828.5400,-19.12
2730,1828.5400,2238.4316,18.2854,1.0000,WIN,1846.8254,-18.31
2731,1846.8254,2238.4316,18.4683,1.0000,LOSS,1828.3572,-17.49
2732,1828.3572,2238.4316,18.2836,1.0000,WIN,1846.6407,-18.32
2733,1846.6407,2238.4316,18.4664,1.0000,WIN,1865.1071,-17.50
2734,1865.1071,2238.4316,18.6511,1.0000,WIN,1883.7582,-16.68
2735,1883.7582,2238.4316,18.8376,1.0000,LOSS,1864.9206,-15.84
2736,1864.9206,2238.4316,18.6492,1.0000,LOSS,1846.2714,-16.69
2737,1846.2714,2238.4316,18.4627,1.0000,WIN,1864.7341,-17.52
2738,1864.7341,2238.4316,18.6473,1.0000,LOSS,1846.0868,-16.69
2739,1846.0868,2238.4316,18.4609,1.0000,WIN,1864.5477,-17.53
2740,1864.5477,2238.4316,18.6455,1.0000,LOSS,1845.9022,-16.70
2741,1845.9022,2238.4316,18.4590,1.0000,LOSS,1827.4432,-17.54
2742,1827.4432,2238.4316,18.2744,1.0000,LOSS,1809.1687,-18.36
2743,1809.1687,2238.4316,18.0917,1.0000,WIN,1827.2604,-19.18
2744,1827.2604,2238.4316,18.2726,1.0000,LOSS,1808.9878,-18.37
2745,1808.9878,2238.4316,18.0899,1.0000,WIN,1827.0777,-19.19
2746,1827.0777,2238.4316,18.2708,1.0000,LOSS,1808.8069,-18.38
2747,1808.8069,2238.4316,18.0881,1.0000,WIN,1826.8950,-19.19
2748,1826.8950,2238.4316,18.2689,1.0000,WIN,1845.1639,-18.39
2749,1845.1639,2238.4316,18.4516,1.0000,WIN,1863.6156,-17.57
2750,1863.6156,2238.4316,18.6362,1.0000,LOSS,1844.9794,-16.74
2751,1844.9794,2238.4316,18.4498,1.0000,WIN,1863.4292,-17.58
2752,1863.4292,2238.4316,18.6343,1.0000,LOSS,1844.7949,-16.75
2753,1844.7949,2238.4316,18.4479,1.0000,WIN,1863.2429,-17.59
2754,1863.2429,2238.4316,18.6324,1.0000,WIN,1881.8753,-16.76
2755,1881.8753,2238.4316,18.8188,1.0000,LOSS,1863.0565,-15.93
2756,1863.0565,2238.4316,18.6306,1.0000,LOSS,1844.4260,-16.77
2757,1844.4260,2238.4316,18.4443,1.0000,LOSS,1825.9817,-17.60
2758,1825.9817,2238.4316,18.2598,1.0000,LOSS,1807.7219,-18.43
2759,1807.7219,2238.4316,18.0772,1.0000,WIN,1825.7991,-19.24
2760,1825.7991,2238.4316,18.2580,1.0000,LOSS,1807.5411,-18.43
2761,1807.5411,2238.4316,18.0754,1.0000,WIN,1825.6165,-19.25
2762,1825.6165,2238.4316,18.2562,1.0000,WIN,1843.8727,-18.44
2763,1843.8727,2238.4316,18.4387,1.0000,WIN,1862.3114,-17.63
2764,1862.3114,2238.4316,18.6231,1.0000,LOSS,1843.6883,-16.80
2765,1843.6883,2238.4316,18.4369,1.0000,WIN,1862.1252,-17.63
2766,1862.1252,2238.4316,18.6213,1.0000,WIN,1880.7465,-16.81
2767,1880.7465,2238.4316,18.8075,1.0000,LOSS,1861.9390,-15.98
2768,1861.9390,2238.4316,18.6194,1.0000,LOSS,1843.3196,-16.82
2769,1843.3196,2238.4316,18.4332,1.0000,LOSS,1824.8864,-17.65
2770,1824.8864,2238.4316,18.2489,1.0000,LOSS,1806.6375,-18.47
2771,1806.6375,2238.4316,18.0664,1.0000,LOSS,1788.5712,-19.29
2772,1788.5712,2238.4316,17.8857,1.0000,LOSS,1770.6855,-20.10
2773,1770.6855,2238.4316,17.7069,1.0000,LOSS,1752.9786,-20.90
2774,1752.9786,2238.4316,17.5298,1.0000,WIN,1770.5084,-21.69
2775,1770.5084,2238.4316,17.7051,1.0000,LOSS,1752.8033,-20.90
2776,1752.8033,2238.4316,17.5280,1.0000,LOSS,1735.2753,-21.70
2777,1735.2753,2238.4316,17.3528,1.0000,WIN,1752.6280,-22.48
2778,1752.6280,2238.4316,17.5263,1.0000,LOSS,1735.1017,-21.70
2779,1735.1017,2238.4316,17.3510,1.0000,LOSS,1717.7507,-22.49
2780,1717.7507,2238.4316,17.1775,1.0000,LOSS,1700.5732,-23.26
2781,1700.5732,2238.4316,17.0057,1.0000,LOSS,1683.5675,-24.03
2782,1683.5675,2238.4316,16.8357,1.0000,LOSS,1666.7318,-24.79
2783,1666.7318,2238.4316,16.6673,1.0000,LOSS,1650.0645,-25.54
2784,1650.0645,2238.4316,16.5006,1.0000,LOSS,1633.5638,-26.28
2785,1633.5638,2238.4316,16.3356,1.0000,WIN,1649.8995,-27.02
2786,1649.8995,2238.4316,16.4990,1.0000,LOSS,1633.4005,-26.29
2787,1633.4005,2238.4316,16.3340,1.0000,LOSS,1617.0665,-27.03
2788,1617.0665,2238.4316,16.1707,1.0000,WIN,1633.2372,-27.76
2789,1633.2372,2238.4316,16.3324,1.0000,LOSS,1616.9048,-27.04
2790,1616.9048,2238.4316,16.1690,1.0000,WIN,1633.0738,-27.77
2791,1633.0738,2238.4316,16.3307,1.0000,LOSS,1616.7431,-27.04
2792,1616.7431,2238.4316,16.1674,1.0000,LOSS,1600.5757,-27.77
2793,1600.5757,2238.4316,16.0058,1.0000,LOSS,1584.5699,-28.50
2794,1584.5699,2238.4316,15.8457,1.0000,WIN,1600.4156,-29.21
2795,1600.4156,2238.4316,16.0042,1.0000,LOSS,1584.4114,-28.50
2796,1584.4114,2238.4316,15.8441,1.0000,WIN,1600.2556,-29.22
2797,1600.2556,2238.4316,16.0026,1.0000,LOSS,1584.2530,-28.51
2798,1584.2530,2238.4316,15.8425,1.0000,WIN,1600.0955,-29.22
2799,1600.0955,2238.4316,16.0010,1.0000,WIN,1616.0965,-28.52
2800,1616.0965,2238.4316,16.1610,1.0000,LOSS,1599.9355,-27.80
2801,1599.9355,2238.4316,15.9994,1.0000,LOSS,1583.9362,-28.52
2802,1583.9362,2238.4316,15.8394,1.0000,WIN,1599.7755,-29.24
2803,1599.7755,2238.4316,15.9978,1.0000,LOSS,1583.7778,-28.53
2804,1583.7778,2238.4316,15.8378,1.0000,WIN,1599.6156,-29.25
2805,1599.6156,2238.4316,15.9962,1.0000,WIN,1615.6117,-28.54
2806,1615.6117,2238.4316,16.1561,1.0000,LOSS,1599.4556,-27.82
2807,1599.4556,2238.4316,15.9946,1.0000,LOSS,1583.4610,-28.55
2808,1583.4610,2238.4316,15.8346,1.0000,WIN,1599.2956,-29.26
2809,1599.2956,2238.4316,15.9930,1.0000,LOSS,1583.3027,-28.55
2810,1583.3027,2238.4316,15.8330,1.0000,WIN,1599.1357,-29.27
2811,1599.1357,2238.4316,15.9914,1.0000,LOSS,1583.1444,-28.56
2812,1583.1444,2238.4316,15.8314,1.0000,LOSS,1567.3129,-29.27
2813,1567.3129,2238.4316,15.6731,1.0000,WIN,1582.9860,-29.98
2814,1582.9860,2238.4316,15.8299,1.0000,WIN,1598.8159,-29.28
2815,1598.8159,2238.4316,15.9882,1.0000,LOSS,1582.8277,-28.57
2816,1582.8277,2238.4316,15.8283,1.0000,WIN,1598.6560,-29.29
2817,1598.6560,2238.4316,15.9866,1.0000,LOSS,1582.6695,-28.58
2818,1582.6695,2238.4316,15.8267,1.0000,LOSS,1566.8428,-29.30
2819,1566.8428,2238.4316,15.6684,1.0000,WIN,1582.5112,-30.00
2820,1582.5112,2238.4316,15.8251,1.0000,LOSS,1566.6861,-29.30
2821,1566.6861,2238.4316,15.6669,1.0000,LOSS,1551.0192,-30.01
2822,1551.0192,2238.4316,15.5102,1.0000,LOSS,1535.5090,-30.71
2823,1535.5090,2238.4316,15.3551,1.0000,LOSS,1520.1539,-31.40
2824,1520.1539,2238.4316,15.2015,1.0000,LOSS,1504.9524,-32.09
2825,1504.9524,2238.4316,15.0495,1.0000,LOSS,1489.9029,-32.77
2826,1489.9029,2238.4316,14.8990,1.0000,WIN,1504.8019,-33.44
2827,1504.8019,2238.4316,15.0480,1.0000,LOSS,1489.7539,-32.77
2828,1489.7539,2238.4316,14.8975,1.0000,WIN,1504.6514,-33.45
2829,1504.6514,2238.4316,15.0465,1.0000,LOSS,1489.6049,-32.78
2830,1489.6049,2238.4316,14.8960,1.0000,LOSS,1474.7089,-33.45
2831,1474.7089,2238.4316,14.7471,1.0000,LOSS,1459.9618,-34.12
2832,1459.9618,2238.4316,14.5996,1.0000,WIN,1474.5614,-34.78
2833,1474.5614,2238.4316,14.7456,1.0000,WIN,1489.3070,-34.13
2834,1489.3070,2238.4316,14.8931,1.0000,WIN,1504.2001,-33.47
2835,1504.2001,2238.4316,15.0420,1.0000,WIN,1519.2421,-32.80
2836,1519.2421,2238.4316,15.1924,1.0000,WIN,1534.4345,-32.13
2837,1534.4345,2238.4316,15.3443,1.0000,WIN,1549.7788,-31.45
2838,1549.7788,2238.4316,15.4978,1.0000,WIN,1565.2766,-30.76
2839,1565.2766,2238.4316,15.6528,1.0000,WIN,1580.9294,-30.07
2840,1580.9294,2238.4316,15.8093,1.0000,LOSS,1565.1201,-29.37
2841,1565.1201,2238.4316,15.6512,1.0000,WIN,1580.7713,-30.08
2842,1580.7713,2238.4316,15.8077,1.0000,WIN,1596.5790,-29.38
2843,1596.5790,2238.4316,15.9658,1.0000,WIN,1612.5448,-28.67
2844,1612.5448,2238.4316,16.1254,1.0000,WIN,1628.6703,-27.96
2845,1628.6703,2238.4316,16.2867,1.0000,WIN,1644.9570,-27.24
2846,1644.9570,2238.4316,16.4496,1.0000,LOSS,1628.5074,-26.51
2847,1628.5074,2238.4316,16.2851,1.0000,LOSS,1612.2223,-27.25
2848,1612.2223,2238.4316,16.1222,1.0000,LOSS,1596.1001,-27.98
2849,1596.1001,2238.4316,15.9610,1.0000,WIN,1612.0611,-28.70
2850,1612.0611,2238.4316,16.1206,1.0000,WIN,1628.1817,-27.98
2851,1628.1817,2238.4316,16.2818,1.0000,WIN,1644.4635,-27.26
2852,1644.4635,2238.4316,16.4446,1.0000,WIN,1660.9082,-26.54
2853,1660.9082,2238.4316,16.6091,1.0000,LOSS,1644.2991,-25.80
2854,1644.2991,2238.4316,16.4430,1.0000,LOSS,1627.8561,-26.54
2855,1627.8561,2238.4316,16.2786,1.0000,LOSS,1611.5775,-27.28
2856,1611.5775,2238.4316,16.1158,1.0000,LOSS,1595.4617,-28.00
2857,1595.4617,2238.4316,15.9546,1.0000,LOSS,1579.5071,-28.72
2858,1579.5071,2238.4316,15.7951,1.0000,LOSS,1563.7121,-29.44
2859,1563.7121,2238.4316,15.6371,1.0000,WIN,1579.3492,-30.14
2860,1579.3492,2238.4316,15.7935,1.0000,LOSS,1563.5557,-29.44
2861,1563.5557,2238.4316,15.6356,1.0000,LOSS,1547.9201,-30.15
2862,1547.9201,2238.4316,15.4792,1.0000,LOSS,1532.4409,-30.85
2863,1532.4409,2238.4316,15.3244,1.0000,LOSS,1517.1165,-31.54
2864,1517.1165,2238.4316,15.1712,1.0000,LOSS,1501.9454,-32.22
2865,1501.9454,2238.4316,15.0195,1.0000,LOSS,1486.9259,-32.90
2866,1486.9259,2238.4316,14.8693,1.0000,LOSS,1472.0566,-33.57
2867,1472.0566,2238.4316,14.7206,1.0000,WIN,1486.7772,-34.24
2868,1486.7772,2238.4316,14.8678,1.0000,LOSS,1471.9094,-33.58
2869,1471.9094,2238.4316,14.7191,1.0000,LOSS,1457.1903,-34.24
2870,1457.1903,2238.4316,14.5719,1.0000,LOSS,1442.6184,-34.90
2871,1442.6184,2238.4316,14.4262,1.0000,WIN,1457.0446,-35.55
2872,1457.0446,2238.4316,14.5704,1.0000,WIN,1471.6151,-34.91
2873,1471.6151,2238.4316,14.7162,1.0000,LOSS,1456.8989,-34.26
2874,1456.8989,2238.4316,14.5690,1.0000,LOSS,1442.3299,-34.91
2875,1442.3299,2238.4316,14.4233,1.0000,LOSS,1427.9066,-35.57
2876,1427.9066,2238.4316,14.2791,1.0000,WIN,1442.1857,-36.21
2877,1442.1857,2238.4316,14.4219,1.0000,WIN,1456.6076,-35.57
2878,1456.6076,2238.4316,14.5661,1.0000,LOSS,1442.0415,-34.93
2879,1442.0415,2238.4316,14.4204,1.0000,LOSS,1427.6211,-35.58
2880,1427.6211,2238.4316,14.2762,1.0000,LOSS,1413.3449,-36.22
2881,1413.3449,2238.4316,14.1334,1.0000,LOSS,1399.2114,-36.86
2882,1399.2114,2238.4316,13.9921,1.0000,LOSS,1385.2193,-37.49
2883,1385.2193,2238.4316,13.8522,1.0000,WIN,1399.0715,-38.12
2884,1399.0715,2238.4316,13.9907,1.0000,LOSS,1385.0808,-37.50
2885,1385.0808,2238.4316,13.8508,1.0000,LOSS,1371.2300,-38.12
2886,1371.2300,2238.4316,13.7123,1.0000,WIN,1384.9423,-38.74
2887,1384.9423,2238.4316,13.8494,1.0000,LOSS,1371.0928,-38.13
2888,1371.0928,2238.4316,13.7109,1.0000,LOSS,1357.3819,-38.75
2889,1357.3819,2238.4316,13.5738,1.0000,WIN,1370.9557,-39.36
2890,1370.9557,2238.4316,13.7096,1.0000,WIN,1384.6653,-38.75
2891,1384.6653,2238.4316,13.8467,1.0000,LOSS,1370.8186,-38.14
2892,1370.8186,2238.4316,13.7082,1.0000,WIN,1384.5268,-38.76
2893,1384.5268,2238.4316,13.8453,1.0000,LOSS,1370.6816,-38.15
2894,1370.6816,2238.4316,13.7068,1.0000,LOSS,1356.9747,-38.77
2895,1356.9747,2238.4316,13.5697,1.0000,WIN,1370.5445,-39.38
2896,1370.5445,2238.4316,13.7054,1.0000,WIN,1384.2499,-38.77
2897,1384.2499,2238.4316,13.8425,1.0000,WIN,1398.0924,-38.16
2898,1398.0924,2238.4316,13.9809,1.0000,WIN,1412.0734,-37.54
2899,1412.0734,2238.4316,14.1207,1.0000,LOSS,1397.9526,-36.92
2900,1397.9526,2238.4316,13.9795,1.0000,WIN,1411.9321,-37.55
2901,1411.9321,2238.4316,14.1193,1.0000,WIN,1426.0515,-36.92
2902,1426.0515,2238.4316,14.2605,1.0000,WIN,1440.3120,-36.29
2903,1440.3120,2238.4316,14.4031,1.0000,WIN,1454.7151,-35.66
2904,1454.7151,2238.4316,14.5472,1.0000,LOSS,1440.1679,-35.01
2905,1440.1679,2238.4316,14.4017,1.0000,WIN,1454.5696,-35.66
2906,1454.5696,2238.4316,14.5457,1.0000,WIN,1469.1153,-35.02
2907,1469.1153,2238.4316,14.6912,1.0000,LOSS,1454.4242,-34.37
2908,1454.4242,2238.4316,14.5442,1.0000,WIN,1468.9684,-35.02
2909,1468.9684,2238.4316,14.6897,1.0000,WIN,1483.6581,-34.38
2910,1483.6581,2238.4316,14.8366,1.0000,WIN,1498.4947,-33.72
2911,1498.4947,2238.4316,14.9849,1.0000,WIN,1513.4796,-33.06
2912,1513.4796,2238.4316,15.1348,1.0000,LOSS,1498.3448,-32.39
2913,1498.3448,2238.4316,14.9834,1.0000,WIN,1513.3283,-33.06
2914,1513.3283,2238.4316,15.1333,1.0000,WIN,1528.4616,-32.39
2915,1528.4616,2238.4316,15.2846,1.0000,WIN,1543.7462,-31.72
2916,1543.7462,2238.4316,15.4375,1.0000,WIN,1559.1836,-31.03
2917,1559.1836,2238.4316,15.5918,1.0000,LOSS,1543.5918,-30.34
2918,1543.5918,2238.4316,15.4359,1.0000,WIN,1559.0277,-31.04
2919,1559.0277,2238.4316,15.5903,1.0000,LOSS,1543.4374,-30.35
2920,1543.4374,2238.4316,15.4344,1.0000,WIN,1558.8718,-31.05
2921,1558.8718,2238.4316,15.5887,1.0000,WIN,1574.4605,-30.36
2922,1574.4605,2238.4316,15.7446,1.0000,LOSS,1558.7159,-29.66
2923,1558.7159,2238.4316,15.5872,1.0000,WIN,1574.3031,-30.37
2924,1574.3031,2238.4316,15.7430,1.0000,LOSS,1558.5601,-29.67
2925,1558.5601,2238.4316,15.5856,1.0000,WIN,1574.1457,-30.37
2926,1574.1457,2238.4316,15.7415,1.0000,LOSS,1558.4042,-29.68
2927,1558.4042,2238.4316,15.5840,1.0000,LOSS,1542.8202,-30.38
2928,1542.8202,2238.4316,15.4282,1.0000,WIN,1558.2484,-31.08
2929,1558.2484,2238.4316,15.5825,1.0000,WIN,1573.8308,-30.39
2930,1573.8308,2238.4316,15.7383,1.0000,WIN,1589.5692,-29.69
2931,1589.5692,2238.4316,15.8957,1.0000,WIN,1605.4648,-28.99
2932,1605.4648,2238.4316,16.0546,1.0000,WIN,1621.5195,-28.28
2933,1621.5195,2238.4316,16.2152,1.0000,WIN,1637.7347,-27.56
2934,1637.7347,2238.4316,16.3773,1.0000,WIN,1654.1120,-26.84
2935,1654.1120,2238.4316,16.5411,1.0000,WIN,1670.6532,-26.10
2936,1670.6532,2238.4316,16.7065,1.0000,LOSS,1653.9466,-25.37
2937,1653.9466,2238.4316,16.5395,1.0000,WIN,1670.4861,-26.11
2938,1670.4861,2238.4316,16.7049,1.0000,LOSS,1653.7812,-25.37
2939,1653.7812,2238.4316,16.5378,1.0000,LOSS,1637.2434,-26.12
2940,1637.2434,2238.4316,16.3724,1.0000,LOSS,1620.8710,-26.86
2941,1620.8710,2238.4316,16.2087,1.0000,WIN,1637.0797,-27.59
2942,1637.0797,2238.4316,16.3708,1.0000,WIN,1653.4505,-26.86
2943,1653.4505,2238.4316,16.5345,1.0000,WIN,1669.9850,-26.13
2944,1669.9850,2238.4316,16.6998,1.0000,LOSS,1653.2851,-25.39
2945,1653.2851,2238.4316,16.5329,1.0000,LOSS,1636.7523,-26.14
2946,1636.7523,2238.4316,16.3675,1.0000,LOSS,1620.3848,-26.88
2947,1620.3848,2238.4316,16.2038,1.0000,LOSS,1604.1809,-27.61
2948,1604.1809,2238.4316,16.0418,1.0000,WIN,1620.2227,-28.33
2949,1620.2227,2238.4316,16.2022,1.0000,WIN,1636.4250,-27.62
2950,1636.4250,2238.4316,16.3642,1.0000,WIN,1652.7892,-26.89
2951,1652.7892,2238.4316,16.5279,1.0000,WIN,1669.3171,-26.16
2952,1669.3171,2238.4316,16.6932,1.0000,WIN,1686.0103,-25.42
2953,1686.0103,2238.4316,16.8601,1.0000,LOSS,1669.1502,-24.68
2954,1669.1502,2238.4316,16.6915,1.0000,LOSS,1652.4587,-25.43
2955,1652.4587,2238.4316,16.5246,1.0000,WIN,1668.9833,-26.18
2956,1668.9833,2238.4316,16.6898,1.0000,LOSS,1652.2934,-25.44
2957,1652.2934,2238.4316,16.5229,1.0000,WIN,1668.8164,-26.19
2958,1668.8164,2238.4316,16.6882,1.0000,WIN,1685.5045,-25.45
2959,1685.5045,2238.4316,16.8550,1.0000,LOSS,1668.6495,-24.70
2960,1668.6495,2238.4316,16.6865,1.0000,LOSS,1651.9630,-25.45
2961,1651.9630,2238.4316,16.5196,1.0000,WIN,1668.4826,-26.20
2962,1668.4826,2238.4316,16.6848,1.0000,WIN,1685.1674,-25.46
2963,1685.1674,2238.4316,16.8517,1.0000,WIN,1702.0191,-24.72
2964,1702.0191,2238.4316,17.0202,1.0000,WIN,1719.0393,-23.96
2965,1719.0393,2238.4316,17.1904,1.0000,LOSS,1701.8489,-23.20
2966,1701.8489,2238.4316,17.0185,1.0000,WIN,1718.8674,-23.97
2967,1718.8674,2238.4316,17.1887,1.0000,LOSS,1701.6787,-23.21
2968,1701.6787,2238.4316,17.0168,1.0000,LOSS,1684.6619,-23.98
2969,1684.6619,2238.4316,16.8466,1.0000,LOSS,1667.8153,-24.74
2970,1667.8153,2238.4316,16.6782,1.0000,WIN,1684.4935,-25.49
2971,1684.4935,2238.4316,16.8449,1.0000,LOSS,1667.6485,-24.75
2972,1667.6485,2238.4316,16.6765,1.0000,LOSS,1650.9720,-25.50
2973,1650.9720,2238.4316,16.5097,1.0000,LOSS,1634.4623,-26.24
2974,1634.4623,2238.4316,16.3446,1.0000,LOSS,1618.1177,-26.98
2975,1618.1177,2238.4316,16.1812,1.0000,WIN,1634.2989,-27.71
2976,1634.2989,2238.4316,16.3430,1.0000,WIN,1650.6419,-26.99
2977,1650.6419,2238.4316,16.5064,1.0000,LOSS,1634.1355,-26.26
2978,1634.1355,2238.4316,16.3414,1.0000,LOSS,1617.7941,-27.00
2979,1617.7941,2238.4316,16.1779,1.0000,LOSS,1601.6162,-27.73
2980,1601.6162,2238.4316,16.0162,1.0000,LOSS,1585.6000,-28.45
2981,1585.6000,2238.4316,15.8560,1.0000,WIN,1601.4560,-29.16
2982,1601.4560,2238.4316,16.0146,1.0000,WIN,1617.4706,-28.46
2983,1617.4706,2238.4316,16.1747,1.0000,WIN,1633.6453,-27.74
2984,1633.6453,2238.4316,16.3365,1.0000,LOSS,1617.3088,-27.02
2985,1617.3088,2238.4316,16.1731,1.0000,WIN,1633.4819,-27.75
2986,1633.4819,2238.4316,16.3348,1.0000,LOSS,1617.1471,-27.03
2987,1617.1471,2238.4316,16.1715,1.0000,LOSS,1600.9756,-27.76
2988,1600.9756,2238.4316,16.0098,1.0000,WIN,1616.9854,-28.48
2989,1616.9854,2238.4316,16.1699,1.0000,WIN,1633.1552,-27.76
2990,1633.1552,2238.4316,16.3316,1.0000,LOSS,1616.8237,-27.04
2991,1616.8237,2238.4316,16.1682,1.0000,WIN,1632.9919,-27.77
2992,1632.9919,2238.4316,16.3299,1.0000,WIN,1649.3218,-27.05
2993,1649.3218,2238.4316,16.4932,1.0000,LOSS,1632.8286,-26.32
2994,1632.8286,2238.4316,16.3283,1.0000,WIN,1649.1569,-27.05
2995,1649.1569,2238.4316,16.4916,1.0000,WIN,1665.6485,-26.33
2996,1665.6485,2238.4316,16.6565,1.0000,WIN,1682.3049,-25.59
2997,1682.3049,2238.4316,16.8230,1.0000,WIN,1699.1280,-24.84
2998,1699.1280,2238.4316,16.9913,1.0000,WIN,1716.1193,-24.09
2999,1716.1193,2238.4316,17.1612,1.0000,WIN,1733.2805,-23.33
3000,1733.2805,2238.4316,17.3328,1.0000,LOSS,1715.9477,-22.57
3001,1715.9477,2238.4316,17.1595,1.0000,WIN,1733.1071,-23.34
3002,1733.1071,2238.4316,17.3311,1.0000,LOSS,1715.7761,-22.57
3003,1715.7761,2238.4316,17.1578,1.0000,WIN,1732.9338,-23.35
3004,1732.9338,2238.4316,17.3293,1.0000,WIN,1750.2632,-22.58
3005,1750.2632,2238.4316,17.5026,1.0000,WIN,1767.7658,-21.81
3006,1767.7658,2238.4316,17.6777,1.0000,LOSS,1750.0881,-21.03
3007,1750.0881,2238.4316,17.5009,1.0000,WIN,1767.5890,-21.82
3008,1767.5890,2238.4316,17.6759,1.0000,LOSS,1749.9131,-21.03
3009,1749.9131,2238.4316,17.4991,1.0000,LOSS,1732.4140,-21.82
3010,1732.4140,2238.4316,17.3241,1.0000,LOSS,1715.0899,-22.61
3011,1715.0899,2238.4316,17.1509,1.0000,WIN,1732.2408,-23.38
3012,1732.2408,2238.4316,17.3224,1.0000,LOSS,1714.9183,-22.61
3013,1714.9183,2238.4316,17.1492,1.0000,LOSS,1697.7692,-23.39
3014,1697.7692,2238.4316,16.9777,1.0000,WIN,1714.7469,-24.15
3015,1714.7469,2238.4316,17.1475,1.0000,LOSS,1697.5994,-23.40
3016,1697.5994,2238.4316,16.9760,1.0000,LOSS,1680.6234,-24.16
3017,1680.6234,2238.4316,16.8062,1.0000,WIN,1697.4296,-24.92
3018,1697.4296,2238.4316,16.9743,1.0000,WIN,1714.4039,-24.17
3019,1714.4039,2238.4316,17.1440,1.0000,WIN,1731.5480,-23.41
3020,1731.5480,2238.4316,17.3155,1.0000,WIN,1748.8634,-22.64
3021,1748.8634,2238.4316,17.4886,1.0000,LOSS,1731.3748,-21.87
3022,1731.3748,2238.4316,17.3137,1.0000,LOSS,1714.0611,-22.65
3023,1714.0611,2238.4316,17.1406,1.0000,LOSS,1696.9204,-23.43
3024,1696.9204,2238.4316,16.9692,1.0000,WIN,1713.8897,-24.19
3025,1713.8897,2238.4316,17.1389,1.0000,WIN,1731.0285,-23.43
3026,1731.0285,2238.4316,17.3103,1.0000,WIN,1748.3388,-22.67
3027,1748.3388,2238.4316,17.4834,1.0000,WIN,1765.8222,-21.89
3028,1765.8222,2238.4316,17.6582,1.0000,WIN,1783.4804,-21.11
3029,1783.4804,2238.4316,17.8348,1.0000,LOSS,1765.6456,-20.32
3030,1765.6456,2238.4316,17.6565,1.0000,WIN,1783.3021,-21.12
3031,1783.3021,2238.4316,17.8330,1.0000,LOSS,1765.4691,-20.33
3032,1765.4691,2238.4316,17.6547,1.0000,WIN,1783.1238,-21.13
3033,1783.1238,2238.4316,17.8312,1.0000,WIN,1800.9550,-20.34
3034,1800.9550,2238.4316,18.0096,1.0000,WIN,1818.9646,-19.54
3035,1818.9646,2238.4316,18.1896,1.0000,WIN,1837.1542,-18.74
3036,1837.1542,2238.4316,18.3715,1.0000,WIN,1855.5257,-17.93
3037,1855.5257,2238.4316,18.5553,1.0000,WIN,1874.0810,-17.11
3038,1874.0810,2238.4316,18.7408,1.0000,LOSS,1855.3402,-16.28
3039,1855.3402,2238.4316,18.5534,1.0000,WIN,1873.8936,-17.11
3040,1873.8936,2238.4316,18.7389,1.0000,WIN,1892.6325,-16.29
3041,1892.6325,2238.4316,18.9263,1.0000,LOSS,1873.7062,-15.45
3042,1873.7062,2238.4316,18.7371,1.0000,LOSS,1854.9691,-16.29
3043,1854.9691,2238.4316,18.5497,1.0000,LOSS,1836.4194,-17.13
3044,1836.4194,2238.4316,18.3642,1.0000,LOSS,1818.0553,-17.96
3045,1818.0553,2238.4316,18.1806,1.0000,LOSS,1799.8747,-18.78
3046,1799.8747,2238.4316,17.9987,1.0000,WIN,1817.8734,-19.59
3047,1817.8734,2238.4316,18.1787,1.0000,LOSS,1799.6947,-18.79
3048,1799.6947,2238.4316,17.9969,1.0000,LOSS,1781.6978,-19.60
3049,1781.6978,2238.4316,17.8170,1.0000,LOSS,1763.8808,-20.40
3050,1763.8808,2238.4316,17.6388,1.0000,WIN,1781.5196,-21.20
3051,1781.5196,2238.4316,17.8152,1.0000,WIN,1799.3348,-20.41
3052,1799.3348,2238.4316,17.9933,1.0000,WIN,1817.3281,-19.62
3053,1817.3281,2238.4316,18.1733,1.0000,WIN,1835.5014,-18.81
3054,1835.5014,2238.4316,18.3550,1.0000,LOSS,1817.1464,-18.00
3055,1817.1464,2238.4316,18.1715,1.0000,WIN,1835.3179,-18.82
3056,1835.3179,2238.4316,18.3532,1.0000,WIN,1853.6711,-18.01
3057,1853.6711,2238.4316,18.5367,1.0000,WIN,1872.2078,-17.19
3058,1872.2078,2238.4316,18.7221,1.0000,LOSS,1853.4857,-16.36
3059,1853.4857,2238.4316,18.5349,1.0000,WIN,1872.0205,-17.20
3060,1872.0205,2238.4316,18.7202,1.0000,WIN,1890.7407,-16.37
3061,1890.7407,2238.4316,18.9074,1.0000,LOSS,1871.8333,-15.53
3062,1871.8333,2238.4316,18.7183,1.0000,LOSS,1853.1150,-16.38
3063,1853.1150,2238.4316,18.5312,1.0000,WIN,1871.6462,-17.21
3064,1871.6462,2238.4316,18.7165,1.0000,LOSS,1852.9297,-16.39
3065,1852.9297,2238.4316,18.5293,1.0000,LOSS,1834.4004,-17.22
3066,1834.4004,2238.4316,18.3440,1.0000,LOSS,1816.0564,-18.05
3067,1816.0564,2238.4316,18.1606,1.0000,LOSS,1797.8958,-18.87
3068,1797.8958,2238.4316,17.9790,1.0000,LOSS,1779.9169,-19.68
3069,1779.9169,2238.4316,17.7992,1.0000,LOSS,1762.1177,-20.48
3070,1762.1177,2238.4316,17.6212,1.0000,WIN,1779.7389,-21.28
3071,1779.7389,2238.4316,17.7974,1.0000,WIN,1797.5363,-20.49
3072,1797.5363,2238.4316,17.9754,1.0000,WIN,1815.5116,-19.70
3073,1815.5116,2238.4316,18.1551,1.0000,WIN,1833.6667,-18.89
3074,1833.6667,2238.4316,18.3367,1.0000,LOSS,1815.3301,-18.08
3075,1815.3301,2238.4316,18.1533,1.0000,LOSS,1797.1768,-18.90
3076,1797.1768,2238.4316,17.9718,1.0000,WIN,1815.1485,-19.71
3077,1815.1485,2238.4316,18.1515,1.0000,LOSS,1796.9971,-18.91
3078,1796.9971,2238.4316,17.9700,1.0000,WIN,1814.9670,-19.72
3079,1814.9670,2238.4316,18.1497,1.0000,LOSS,1796.8174,-18.92
3080,1796.8174,2238.4316,17.9682,1.0000,WIN,1814.7855,-19.73
3081,1814.7855,2238.4316,18.1479,1.0000,LOSS,1796.6377,-18.93
3082,1796.6377,2238.4316,17.9664,1.0000,WIN,1814.6041,-19.74
3083,1814.6041,2238.4316,18.1460,1.0000,WIN,1832.7501,-18.93
3084,1832.7501,2238.4316,18.3275,1.0000,LOSS,1814.4226,-18.12
3085,1814.4226,2238.4316,18.1442,1.0000,LOSS,1796.2784,-18.94
3086,1796.2784,2238.4316,17.9628,1.0000,LOSS,1778.3156,-19.75
3087,1778.3156,2238.4316,17.7832,1.0000,WIN,1796.0987,-20.56
3088,1796.0987,2238.4316,17.9610,1.0000,WIN,1814.0597,-19.76
3089,1814.0597,2238.4316,18.1406,1.0000,WIN,1832.2003,-18.96
3090,1832.2003,2238.4316,18.3220,1.0000,WIN,1850.5223,-18.15
3091,1850.5223,2238.4316,18.5052,1.0000,WIN,1869.0276,-17.33
3092,1869.0276,2238.4316,18.6903,1.0000,LOSS,1850.3373,-16.50
3093,1850.3373,2238.4316,18.5034,1.0000,WIN,1868.8407,-17.34
3094,1868.8407,2238.4316,18.6884,1.0000,WIN,1887.5291,-16.51
3095,1887.5291,2238.4316,18.8753,1.0000,WIN,1906.4043,-15.68
3096,1906.4043,2238.4316,19.0640,1.0000,LOSS,1887.3403,-14.83
3097,1887.3403,2238.4316,18.8734,1.0000,WIN,1906.2137,-15.68
3098,1906.2137,2238.4316,19.0621,1.0000,WIN,1925.2758,-14.84
3099,1925.2758,2238.4316,19.2528,1.0000,WIN,1944.5286,-13.99
3100,1944.5286,2238.4316,19.4453,1.0000,WIN,1963.9739,-13.13
3101,1963.9739,2238.4316,19.6397,1.0000,WIN,1983.6136,-12.26
3102,1983.6136,2238.4316,19.8361,1.0000,WIN,2003.4498,-11.38
3103,2003.4498,2238.4316,20.0345,1.0000,WIN,2023.4843,-10.50
3104,2023.4843,2238.4316,20.2348,1.0000,WIN,2043.7191,-9.60
3105,2043.7191,2238.4316,20.4372,1.0000,WIN,2064.1563,-8.70
3106,2064.1563,2238.4316,20.6416,1.0000,WIN,2084.7979,-7.79
3107,2084.7979,2238.4316,20.8480,1.0000,WIN,2105.6458,-6.86
3108,2105.6458,2238.4316,21.0565,1.0000,LOSS,2084.5894,-5.93
3109,2084.5894,2238.4316,20.8459,1.0000,LOSS,2063.7435,-6.87
3110,2063.7435,2238.4316,20.6374,1.0000,LOSS,2043.1061,-7.80
3111,2043.1061,2238.4316,20.4311,1.0000,LOSS,2022.6750,-8.73
3112,2022.6750,2238.4316,20.2267,1.0000,WIN,2042.9017,-9.64
3113,2042.9017,2238.4316,20.4290,1.0000,WIN,2063.3308,-8.74
3114,2063.3308,2238.4316,20.6333,1.0000,LOSS,2042.6974,-7.82
3115,2042.6974,2238.4316,20.4270,1.0000,LOSS,2022.2705,-8.74
3116,2022.2705,2238.4316,20.2227,1.0000,LOSS,2002.0478,-9.66
3117,2002.0478,2238.4316,20.0205,1.0000,LOSS,1982.0273,-10.56
3118,1982.0273,2238.4316,19.8203,1.0000,WIN,2001.8476,-11.45
3119,2001.8476,2238.4316,20.0185,1.0000,WIN,2021.8660,-10.57
3120,2021.8660,2238.4316,20.2187,1.0000,WIN,2042.0847,-9.67
3121,2042.0847,2238.4316,20.4208,1.0000,LOSS,2021.6639,-8.77
3122,2021.6639,2238.4316,20.2166,1.0000,LOSS,2001.4472,-9.68
3123,2001.4472,2238.4316,20.0145,1.0000,WIN,2021.4617,-10.59
3124,2021.4617,2238.4316,20.2146,1.0000,WIN,2041.6763,-9.69
3125,2041.6763,2238.4316,20.4168,1.0000,WIN,2062.0931,-8.79
3126,2062.0931,2238.4316,20.6209,1.0000,LOSS,2041.4721,-7.88
3127,2041.4721,2238.4316,20.4147,1.0000,LOSS,2021.0574,-8.80
3128,2021.0574,2238.4316,20.2106,1.0000,WIN,2041.2680,-9.71
3129,2041.2680,2238.4316,20.4127,1.0000,WIN,2061.6807,-8.81
3130,2061.6807,2238.4316,20.6168,1.0000,LOSS,2041.0639,-7.90
3131,2041.0639,2238.4316,20.4106,1.0000,LOSS,2020.6532,-8.82
3132,2020.6532,2238.4316,20.2065,1.0000,WIN,2040.8598,-9.73
3133,2040.8598,2238.4316,20.4086,1.0000,LOSS,2020.4512,-8.83
3134,2020.4512,2238.4316,20.2045,1.0000,LOSS,2000.2466,-9.74
3135,2000.2466,2238.4316,20.0025,1.0000,LOSS,1980.2442,-10.64
3136,1980.2442,2238.4316,19.8024,1.0000,WIN,2000.0466,-11.53
3137,2000.0466,2238.4316,20.0005,1.0000,WIN,2020.0471,-10.65
3138,2020.0471,2238.4316,20.2005,1.0000,LOSS,1999.8466,-9.76
3139,1999.8466,2238.4316,19.9985,1.0000,WIN,2019.8451,-10.66
3140,2019.8451,2238.4316,20.1985,1.0000,LOSS,1999.6466,-9.77
3141,1999.6466,2238.4316,19.9965,1.0000,WIN,2019.6431,-10.67
3142,2019.6431,2238.4316,20.1964,1.0000,LOSS,1999.4467,-9.77
3143,1999.4467,2238.4316,19.9945,1.0000,LOSS,1979.4522,-10.68
3144,1979.4522,2238.4316,19.7945,1.0000,WIN,1999.2467,-11.57
3145,1999.2467,2238.4316,19.9925,1.0000,LOSS,1979.2543,-10.69
3146,1979.2543,2238.4316,19.7925,1.0000,WIN,1999.0468,-11.58
3147,1999.0468,2238.4316,19.9905,1.0000,LOSS,1979.0563,-10.69
3148,1979.0563,2238.4316,19.7906,1.0000,WIN,1998.8469,-11.59
3149,1998.8469,2238.4316,19.9885,1.0000,LOSS,1978.8584,-10.70
3150,1978.8584,2238.4316,19.7886,1.0000,WIN,1998.6470,-11.60
3151,1998.6470,2238.4316,19.9865,1.0000,LOSS,1978.6605,-10.71
3152,1978.6605,2238.4316,19.7866,1.0000,WIN,1998.4471,-11.61
3153,1998.4471,2238.4316,19.9845,1.0000,LOSS,1978.4627,-10.72
3154,1978.4627,2238.4316,19.7846,1.0000,LOSS,1958.6780,-11.61
3155,1958.6780,2238.4316,19.5868,1.0000,WIN,1978.2648,-12.50
3156,1978.2648,2238.4316,19.7826,1.0000,LOSS,1958.4822,-11.62
3157,1958.4822,2238.4316,19.5848,1.0000,LOSS,1938.8974,-12.51
3158,1938.8974,2238.4316,19.3890,1.0000,LOSS,1919.5084,-13.38
3159,1919.5084,2238.4316,19.1951,1.0000,WIN,1938.7035,-14.25
3160,1938.7035,2238.4316,19.3870,1.0000,WIN,1958.0905,-13.39
3161,1958.0905,2238.4316,19.5809,1.0000,LOSS,1938.5096,-12.52
3162,1938.5096,2238.4316,19.3851,1.0000,LOSS,1919.1245,-13.40
3163,1919.1245,2238.4316,19.1912,1.0000,LOSS,1899.9333,-14.26
3164,1899.9333,2238.4316,18.9993,1.0000,WIN,1918.9326,-15.12
3165,1918.9326,2238.4316,19.1893,1.0000,LOSS,1899.7433,-14.27
3166,1899.7433,2238.4316,18.9974,1.0000,LOSS,1880.7458,-15.13
3167,1880.7458,2238.4316,18.8075,1.0000,WIN,1899.5533,-15.98
3168,1899.5533,2238.4316,18.9955,1.0000,LOSS,1880.5578,-15.14
3169,1880.5578,2238.4316,18.8056,1.0000,LOSS,1861.7522,-15.99
3170,1861.7522,2238.4316,18.6175,1.0000,LOSS,1843.1347,-16.83
3171,1843.1347,2238.4316,18.4313,1.0000,LOSS,1824.7033,-17.66
3172,1824.7033,2238.4316,18.2470,1.0000,LOSS,1806.4563,-18.48
3173,1806.4563,2238.4316,18.0646,1.0000,LOSS,1788.3917,-19.30
3174,1788.3917,2238.4316,17.8839,1.0000,LOSS,1770.5078,-20.11
3175,1770.5078,2238.4316,17.7051,1.0000,LOSS,1752.8027,-20.90
3176,1752.8027,2238.4316,17.5280,1.0000,LOSS,1735.2747,-21.70
3177,1735.2747,2238.4316,17.3527,1.0000,LOSS,1717.9219,-22.48
3178,1717.9219,2238.4316,17.1792,1.0000,LOSS,1700.7427,-23.25
3179,1700.7427,2238.4316,17.0074,1.0000,LOSS,1683.7353,-24.02
3180,1683.7353,2238.4316,16.8374,1.0000,WIN,1700.5727,-24.78
3181,1700.5727,2238.4316,17.0057,1.0000,WIN,1717.5784,-24.03
3182,1717.5784,2238.4316,17.1758,1.0000,LOSS,1700.4026,-23.27
3183,1700.4026,2238.4316,17.0040,1.0000,WIN,1717.4066,-24.04
3184,1717.4066,2238.4316,17.1741,1.0000,WIN,1734.5807,-23.28
3185,1734.5807,2238.4316,17.3458,1.0000,LOSS,1717.2349,-22.51
3186,1717.2349,2238.4316,17.1723,1.0000,WIN,1734.4072,-23.28
3187,1734.4072,2238.4316,17.3441,1.0000,WIN,1751.7513,-22.52
3188,1751.7513,2238.4316,17.5175,1.0000,WIN,1769.2688,-21.74
3189,1769.2688,2238.4316,17.6927,1.0000,WIN,1786.9615,-20.96
3190,1786.9615,2238.4316,17.8696,1.0000,LOSS,1769.0919,-20.17
3191,1769.0919,2238.4316,17.6909,1.0000,WIN,1786.7828,-20.97
3192,1786.7828,2238.4316,17.8678,1.0000,WIN,1804.6506,-20.18
3193,1804.6506,2238.4316,18.0465,1.0000,LOSS,1786.6041,-19.38
3194,1786.6041,2238.4316,17.8660,1.0000,WIN,1804.4702,-20.19
3195,1804.4702,2238.4316,18.0447,1.0000,WIN,1822.5149,-19.39
3196,1822.5149,2238.4316,18.2251,1.0000,LOSS,1804.2897,-18.58
3197,1804.2897,2238.4316,18.0429,1.0000,WIN,1822.3326,-19.39
3198,1822.3326,2238.4316,18.2233,1.0000,LOSS,1804.1093,-18.59
3199,1804.1093,2238.4316,18.0411,1.0000,WIN,1822.1504,-19.40
3200,1822.1504,2238.4316,18.2215,1.0000,WIN,1840.3719,-18.60
3201,1840.3719,2238.4316,18.4037,1.0000,LOSS,1821.9682,-17.78
3202,1821.9682,2238.4316,18.2197,1.0000,LOSS,1803.7485,-18.61
3203,1803.7485,2238.4316,18.0375,1.0000,LOSS,1785.7110,-19.42
3204,1785.7110,2238.4316,17.8571,1.0000,LOSS,1767.8539,-20.22
3205,1767.8539,2238.4316,17.6785,1.0000,WIN,1785.5324,-21.02
3206,1785.5324,2238.4316,17.8553,1.0000,WIN,1803.3878,-20.23
3207,1803.3878,2238.4316,18.0339,1.0000,LOSS,1785.3539,-19.44
3208,1785.3539,2238.4316,17.8535,1.0000,LOSS,1767.5003,-20.24
3209,1767.5003,2238.4316,17.6750,1.0000,LOSS,1749.8253,-21.04
3210,1749.8253,2238.4316,17.4983,1.0000,LOSS,1732.3271,-21.83
3211,1732.3271,2238.4316,17.3233,1.0000,WIN,1749.6504,-22.61
3212,1749.6504,2238.4316,17.4965,1.0000,WIN,1767.1469,-21.84
3213,1767.1469,2238.4316,17.6715,1.0000,WIN,1784.8183,-21.05
3214,1784.8183,2238.4316,17.8482,1.0000,WIN,1802.6665,-20.26
3215,1802.6665,2238.4316,18.0267,1.0000,WIN,1820.6932,-19.47
3216,1820.6932,2238.4316,18.2069,1.0000,WIN,1838.9001,-18.66
3217,1838.9001,2238.4316,18.3890,1.0000,WIN,1857.2891,-17.85
3218,1857.2891,2238.4316,18.5729,1.0000,WIN,1875.8620,-17.03
3219,1875.8620,2238.4316,18.7586,1.0000,WIN,1894.6206,-16.20
3220,1894.6206,2238.4316,18.9462,1.0000,LOSS,1875.6744,-15.36
3221,1875.6744,2238.4316,18.7567,1.0000,LOSS,1856.9177,-16.21
3222,1856.9177,2238.4316,18.5692,1.0000,LOSS,1838.3485,-17.04
3223,1838.3485,2238.4316,18.3835,1.0000,LOSS,1819.9650,-17.87
3224,1819.9650,2238.4316,18.1997,1.0000,WIN,1838.1647,-18.69
3225,1838.1647,2238.4316,18.3816,1.0000,LOSS,1819.7830,-17.88
3226,1819.7830,2238.4316,18.1978,1.0000,LOSS,1801.5852,-18.70
3227,1801.5852,2238.4316,18.0159,1.0000,WIN,1819.6010,-19.52
3228,1819.6010,2238.4316,18.1960,1.0000,LOSS,1801.4050,-18.71
3229,1801.4050,2238.4316,18.0141,1.0000,LOSS,1783.3910,-19.52
3230,1783.3910,2238.4316,17.8339,1.0000,WIN,1801.2249,-20.33
3231,1801.2249,2238.4316,18.0122,1.0000,LOSS,1783.2126,-19.53
3232,1783.2126,2238.4316,17.8321,1.0000,LOSS,1765.3805,-20.34
3233,1765.3805,2238.4316,17.6538,1.0000,LOSS,1747.7267,-21.13
3234,1747.7267,2238.4316,17.4773,1.0000,LOSS,1730.2494,-21.92
3235,1730.2494,2238.4316,17.3025,1.0000,WIN,1747.5519,-22.70
3236,1747.5519,2238.4316,17.4755,1.0000,LOSS,1730.0764,-21.93
3237,1730.0764,2238.4316,17.3008,1.0000,WIN,1747.3772,-22.71
3238,1747.3772,2238.4316,17.4738,1.0000,LOSS,1729.9034,-21.94
3239,1729.9034,2238.4316,17.2990,1.0000,WIN,1747.2024,-22.72
3240,1747.2024,2238.4316,17.4720,1.0000,WIN,1764.6745,-21.95
3241,1764.6745,2238.4316,17.6467,1.0000,WIN,1782.3212,-21.16
3242,1782.3212,2238.4316,17.8232,1.0000,LOSS,1764.4980,-20.38
3243,1764.4980,2238.4316,17.6450,1.0000,LOSS,1746.8530,-21.17
3244,1746.8530,2238.4316,17.4685,1.0000,WIN,1764.3215,-21.96
3245,1764.3215,2238.4316,17.6432,1.0000,WIN,1781.9648,-21.18
3246,1781.9648,2238.4316,17.8196,1.0000,LOSS,1764.1451,-20.39
3247,1764.1451,2238.4316,17.6415,1.0000,LOSS,1746.5037,-21.19
3248,1746.5037,2238.4316,17.4650,1.0000,WIN,1763.9687,-21.98
3249,1763.9687,2238.4316,17.6397,1.0000,LOSS,1746.3290,-21.20
3250,1746.3290,2238.4316,17.4633,1.0000,LOSS,1728.8657,-21.98
3251,1728.8657,2238.4316,17.2887,1.0000,WIN,1746.1544,-22.76
3252,1746.1544,2238.4316,17.4615,1.0000,WIN,1763.6159,-21.99
3253,1763.6159,2238.4316,17.6362,1.0000,LOSS,1745.9798,-21.21
3254,1745.9798,2238.4316,17.4598,1.0000,LOSS,1728.5200,-22.00
3255,1728.5200,2238.4316,17.2852,1.0000,LOSS,1711.2348,-22.78
3256,1711.2348,2238.4316,17.1123,1.0000,LOSS,1694.1224,-23.55
3257,1694.1224,2238.4316,16.9412,1.0000,WIN,1711.0636,-24.32
3258,1711.0636,2238.4316,17.1106,1.0000,WIN,1728.1743,-23.56
3259,1728.1743,2238.4316,17.2817,1.0000,WIN,1745.4560,-22.80
3260,1745.4560,2238.4316,17.4546,1.0000,WIN,1762.9106,-22.02
3261,1762.9106,2238.4316,17.6291,1.0000,LOSS,1745.2815,-21.24
3262,1745.2815,2238.4316,17.4528,1.0000,WIN,1762.7343,-22.03
3263,1762.7343,2238.4316,17.6273,1.0000,WIN,1780.3616,-21.25
3264,1780.3616,2238.4316,17.8036,1.0000,LOSS,1762.5580,-20.46
3265,1762.5580,2238.4316,17.6256,1.0000,WIN,1780.1836,-21.26
3266,1780.1836,2238.4316,17.8018,1.0000,WIN,1797.9854,-20.47
3267,1797.9854,2238.4316,17.9799,1.0000,WIN,1815.9653,-19.68
3268,1815.9653,2238.4316,18.1597,1.0000,WIN,1834.1249,-18.87
3269,1834.1249,2238.4316,18.3412,1.0000,WIN,1852.4662,-18.06
3270,1852.4662,2238.4316,18.5247,1.0000,LOSS,1833.9415,-17.24
3271,1833.9415,2238.4316,18.3394,1.0000,LOSS,1815.6021,-18.07
3272,1815.6021,2238.4316,18.1560,1.0000,LOSS,1797.4461,-18.89
3273,1797.4461,2238.4316,17.9745,1.0000,LOSS,1779.4716,-19.70
3274,1779.4716,2238.4316,17.7947,1.0000,LOSS,1761.6769,-20.50
3275,1761.6769,2238.4316,17.6168,1.0000,WIN,1779.2937,-21.30
3276,1779.2937,2238.4316,17.7929,1.0000,LOSS,1761.5007,-20.51
3277,1761.5007,2238.4316,17.6150,1.0000,LOSS,1743.8857,-21.31
3278,1743.8857,2238.4316,17.4389,1.0000,WIN,1761.3246,-22.09
3279,1761.3246,2238.4316,17.6132,1.0000,WIN,1778.9378,-21.31
3280,1778.9378,2238.4316,17.7894,1.0000,WIN,1796.7272,-20.53
3281,1796.7272,2238.4316,17.9673,1.0000,WIN,1814.6945,-19.73
3282,1814.6945,2238.4316,18.1469,1.0000,WIN,1832.8414,-18.93
3283,1832.8414,2238.4316,18.3284,1.0000,LOSS,1814.5130,-18.12
3284,1814.5130,2238.4316,18.1451,1.0000,WIN,1832.6582,-18.94
3285,1832.6582,2238.4316,18.3266,1.0000,WIN,1850.9847,-18.13
3286,1850.9847,2238.4316,18.5098,1.0000,LOSS,1832.4749,-17.31
3287,1832.4749,2238.4316,18.3247,1.0000,WIN,1850.7996,-18.14
3288,1850.7996,2238.4316,18.5080,1.0000,WIN,1869.3076,-17.32
3289,1869.3076,2238.4316,18.6931,1.0000,LOSS,1850.6146,-16.49
3290,1850.6146,2238.4316,18.5061,1.0000,WIN,1869.1207,-17.33
3291,1869.1207,2238.4316,18.6912,1.0000,LOSS,1850.4295,-16.50
3292,1850.4295,2238.4316,18.5043,1.0000,LOSS,1831.9252,-17.33
3293,1831.9252,2238.4316,18.3193,1.0000,LOSS,1813.6059,-18.16
3294,1813.6059,2238.4316,18.1361,1.0000,LOSS,1795.4699,-18.98
3295,1795.4699,2238.4316,17.9547,1.0000,LOSS,1777.5152,-19.79
3296,1777.5152,2238.4316,17.7752,1.0000,WIN,1795.2903,-20.59
3297,1795.2903,2238.4316,17.9529,1.0000,LOSS,1777.3374,-19.80
3298,1777.3374,2238.4316,17.7734,1.0000,WIN,1795.1108,-20.60
3299,1795.1108,2238.4316,17.9511,1.0000,WIN,1813.0619,-19.80
3300,1813.0619,2238.4316,18.1306,1.0000,LOSS,1794.9313,-19.00
3301,1794.9313,2238.4316,17.9493,1.0000,WIN,1812.8806,-19.81
3302,1812.8806,2238.4316,18.1288,1.0000,WIN,1831.0094,-19.01
3303,1831.0094,2238.4316,18.3101,1.0000,WIN,1849.3195,-18.20
3304,1849.3195,2238.4316,18.4932,1.0000,LOSS,1830.8263,-17.38
3305,1830.8263,2238.4316,18.3083,1.0000,WIN,1849.1346,-18.21
3306,1849.1346,2238.4316,18.4913,1.0000,WIN,1867.6259,-17.39
3307,1867.6259,2238.4316,18.6763,1.0000,LOSS,1848.9497,-16.57
3308,1848.9497,2238.4316,18.4895,1.0000,LOSS,1830.4602,-17.40
3309,1830.4602,2238.4316,18.3046,1.0000,LOSS,1812.1556,-18.23
3310,1812.1556,2238.4316,18.1216,1.0000,WIN,1830.2771,-19.04
3311,1830.2771,2238.4316,18.3028,1.0000,LOSS,1811.9744,-18.23
3312,1811.9744,2238.4316,18.1197,1.0000,WIN,1830.0941,-19.05
3313,1830.0941,2238.4316,18.3009,1.0000,LOSS,1811.7932,-18.24
3314,1811.7932,2238.4316,18.1179,1.0000,LOSS,1793.6752,-19.06
3315,1793.6752,2238.4316,17.9368,1.0000,WIN,1811.6120,-19.87
3316,1811.6120,2238.4316,18.1161,1.0000,WIN,1829.7281,-19.07
3317,1829.7281,2238.4316,18.2973,1.0000,WIN,1848.0254,-18.26
3318,1848.0254,2238.4316,18.4803,1.0000,LOSS,1829.5451,-17.44
3319,1829.5451,2238.4316,18.2955,1.0000,LOSS,1811.2497,-18.27
3320,1811.2497,2238.4316,18.1125,1.0000,LOSS,1793.1372,-19.08
3321,1793.1372,2238.4316,17.9314,1.0000,WIN,1811.0685,-19.89
3322,1811.0685,2238.4316,18.1107,1.0000,LOSS,1792.9579,-19.09
3323,1792.9579,2238.4316,17.9296,1.0000,LOSS,1775.0283,-19.90
3324,1775.0283,2238.4316,17.7503,1.0000,WIN,1792.7786,-20.70
3325,1792.7786,2238.4316,17.9278,1.0000,LOSS,1774.8508,-19.91
3326,1774.8508,2238.4316,17.7485,1.0000,WIN,1792.5993,-20.71
3327,1792.5993,2238.4316,17.9260,1.0000,LOSS,1774.6733,-19.92
3328,1774.6733,2238.4316,17.7467,1.0000,LOSS,1756.9266,-20.72
3329,1756.9266,2238.4316,17.5693,1.0000,WIN,1774.4958,-21.51
3330,1774.4958,2238.4316,17.7450,1.0000,LOSS,1756.7509,-20.73
3331,1756.7509,2238.4316,17.5675,1.0000,WIN,1774.3184,-21.52
3332,1774.3184,2238.4316,17.7432,1.0000,WIN,1792.0616,-20.73
3333,1792.0616,2238.4316,17.9206,1.0000,WIN,1809.9822,-19.94
3334,1809.9822,2238.4316,18.0998,1.0000,LOSS,1791.8824,-19.14
3335,1791.8824,2238.4316,17.9188,1.0000,WIN,1809.8012,-19.95
3336,1809.8012,2238.4316,18.0980,1.0000,LOSS,1791.7032,-19.15
3337,1791.7032,2238.4316,17.9170,1.0000,WIN,1809.6202,-19.96
3338,1809.6202,2238.4316,18.0962,1.0000,WIN,1827.7164,-19.16
3339,1827.7164,2238.4316,18.2772,1.0000,LOSS,1809.4392,-18.35
3340,1809.4392,2238.4316,18.0944,1.0000,LOSS,1791.3448,-19.16
3341,1791.3448,2238.4316,17.9134,1.0000,LOSS,1773.4314,-19.97
3342,1773.4314,2238.4316,17.7343,1.0000,LOSS,1755.6971,-20.77
3343,1755.6971,2238.4316,17.5570,1.0000,LOSS,1738.1401,-21.57
3344,1738.1401,2238.4316,17.3814,1.0000,LOSS,1720.7587,-22.35
3345,1720.7587,2238.4316,17.2076,1.0000,LOSS,1703.5511,-23.13
3346,1703.5511,2238.4316,17.0355,1.0000,WIN,1720.5866,-23.90
3347,1720.5866,2238.4316,17.2059,1.0000,WIN,1737.7925,-23.13
3348,1737.7925,2238.4316,17.3779,1.0000,LOSS,1720.4146,-22.37
3349,1720.4146,2238.4316,17.2041,1.0000,LOSS,1703.2104,-23.14
3350,1703.2104,2238.4316,17.0321,1.0000,WIN,1720.2425,-23.91
3351,1720.2425,2238.4316,17.2024,1.0000,WIN,1737.4450,-23.15
3352,1737.4450,2238.4316,17.3744,1.0000,LOSS,1720.0705,-22.38
3353,1720.0705,2238.4316,17.2007,1.0000,WIN,1737.2712,-23.16
3354,1737.2712,2238.4316,17.3727,1.0000,WIN,1754.6439,-22.39
3355,1754.6439,2238.4316,17.5464,1.0000,LOSS,1737.0975,-21.61
3356,1737.0975,2238.4316,17.3710,1.0000,LOSS,1719.7265,-22.40
3357,1719.7265,2238.4316,17.1973,1.0000,WIN,1736.9238,-23.17
3358,1736.9238,2238.4316,17.3692,1.0000,WIN,1754.2930,-22.40
3359,1754.2930,2238.4316,17.5429,1.0000,LOSS,1736.7501,-21.63
3360,1736.7501,2238.4316,17.3675,1.0000,WIN,1754.1176,-22.41
3361,1754.1176,2238.4316,17.5412,1.0000,WIN,1771.6588,-21.64
3362,1771.6588,2238.4316,17.7166,1.0000,WIN,1789.3754,-20.85
3363,1789.3754,2238.4316,17.8938,1.0000,WIN,1807.2691,-20.06
3364,1807.2691,2238.4316,18.0727,1.0000,WIN,1825.3418,-19.26
3365,1825.3418,2238.4316,18.2534,1.0000,WIN,1843.5952,-18.45
3366,1843.5952,2238.4316,18.4360,1.0000,WIN,1862.0312,-17.64
3367,1862.0312,2238.4316,18.6203,1.0000,WIN,1880.6515,-16.82
3368,1880.6515,2238.4316,18.8065,1.0000,LOSS,1861.8450,-15.98
3369,1861.8450,2238.4316,18.6184,1.0000,LOSS,1843.2265,-16.82
3370,1843.2265,2238.4316,18.4323,1.0000,LOSS,1824.7942,-17.66
3371,1824.7942,2238.4316,18.2479,1.0000,WIN,1843.0422,-18.48
3372,1843.0422,2238.4316,18.4304,1.0000,WIN,1861.4726,-17.66
3373,1861.4726,2238.4316,18.6147,1.0000,WIN,1880.0873,-16.84
3374,1880.0873,2238.4316,18.8009,1.0000,LOSS,1861.2865,-16.01
3375,1861.2865,2238.4316,18.6129,1.0000,WIN,1879.8993,-16.85
3376,1879.8993,2238.4316,18.7990,1.0000,LOSS,1861.1003,-16.02
3377,1861.1003,2238.4316,18.6110,1.0000,WIN,1879.7113,-16.86
3378,1879.7113,2238.4316,18.7971,1.0000,LOSS,1860.9142,-16.03
3379,1860.9142,2238.4316,18.6091,1.0000,WIN,1879.5234,-16.87
3380,1879.5234,2238.4316,18.7952,1.0000,LOSS,1860.7281,-16.03
3381,1860.7281,2238.4316,18.6073,1.0000,WIN,1879.3354,-16.87
3382,1879.3354,2238.4316,18.7934,1.0000,WIN,1898.1288,-16.04
3383,1898.1288,2238.4316,18.9813,1.0000,WIN,1917.1101,-15.20
3384,1917.1101,2238.4316,19.1711,1.0000,WIN,1936.2812,-14.35
3385,1936.2812,2238.4316,19.3628,1.0000,WIN,1955.6440,-13.50
3386,1955.6440,2238.4316,19.5564,1.0000,WIN,1975.2004,-12.63
3387,1975.2004,2238.4316,19.7520,1.0000,WIN,1994.9524,-11.76
3388,1994.9524,2238.4316,19.9495,1.0000,LOSS,1975.0029,-10.88
3389,1975.0029,2238.4316,19.7500,1.0000,WIN,1994.7529,-11.77
3390,1994.7529,2238.4316,19.9475,1.0000,LOSS,1974.8054,-10.89
3391,1974.8054,2238.4316,19.7481,1.0000,WIN,1994.5534,-11.78
3392,1994.5534,2238.4316,19.9455,1.0000,LOSS,1974.6079,-10.90
3393,1974.6079,2238.4316,19.7461,1.0000,LOSS,1954.8618,-11.79
3394,1954.8618,2238.4316,19.5486,1.0000,WIN,1974.4104,-12.67
3395,1974.4104,2238.4316,19.7441,1.0000,WIN,1994.1546,-11.79
3396,1994.1546,2238.4316,19.9415,1.0000,LOSS,1974.2130,-10.91
3397,1974.2130,2238.4316,19.7421,1.0000,WIN,1993.9551,-11.80
3398,1993.9551,2238.4316,19.9396,1.0000,WIN,2013.8947,-10.92
3399,2013.8947,2238.4316,20.1389,1.0000,WIN,2034.0336,-10.03
3400,2034.0336,2238.4316,20.3403,1.0000,WIN,2054.3740,-9.13
3401,2054.3740,2238.4316,20.5437,1.0000,WIN,2074.9177,-8.22
3402,2074.9177,2238.4316,20.7492,1.0000,LOSS,2054.1685,-7.30
3403,2054.1685,2238.4316,20.5417,1.0000,LOSS,2033.6268,-8.23
3404,2033.6268,2238.4316,20.3363,1.0000,LOSS,2013.2906,-9.15
3405,2013.2906,2238.4316,20.1329,1.0000,LOSS,1993.1577,-10.06
3406,1993.1577,2238.4316,19.9316,1.0000,LOSS,1973.2261,-10.96
3407,1973.2261,2238.4316,19.7323,1.0000,LOSS,1953.4938,-11.85
3408,1953.4938,2238.4316,19.5349,1.0000,WIN,1973.0288,-12.73
3409,1973.0288,2238.4316,19.7303,1.0000,LOSS,1953.2985,-11.86
3410,1953.2985,2238.4316,19.5330,1.0000,LOSS,1933.7655,-12.74
3411,1933.7655,2238.4316,19.3377,1.0000,LOSS,1914.4278,-13.61
3412,1914.4278,2238.4316,19.1443,1.0000,LOSS,1895.2836,-14.47
3413,1895.2836,2238.4316,18.9528,1.0000,WIN,1914.2364,-15.33
3414,1914.2364,2238.4316,19.1424,1.0000,WIN,1933.3788,-14.48
3415,1933.3788,2238.4316,19.3338,1.0000,LOSS,1914.0450,-13.63
3416,1914.0450,2238.4316,19.1404,1.0000,LOSS,1894.9045,-14.49
3417,1894.9045,2238.4316,18.9490,1.0000,LOSS,1875.9555,-15.35
3418,1875.9555,2238.4316,18.7596,1.0000,WIN,1894.7150,-16.19
3419,1894.7150,2238.4316,18.9472,1.0000,LOSS,1875.7679,-15.36
3420,1875.7679,2238.4316,18.7577,1.0000,LOSS,1857.0102,-16.20
3421,1857.0102,2238.4316,18.5701,1.0000,WIN,1875.5803,-17.04
3422,1875.5803,2238.4316,18.7558,1.0000,WIN,1894.3361,-16.21
3423,1894.3361,2238.4316,18.9434,1.0000,WIN,1913.2795,-15.37
3424,1913.2795,2238.4316,19.1328,1.0000,WIN,1932.4123,-14.53
3425,1932.4123,2238.4316,19.3241,1.0000,WIN,1951.7364,-13.67
3426,1951.7364,2238.4316,19.5174,1.0000,WIN,1971.2538,-12.81
3427,1971.2538,2238.4316,19.7125,1.0000,LOSS,1951.5412,-11.94
3428,1951.5412,2238.4316,19.5154,1.0000,WIN,1971.0566,-12.82
3429,1971.0566,2238.4316,19.7106,1.0000,WIN,1990.7672,-11.94
3430,1990.7672,2238.4316,19.9077,1.0000,WIN,2010.6749,-11.06
3431,2010.6749,2238.4316,20.1067,1.0000,LOSS,1990.5681,-10.17
3432,1990.5681,2238.4316,19.9057,1.0000,WIN,2010.4738,-11.07
3433,2010.4738,2238.4316,20.1047,1.0000,WIN,2030.5785,-10.18
3434,2030.5785,2238.4316,20.3058,1.0000,WIN,2050.8843,-9.29
3435,2050.8843,2238.4316,20.5088,1.0000,WIN,2071.3932,-8.38
3436,2071.3932,2238.4316,20.7139,1.0000,WIN,2092.1071,-7.46
3437,2092.1071,2238.4316,20.9211,1.0000,LOSS,2071.1860,-6.54
3438,2071.1860,2238.4316,20.7119,1.0000,WIN,2091.8979,-7.47
3439,2091.8979,2238.4316,20.9190,1.0000,WIN,2112.8169,-6.55
3440,2112.8169,2238.4316,21.1282,1.0000,LOSS,2091.6887,-5.61
3441,2091.6887,2238.4316,20.9169,1.0000,LOSS,2070.7718,-6.56
3442,2070.7718,2238.4316,20.7077,1.0000,LOSS,2050.0641,-7.49
3443,2050.0641,2238.4316,20.5006,1.0000,LOSS,2029.5635,-8.42
3444,2029.5635,2238.4316,20.2956,1.0000,LOSS,2009.2678,-9.33
3445,2009.2678,2238.4316,20.0927,1.0000,WIN,2029.3605,-10.24
3446,2029.3605,2238.4316,20.2936,1.0000,WIN,2049.6541,-9.34
3447,2049.6541,2238.4316,20.4965,1.0000,WIN,2070.1506,-8.43
3448,2070.1506,2238.4316,20.7015,1.0000,WIN,2090.8522,-7.52
3449,2090.8522,2238.4316,20.9085,1.0000,LOSS,2069.9436,-6.59
3450,2069.9436,2238.4316,20.6994,1.0000,WIN,2090.6431,-7.53
3451,2090.6431,2238.4316,20.9064,1.0000,WIN,2111.5495,-6.60
3452,2111.5495,2238.4316,21.1155,1.0000,LOSS,2090.4340,-5.67
3453,2090.4340,2238.4316,20.9043,1.0000,WIN,2111.3383,-6.61
3454,2111.3383,2238.4316,21.1134,1.0000,LOSS,2090.2250,-5.68
3455,2090.2250,2238.4316,20.9022,1.0000,WIN,2111.1272,-6.62
3456,2111.1272,2238.4316,21.1113,1.0000,WIN,2132.2385,-5.69
3457,2132.2385,2238.4316,21.3224,1.0000,WIN,2153.5609,-4.74
3458,2153.5609,2238.4316,21.5356,1.0000,LOSS,2132.0253,-3.79
3459,2132.0253,2238.4316,21.3203,1.0000,LOSS,2110.7050,-4.75
3460,2110.7050,2238.4316,21.1071,1.0000,WIN,2131.8121,-5.71
3461,2131.8121,2238.4316,21.3181,1.0000,WIN,2153.1302,-4.76
3462,2153.1302,2238.4316,21.5313,1.0000,LOSS,2131.5989,-3.81
3463,2131.5989,2238.4316,21.3160,1.0000,LOSS,2110.2829,-4.77
3464,2110.2829,2238.4316,21.1028,1.0000,WIN,2131.3857,-5.72
3465,2131.3857,2238.4316,21.3139,1.0000,WIN,2152.6996,-4.78
3466,2152.6996,2238.4316,21.5270,1.0000,LOSS,2131.1726,-3.83
3467,2131.1726,2238.4316,21.3117,1.0000,LOSS,2109.8609,-4.79
3468,2109.8609,2238.4316,21.0986,1.0000,WIN,2130.9595,-5.74
3469,2130.9595,2238.4316,21.3096,1.0000,LOSS,2109.6499,-4.80
3470,2109.6499,2238.4316,21.0965,1.0000,WIN,2130.7464,-5.75
3471,2130.7464,2238.4316,21.3075,1.0000,WIN,2152.0538,-4.81
3472,2152.0538,2238.4316,21.5205,1.0000,LOSS,2130.5333,-3.86
3473,2130.5333,2238.4316,21.3053,1.0000,WIN,2151.8386,-4.82
3474,2151.8386,2238.4316,21.5184,1.0000,LOSS,2130.3202,-3.87
3475,2130.3202,2238.4316,21.3032,1.0000,WIN,2151.6234,-4.83
3476,2151.6234,2238.4316,21.5162,1.0000,WIN,2173.1397,-3.88
3477,2173.1397,2238.4316,21.7314,1.0000,WIN,2194.8711,-2.92
3478,2194.8711,2238.4316,21.9487,1.0000,WIN,2216.8198,-1.95
3479,2216.8198,2238.4316,22.1682,1.0000,LOSS,2194.6516,-0.97
3480,2194.6516,2238.4316,21.9465,1.0000,LOSS,2172.7051,-1.96
3481,2172.7051,2238.4316,21.7271,1.0000,LOSS,2150.9780,-2.94
3482,2150.9780,2238.4316,21.5098,1.0000,LOSS,2129.4682,-3.91
3483,2129.4682,2238.4316,21.2947,1.0000,LOSS,2108.1736,-4.87
3484,2108.1736,2238.4316,21.0817,1.0000,WIN,2129.2553,-5.82
3485,2129.2553,2238.4316,21.2926,1.0000,LOSS,2107.9627,-4.88
3486,2107.9627,2238.4316,21.0796,1.0000,LOSS,2086.8831,-5.83
3487,2086.8831,2238.4316,20.8688,1.0000,WIN,2107.7519,-6.77
3488,2107.7519,2238.4316,21.0775,1.0000,WIN,2128.8295,-5.84
3489,2128.8295,2238.4316,21.2883,1.0000,WIN,2150.1178,-4.90
3490,2150.1178,2238.4316,21.5012,1.0000,WIN,2171.6189,-3.95
3491,2171.6189,2238.4316,21.7162,1.0000,WIN,2193.3351,-2.98
3492,2193.3351,2238.4316,21.9334,1.0000,LOSS,2171.4018,-2.01
3493,2171.4018,2238.4316,21.7140,1.0000,LOSS,2149.6878,-2.99
3494,2149.6878,2238.4316,21.4969,1.0000,WIN,2171.1846,-3.96
3495,2171.1846,2238.4316,21.7118,1.0000,WIN,2192.8965,-3.00
3496,2192.8965,2238.4316,21.9290,1.0000,WIN,2214.8254,-2.03
3497,2214.8254,2238.4316,22.1483,1.0000,LOSS,2192.6772,-1.05
3498,2192.6772,2238.4316,21.9268,1.0000,WIN,2214.6040,-2.04
3499,2214.6040,2238.4316,22.1460,1.0000,WIN,2236.7500,-1.06
3500,2236.7500,2238.4316,22.3675,1.0000,LOSS,2214.3825,-0.08
3501,2214.3825,2238.4316,22.1438,1.0000,LOSS,2192.2387,-1.07
3502,2192.2387,2238.4316,21.9224,1.0000,LOSS,2170.3163,-2.06
3503,2170.3163,2238.4316,21.7032,1.0000,LOSS,2148.6131,-3.04
3504,2148.6131,2238.4316,21.4861,1.0000,LOSS,2127.1270,-4.01
3505,2127.1270,2238.4316,21.2713,1.0000,LOSS,2105.8557,-4.97
3506,2105.8557,2238.4316,21.0586,1.0000,LOSS,2084.7972,-5.92
3507,2084.7972,2238.4316,20.8480,1.0000,LOSS,2063.9492,-6.86
3508,2063.9492,2238.4316,20.6395,1.0000,WIN,2084.5887,-7.79
3509,2084.5887,2238.4316,20.8459,1.0000,WIN,2105.4346,-6.87
3510,2105.4346,2238.4316,21.0543,1.0000,LOSS,2084.3802,-5.94
3511,2084.3802,2238.4316,20.8438,1.0000,LOSS,2063.5364,-6.88
3512,2063.5364,2238.4316,20.6354,1.0000,WIN,2084.1718,-7.81
3513,2084.1718,2238.4316,20.8417,1.0000,LOSS,2063.3301,-6.89
3514,2063.3301,2238.4316,20.6333,1.0000,LOSS,2042.6968,-7.82
3515,2042.6968,2238.4316,20.4270,1.0000,WIN,2063.1237,-8.74
3516,2063.1237,2238.4316,20.6312,1.0000,LOSS,2042.4925,-7.83
3517,2042.4925,2238.4316,20.4249,1.0000,WIN,2062.9174,-8.75
3518,2062.9174,2238.4316,20.6292,1.0000,LOSS,2042.2882,-7.84
3519,2042.2882,2238.4316,20.4229,1.0000,LOSS,2021.8654,-8.76
3520,2021.8654,2238.4316,20.2187,1.0000,WIN,2042.0840,-9.67
3521,2042.0840,2238.4316,20.4208,1.0000,WIN,2062.5049,-8.77
3522,2062.5049,2238.4316,20.6250,1.0000,WIN,2083.1299,-7.86
3523,2083.1299,2238.4316,20.8313,1.0000,LOSS,2062.2986,-6.94
3524,2062.2986,2238.4316,20.6230,1.0000,LOSS,2041.6756,-7.87
3525,2041.6756,2238.4316,20.4168,1.0000,LOSS,2021.2589,-8.79
3526,2021.2589,2238.4316,20.2126,1.0000,LOSS,2001.0463,-9.70
3527,2001.0463,2238.4316,20.0105,1.0000,WIN,2021.0567,-10.60
3528,2021.0567,2238.4316,20.2106,1.0000,LOSS,2000.8462,-9.71
3529,2000.8462,2238.4316,20.0085,1.0000,LOSS,1980.8377,-10.61
3530,1980.8377,2238.4316,19.8084,1.0000,WIN,2000.6461,-11.51
3531,2000.6461,2238.4316,20.0065,1.0000,WIN,2020.6526,-10.62
3532,2020.6526,2238.4316,20.2065,1.0000,WIN,2040.8591,-9.73
3533,2040.8591,2238.4316,20.4086,1.0000,WIN,2061.2677,-8.83
3534,2061.2677,2238.4316,20.6127,1.0000,WIN,2081.8803,-7.91
3535,2081.8803,2238.4316,20.8188,1.0000,WIN,2102.6991,-6.99
3536,2102.6991,2238.4316,21.0270,1.0000,LOSS,2081.6722,-6.06
3537,2081.6722,2238.4316,20.8167,1.0000,LOSS,2060.8554,-7.00
3538,2060.8554,2238.4316,20.6086,1.0000,LOSS,2040.2469,-7.93
3539,2040.2469,2238.4316,20.4025,1.0000,LOSS,2019.8444,-8.85
3540,2019.8444,2238.4316,20.1984,1.0000,LOSS,1999.6460,-9.77
3541,1999.6460,2238.4316,19.9965,1.0000,WIN,2019.6424,-10.67
3542,2019.6424,2238.4316,20.1964,1.0000,WIN,2039.8389,-9.77
3543,2039.8389,2238.4316,20.3984,1.0000,LOSS,2019.4405,-8.87
3544,2019.4405,2238.4316,20.1944,1.0000,WIN,2039.6349,-9.78
3545,2039.6349,2238.4316,20.3963,1.0000,LOSS,2019.2385,-8.88
3546,2019.2385,2238.4316,20.1924,1.0000,WIN,2039.4309,-9.79
3547,2039.4309,2238.4316,20.3943,1.0000,WIN,2059.8252,-8.89
3548,2059.8252,2238.4316,20.5983,1.0000,LOSS,2039.2270,-7.98
3549,2039.2270,2238.4316,20.3923,1.0000,WIN,2059.6192,-8.90
3550,2059.6192,2238.4316,20.5962,1.0000,WIN,2080.2154,-7.99
3551,2080.2154,2238.4316,20.8022,1.0000,WIN,2101.0176,-7.07
3552,2101.0176,2238.4316,21.0102,1.0000,LOSS,2080.0074,-6.14
3553,2080.0074,2238.4316,20.8001,1.0000,WIN,2100.8075,-7.08
3554,2100.8075,2238.4316,21.0081,1.0000,WIN,2121.8156,-6.15
3555,2121.8156,2238.4316,21.2182,1.0000,LOSS,2100.5974,-5.21
3556,2100.5974,2238.4316,21.0060,1.0000,LOSS,2079.5914,-6.16
3557,2079.5914,2238.4316,20.7959,1.0000,LOSS,2058.7955,-7.10
3558,2058.7955,2238.4316,20.5880,1.0000,LOSS,2038.2076,-8.03
3559,2038.2076,2238.4316,20.3821,1.0000,LOSS,2017.8255,-8.94
3560,2017.8255,2238.4316,20.1783,1.0000,WIN,2038.0037,-9.86
3561,2038.0037,2238.4316,20.3800,1.0000,LOSS,2017.6237,-8.95
3562,2017.6237,2238.4316,20.1762,1.0000,WIN,2037.7999,-9.86
3563,2037.7999,2238.4316,20.3780,1.0000,WIN,2058.1779,-8.96
3564,2058.1779,2238.4316,20.5818,1.0000,LOSS,2037.5962,-8.05
3565,2037.5962,2238.4316,20.3760,1.0000,LOSS,2017.2202,-8.97
3566,2017.2202,2238.4316,20.1722,1.0000,WIN,2037.3924,-9.88
3567,2037.3924,2238.4316,20.3739,1.0000,WIN,2057.7663,-8.98
3568,2057.7663,2238.4316,20.5777,1.0000,LOSS,2037.1887,-8.07
3569,2037.1887,2238.4316,20.3719,1.0000,WIN,2057.5605,-8.99
3570,2057.5605,2238.4316,20.5756,1.0000,LOSS,2036.9849,-8.08
3571,2036.9849,2238.4316,20.3698,1.0000,WIN,2057.3548,-9.00
3572,2057.3548,2238.4316,20.5735,1.0000,LOSS,2036.7812,-8.09
3573,2036.7812,2238.4316,20.3678,1.0000,LOSS,2016.4134,-9.01
3574,2016.4134,2238.4316,20.1641,1.0000,WIN,2036.5776,-9.92
3575,2036.5776,2238.4316,20.3658,1.0000,LOSS,2016.2118,-9.02
3576,2016.2118,2238.4316,20.1621,1.0000,WIN,2036.3739,-9.93
3577,2036.3739,2238.4316,20.3637,1.0000,WIN,2056.7376,-9.03
3578,2056.7376,2238.4316,20.5674,1.0000,LOSS,2036.1703,-8.12
3579,2036.1703,2238.4316,20.3617,1.0000,WIN,2056.5320,-9.04
3580,2056.5320,2238.4316,20.5653,1.0000,LOSS,2035.9666,-8.13
3581,2035.9666,2238.4316,20.3597,1.0000,WIN,2056.3263,-9.04
3582,2056.3263,2238.4316,20.5633,1.0000,WIN,2076.8896,-8.14
3583,2076.8896,2238.4316,20.7689,1.0000,WIN,2097.6585,-7.22
3584,2097.6585,2238.4316,20.9766,1.0000,WIN,2118.6351,-6.29
3585,2118.6351,2238.4316,21.1864,1.0000,LOSS,2097.4487,-5.35
3586,2097.4487,2238.4316,20.9745,1.0000,WIN,2118.4232,-6.30
3587,2118.4232,2238.4316,21.1842,1.0000,WIN,2139.6074,-5.36
3588,2139.6074,2238.4316,21.3961,1.0000,WIN,2161.0035,-4.41
3589,2161.0035,2238.4316,21.6100,1.0000,WIN,2182.6135,-3.46
3590,2182.6135,2238.4316,21.8261,1.0000,LOSS,2160.7874,-2.49
3591,2160.7874,2238.4316,21.6079,1.0000,LOSS,2139.1795,-3.47
3592,2139.1795,2238.4316,21.3918,1.0000,LOSS,2117.7877,-4.43
3593,2117.7877,2238.4316,21.1779,1.0000,WIN,2138.9656,-5.39
3594,2138.9656,2238.4316,21.3897,1.0000,WIN,2160.3553,-4.44
3595,2160.3553,2238.4316,21.6036,1.0000,WIN,2181.9588,-3.49
3596,2181.9588,2238.4316,21.8196,1.0000,LOSS,2160.1392,-2.52
3597,2160.1392,2238.4316,21.6014,1.0000,WIN,2181.7406,-3.50
3598,2181.7406,2238.4316,21.8174,1.0000,WIN,2203.5580,-2.53
3599,2203.5580,2238.4316,22.0356,1.0000,WIN,2225.5936,-1.56
3600,2225.5936,2238.4316,22.2559,1.0000,LOSS,2203.3377,-0.57
3601,2203.3377,2238.4316,22.0334,1.0000,LOSS,2181.3043,-1.57
3602,2181.3043,2238.4316,21.8130,1.0000,LOSS,2159.4912,-2.55
3603,2159.4912,2238.4316,21.5949,1.0000,WIN,2181.0862,-3.53
3604,2181.0862,2238.4316,21.8109,1.0000,WIN,2202.8970,-2.56
3605,2202.8970,2238.4316,22.0290,1.0000,WIN,2224.9260,-1.59
3606,2224.9260,2238.4316,22.2493,1.0000,LOSS,2202.6767,-0.60
3607,2202.6767,2238.4316,22.0268,1.0000,WIN,2224.7035,-1.60
3608,2224.7035,2238.4316,22.2470,1.0000,LOSS,2202.4565,-0.61
3609,2202.4565,2238.4316,22.0246,1.0000,WIN,2224.4810,-1.61
3610,2224.4810,2238.4316,22.2448,1.0000,WIN,2246.7258,-0.62
3611,2246.7258,2246.7258,22.4673,1.0000,LOSS,2224.2586,0.00
3612,2224.2586,2246.7258,22.2426,1.0000,WIN,2246.5012,-1.00
3613,2246.5012,2246.7258,22.4650,1.0000,WIN,2268.9662,-0.01
3614,2268.9662,2268.9662,22.6897,1.0000,WIN,2291.6558,0.00
3615,2291.6558,2291.6558,22.9166,1.0000,LOSS,2268.7393,0.00
3616,2268.7393,2291.6558,22.6874,1.0000,LOSS,2246.0519,-1.00
3617,2246.0519,2291.6558,22.4605,1.0000,LOSS,2223.5914,-1.99
3618,2223.5914,2291.6558,22.2359,1.0000,LOSS,2201.3555,-2.97
3619,2201.3555,2291.6558,22.0136,1.0000,WIN,2223.3690,-3.94
3620,2223.3690,2291.6558,22.2337,1.0000,LOSS,2201.1353,-2.98
3621,2201.1353,2291.6558,22.0114,1.0000,LOSS,2179.1240,-3.95
3622,2179.1240,2291.6558,21.7912,1.0000,LOSS,2157.3327,-4.91
3623,2157.3327,2291.6558,21.5733,1.0000,LOSS,2135.7594,-5.86
3624,2135.7594,2291.6558,21.3576,1.0000,LOSS,2114.4018,-6.80
3625,2114.4018,2291.6558,21.1440,1.0000,WIN,2135.5458,-7.73
3626,2135.5458,2291.6558,21.3555,1.0000,WIN,2156.9013,-6.81
3627,2156.9013,2291.6558,21.5690,1.0000,LOSS,2135.3323,-5.88
3628,2135.3323,2291.6558,21.3533,1.0000,LOSS,2113.9789,-6.82
3629,2113.9789,2291.6558,21.1398,1.0000,WIN,2135.1187,-7.75
3630,2135.1187,2291.6558,21.3512,1.0000,LOSS,2113.7675,-6.83
3631,2113.7675,2291.6558,21.1377,1.0000,LOSS,2092.6299,-7.76
3632,2092.6299,2291.6558,20.9263,1.0000,WIN,2113.5562,-8.68
3633,2113.5562,2291.6558,21.1356,1.0000,WIN,2134.6917,-7.77
3634,2134.6917,2291.6558,21.3469,1.0000,LOSS,2113.3448,-6.85
3635,2113.3448,2291.6558,21.1334,1.0000,LOSS,2092.2114,-7.78
3636,2092.2114,2291.6558,20.9221,1.0000,LOSS,2071.2893,-8.70
3637,2071.2893,2291.6558,20.7129,1.0000,WIN,2092.0021,-9.62
3638,2092.0021,2291.6558,20.9200,1.0000,LOSS,2071.0821,-8.71
3639,2071.0821,2291.6558,20.7108,1.0000,WIN,2091.7929,-9.63
3640,2091.7929,2291.6558,20.9179,1.0000,LOSS,2070.8750,-8.72
3641,2070.8750,2291.6558,20.7088,1.0000,WIN,2091.5838,-9.63
3642,2091.5838,2291.6558,20.9158,1.0000,LOSS,2070.6679,-8.73
3643,2070.6679,2291.6558,20.7067,1.0000,WIN,2091.3746,-9.64
3644,2091.3746,2291.6558,20.9137,1.0000,WIN,2112.2884,-8.74
3645,2112.2884,2291.6558,21.1229,1.0000,LOSS,2091.1655,-7.83
3646,2091.1655,2291.6558,20.9117,1.0000,LOSS,2070.2538,-8.75
3647,2070.2538,2291.6558,20.7025,1.0000,WIN,2090.9564,-9.66
3648,2090.9564,2291.6558,20.9096,1.0000,LOSS,2070.0468,-8.76
3649,2070.0468,2291.6558,20.7005,1.0000,LOSS,2049.3463,-9.67
3650,2049.3463,2291.6558,20.4935,1.0000,WIN,2069.8398,-10.57
3651,2069.8398,2291.6558,20.6984,1.0000,LOSS,2049.1414,-9.68
3652,2049.1414,2291.6558,20.4914,1.0000,WIN,2069.6328,-10.58
3653,2069.6328,2291.6558,20.6963,1.0000,LOSS,2048.9365,-9.69
3654,2048.9365,2291.6558,20.4894,1.0000,WIN,2069.4258,-10.59
3655,2069.4258,2291.6558,20.6943,1.0000,LOSS,2048.7316,-9.70
3656,2048.7316,2291.6558,20.4873,1.0000,LOSS,2028.2443,-10.60
3657,2028.2443,2291.6558,20.2824,1.0000,WIN,2048.5267,-11.49
3658,2048.5267,2291.6558,20.4853,1.0000,WIN,2069.0120,-10.61
3659,2069.0120,2291.6558,20.6901,1.0000,LOSS,2048.3219,-9.72
3660,2048.3219,2291.6558,20.4832,1.0000,LOSS,2027.8386,-10.62
3661,2027.8386,2291.6558,20.2784,1.0000,LOSS,2007.5603,-11.51
3662,2007.5603,2291.6558,20.0756,1.0000,LOSS,1987.4846,-12.40
3663,1987.4846,2291.6558,19.8748,1.0000,LOSS,1967.6098,-13.27
3664,1967.6098,2291.6558,19.6761,1.0000,LOSS,1947.9337,-14.14
3665,1947.9337,2291.6558,19.4793,1.0000,LOSS,1928.4544,-15.00
3666,1928.4544,2291.6558,19.2845,1.0000,LOSS,1909.1698,-15.85
3667,1909.1698,2291.6558,19.0917,1.0000,LOSS,1890.0781,-16.69
3668,1890.0781,2291.6558,18.9008,1.0000,WIN,1908.9789,-17.52
3669,1908.9789,2291.6558,19.0898,1.0000,LOSS,1889.8891,-16.70
3670,1889.8891,2291.6558,18.8989,1.0000,LOSS,1870.9902,-17.53
3671,1870.9902,2291.6558,18.7099,1.0000,WIN,1889.7001,-18.36
3672,1889.7001,2291.6558,18.8970,1.0000,WIN,1908.5971,-17.54
3673,1908.5971,2291.6558,19.0860,1.0000,WIN,1927.6831,-16.72
3674,1927.6831,2291.6558,19.2768,1.0000,LOSS,1908.4063,-15.88
3675,1908.4063,2291.6558,19.0841,1.0000,LOSS,1889.3222,-16.72
3676,1889.3222,2291.6558,18.8932,1.0000,LOSS,1870.4290,-17.56
3677,1870.4290,2291.6558,18.7043,1.0000,LOSS,1851.7247,-18.38
3678,1851.7247,2291.6558,18.5172,1.0000,LOSS,1833.2074,-19.20
3679,1833.2074,2291.6558,18.3321,1.0000,LOSS,1814.8754,-20.01
3680,1814.8754,2291.6558,18.1488,1.0000,LOSS,1796.7266,-20.81
3681,1796.7266,2291.6558,17.9673,1.0000,LOSS,1778.7594,-21.60
3682,1778.7594,2291.6558,17.7876,1.0000,LOSS,1760.9718,-22.38
3683,1760.9718,2291.6558,17.6097,1.0000,WIN,1778.5815,-23.16
3684,1778.5815,2291.6558,17.7858,1.0000,LOSS,1760.7957,-22.39
3685,1760.7957,2291.6558,17.6080,1.0000,WIN,1778.4036,-23.16
3686,1778.4036,2291.6558,17.7840,1.0000,WIN,1796.1877,-22.40
3687,1796.1877,2291.6558,17.9619,1.0000,WIN,1814.1495,-21.62
3688,1814.1495,2291.6558,18.1415,1.0000,LOSS,1796.0080,-20.84
3689,1796.0080,2291.6558,17.9601,1.0000,LOSS,1778.0480,-21.63
3690,1778.0480,2291.6558,17.7805,1.0000,WIN,1795.8284,-22.41
3691,1795.8284,2291.6558,17.9583,1.0000,LOSS,1777.8702,-21.64
3692,1777.8702,2291.6558,17.7787,1.0000,LOSS,1760.0915,-22.42
3693,1760.0915,2291.6558,17.6009,1.0000,WIN,1777.6924,-23.20
3694,1777.6924,2291.6558,17.7769,1.0000,WIN,1795.4693,-22.43
3695,1795.4693,2291.6558,17.9547,1.0000,LOSS,1777.5146,-21.65
3696,1777.5146,2291.6558,17.7751,1.0000,WIN,1795.2897,-22.44
3697,1795.2897,2291.6558,17.9529,1.0000,WIN,1813.2426,-21.66
3698,1813.2426,2291.6558,18.1324,1.0000,LOSS,1795.1102,-20.88
3699,1795.1102,2291.6558,17.9511,1.0000,LOSS,1777.1591,-21.67
3700,1777.1591,2291.6558,17.7716,1.0000,WIN,1794.9307,-22.45
3701,1794.9307,2291.6558,17.9493,1.0000,LOSS,1776.9814,-21.68
3702,1776.9814,2291.6558,17.7698,1.0000,LOSS,1759.2116,-22.46
3703,1759.2116,2291.6558,17.5921,1.0000,WIN,1776.8037,-23.23
3704,1776.8037,2291.6558,17.7680,1.0000,LOSS,1759.0357,-22.47
3705,1759.0357,2291.6558,17.5904,1.0000,LOSS,1741.4453,-23.24
3706,1741.4453,2291.6558,17.4145,1.0000,LOSS,1724.0309,-24.01
3707,1724.0309,2291.6558,17.2403,1.0000,LOSS,1706.7905,-24.77
3708,1706.7905,2291.6558,17.0679,1.0000,WIN,1723.8584,-25.52
3709,1723.8584,2291.6558,17.2386,1.0000,WIN,1741.0970,-24.78
3710,1741.0970,2291.6558,17.4110,1.0000,LOSS,1723.6861,-24.02
3711,1723.6861,2291.6558,17.2369,1.0000,LOSS,1706.4492,-24.78
3712,1706.4492,2291.6558,17.0645,1.0000,WIN,1723.5137,-25.54
3713,1723.5137,2291.6558,17.2351,1.0000,LOSS,1706.2786,-24.79
3714,1706.2786,2291.6558,17.0628,1.0000,LOSS,1689.2158,-25.54
3715,1689.2158,2291.6558,16.8922,1.0000,WIN,1706.1079,-26.29
3716,1706.1079,2291.6558,17.0611,1.0000,WIN,1723.1690,-25.55
3717,1723.1690,2291.6558,17.2317,1.0000,WIN,1740.4007,-24.81
3718,1740.4007,2291.6558,17.4040,1.0000,LOSS,1722.9967,-24.05
3719,1722.9967,2291.6558,17.2300,1.0000,LOSS,1705.7667,-24.81
3720,1705.7667,2291.6558,17.0577,1.0000,WIN,1722.8244,-25.57
3721,1722.8244,2291.6558,17.2282,1.0000,WIN,1740.0526,-24.82
3722,1740.0526,2291.6558,17.4005,1.0000,LOSS,1722.6521,-24.07
3723,1722.6521,2291.6558,17.2265,1.0000,WIN,1739.8786,-24.83
3724,1739.8786,2291.6558,17.3988,1.0000,LOSS,1722.4798,-24.08
3725,1722.4798,2291.6558,17.2248,1.0000,WIN,1739.7046,-24.84
3726,1739.7046,2291.6558,17.3970,1.0000,LOSS,1722.3076,-24.09
3727,1722.3076,2291.6558,17.2231,1.0000,WIN,1739.5307,-24.84
3728,1739.5307,2291.6558,17.3953,1.0000,WIN,1756.9260,-24.09
3729,1756.9260,2291.6558,17.5693,1.0000,LOSS,1739.3567,-23.33
3730,1739.3567,2291.6558,17.3936,1.0000,LOSS,1721.9632,-24.10
3731,1721.9632,2291.6558,17.2196,1.0000,WIN,1739.1828,-24.86
3732,1739.1828,2291.6558,17.3918,1.0000,WIN,1756.5746,-24.11
3733,1756.5746,2291.6558,17.5657,1.0000,WIN,1774.1404,-23.35
3734,1774.1404,2291.6558,17.7414,1.0000,LOSS,1756.3990,-22.58
3735,1756.3990,2291.6558,17.5640,1.0000,WIN,1773.9629,-23.36
3736,1773.9629,2291.6558,17.7396,1.0000,WIN,1791.7026,-22.59
3737,1791.7026,2291.6558,17.9170,1.0000,WIN,1809.6196,-21.82
3738,1809.6196,2291.6558,18.0962,1.0000,WIN,1827.7158,-21.03
3739,1827.7158,2291.6558,18.2772,1.0000,LOSS,1809.4386,-20.24
3740,1809.4386,2291.6558,18.0944,1.0000,WIN,1827.5330,-21.04
3741,1827.5330,2291.6558,18.2753,1.0000,LOSS,1809.2577,-20.25
3742,1809.2577,2291.6558,18.0926,1.0000,WIN,1827.3503,-21.05
3743,1827.3503,2291.6558,18.2735,1.0000,WIN,1845.6238,-20.26
3744,1845.6238,2291.6558,18.4562,1.0000,WIN,1864.0800,-19.46
3745,1864.0800,2291.6558,18.6408,1.0000,LOSS,1845.4392,-18.66
3746,1845.4392,2291.6558,18.4544,1.0000,WIN,1863.8936,-19.47
3747,1863.8936,2291.6558,18.6389,1.0000,WIN,1882.5325,-18.67
3748,1882.5325,2291.6558,18.8253,1.0000,WIN,1901.3579,-17.85
3749,1901.3579,2291.6558,19.0136,1.0000,LOSS,1882.3443,-17.03
3750,1882.3443,2291.6558,18.8234,1.0000,WIN,1901.1677,-17.86
3751,1901.1677,2291.6558,19.0117,1.0000,WIN,1920.1794,-17.04
3752,1920.1794,2291.6558,19.2018,1.0000,WIN,1939.3812,-16.21
3753,1939.3812,2291.6558,19.3938,1.0000,LOSS,1919.9874,-15.37
3754,1919.9874,2291.6558,19.1999,1.0000,WIN,1939.1873,-16.22
3755,1939.1873,2291.6558,19.3919,1.0000,WIN,1958.5791,-15.38
3756,1958.5791,2291.6558,19.5858,1.0000,WIN,1978.1649,-14.53
3757,1978.1649,2291.6558,19.7816,1.0000,LOSS,1958.3833,-13.68
3758,1958.3833,2291.6558,19.5838,1.0000,LOSS,1938.7994,-14.54
3759,1938.7994,2291.6558,19.3880,1.0000,LOSS,1919.4114,-15.40
3760,1919.4114,2291.6558,19.1941,1.0000,WIN,1938.6056,-16.24
3761,1938.6056,2291.6558,19.3861,1.0000,LOSS,1919.2195,-15.41
3762,1919.2195,2291.6558,19.1922,1.0000,LOSS,1900.0273,-16.25
3763,1900.0273,2291.6558,19.0003,1.0000,LOSS,1881.0270,-17.09
3764,1881.0270,2291.6558,18.8103,1.0000,LOSS,1862.2168,-17.92
3765,1862.2168,2291.6558,18.6222,1.0000,WIN,1880.8389,-18.74
3766,1880.8389,2291.6558,18.8084,1.0000,LOSS,1862.0305,-17.93
3767,1862.0305,2291.6558,18.6203,1.0000,LOSS,1843.4102,-18.75
3768,1843.4102,2291.6558,18.4341,1.0000,WIN,1861.8443,-19.56
3769,1861.8443,2291.6558,18.6184,1.0000,LOSS,1843.2259,-18.76
3770,1843.2259,2291.6558,18.4323,1.0000,LOSS,1824.7936,-19.57
3771,1824.7936,2291.6558,18.2479,1.0000,LOSS,1806.5457,-20.37
3772,1806.5457,2291.6558,18.0655,1.0000,LOSS,1788.4802,-21.17
3773,1788.4802,2291.6558,17.8848,1.0000,LOSS,1770.5954,-21.96
3774,1770.5954,2291.6558,17.7060,1.0000,WIN,1788.3014,-22.74
3775,1788.3014,2291.6558,17.8830,1.0000,WIN,1806.1844,-21.96
3776,1806.1844,2291.6558,18.0618,1.0000,WIN,1824.2463,-21.18
3777,1824.2463,2291.6558,18.2425,1.0000,LOSS,1806.0038,-20.40
3778,1806.0038,2291.6558,18.0600,1.0000,WIN,1824.0638,-21.19
3779,1824.0638,2291.6558,18.2406,1.0000,WIN,1842.3045,-20.40
3780,1842.3045,2291.6558,18.4230,1.0000,LOSS,1823.8814,-19.61
3781,1823.8814,2291.6558,18.2388,1.0000,WIN,1842.1202,-20.41
3782,1842.1202,2291.6558,18.4212,1.0000,LOSS,1823.6990,-19.62
3783,1823.6990,2291.6558,18.2370,1.0000,WIN,1841.9360,-20.42
3784,1841.9360,2291.6558,18.4194,1.0000,LOSS,1823.5167,-19.62
3785,1823.5167,2291.6558,18.2352,1.0000,LOSS,1805.2815,-20.43
3786,1805.2815,2291.6558,18.0528,1.0000,WIN,1823.3343,-21.22
3787,1823.3343,2291.6558,18.2333,1.0000,WIN,1841.5677,-20.44
3788,1841.5677,2291.6558,18.4157,1.0000,WIN,1859.9833,-19.64
3789,1859.9833,2291.6558,18.5998,1.0000,WIN,1878.5832,-18.84
3790,1878.5832,2291.6558,18.7858,1.0000,LOSS,1859.7973,-18.03
3791,1859.7973,2291.6558,18.5980,1.0000,WIN,1878.3953,-18.84
3792,1878.3953,2291.6558,18.7840,1.0000,WIN,1897.1793,-18.03
3793,1897.1793,2291.6558,18.9718,1.0000,LOSS,1878.2075,-17.21
3794,1878.2075,2291.6558,18.7821,1.0000,LOSS,1859.4254,-18.04
3795,1859.4254,2291.6558,18.5943,1.0000,LOSS,1840.8311,-18.86
3796,1840.8311,2291.6558,18.4083,1.0000,LOSS,1822.4228,-19.67
3797,1822.4228,2291.6558,18.2242,1.0000,WIN,1840.6471,-20.48
3798,1840.6471,2291.6558,18.4065,1.0000,LOSS,1822.2406,-19.68
3799,1822.2406,2291.6558,18.2224,1.0000,WIN,1840.4630,-20.48
3800,1840.4630,2291.6558,18.4046,1.0000,LOSS,1822.0584,-19.69
3801,1822.0584,2291.6558,18.2206,1.0000,WIN,1840.2789,-20.49
3802,1840.2789,2291.6558,18.4028,1.0000,LOSS,1821.8762,-19.70
3803,1821.8762,2291.6558,18.2188,1.0000,WIN,1840.0949,-20.50
3804,1840.0949,2291.6558,18.4009,1.0000,WIN,1858.4959,-19.70
3805,1858.4959,2291.6558,18.5850,1.0000,LOSS,1839.9109,-18.90
3806,1839.9109,2291.6558,18.3991,1.0000,LOSS,1821.5118,-19.71
3807,1821.5118,2291.6558,18.2151,1.0000,LOSS,1803.2967,-20.52
3808,1803.2967,2291.6558,18.0330,1.0000,WIN,1821.3297,-21.31
3809,1821.3297,2291.6558,18.2133,1.0000,WIN,1839.5429,-20.52
3810,1839.5429,2291.6558,18.3954,1.0000,LOSS,1821.1475,-19.73
3811,1821.1475,2291.6558,18.2115,1.0000,WIN,1839.3590,-20.53
3812,1839.3590,2291.6558,18.3936,1.0000,WIN,1857.7526,-19.74
3813,1857.7526,2291.6558,18.5775,1.0000,LOSS,1839.1751,-18.93
3814,1839.1751,2291.6558,18.3918,1.0000,LOSS,1820.7833,-19.74
3815,1820.7833,2291.6558,18.2078,1.0000,WIN,1838.9911,-20.55
3816,1838.9911,2291.6558,18.3899,1.0000,LOSS,1820.6012,-19.75
3817,1820.6012,2291.6558,18.2060,1.0000,WIN,1838.8072,-20.56
3818,1838.8072,2291.6558,18.3881,1.0000,WIN,1857.1953,-19.76
3819,1857.1953,2291.6558,18.5720,1.0000,WIN,1875.7673,-18.96
3820,1875.7673,2291.6558,18.7577,1.0000,LOSS,1857.0096,-18.15
3821,1857.0096,2291.6558,18.5701,1.0000,LOSS,1838.4395,-18.97
3822,1838.4395,2291.6558,18.3844,1.0000,WIN,1856.8239,-19.78
3823,1856.8239,2291.6558,18.5682,1.0000,LOSS,1838.2557,-18.97
3824,1838.2557,2291.6558,18.3826,1.0000,WIN,1856.6382,-19.78
3825,1856.6382,2291.6558,18.5664,1.0000,WIN,1875.2046,-18.98
3826,1875.2046,2291.6558,18.7520,1.0000,WIN,1893.9566,-18.17
3827,1893.9566,2291.6558,18.9396,1.0000,WIN,1912.8962,-17.35
3828,1912.8962,2291.6558,19.1290,1.0000,LOSS,1893.7672,-16.53
3829,1893.7672,2291.6558,18.9377,1.0000,WIN,1912.7049,-17.36
3830,1912.7049,2291.6558,19.1270,1.0000,WIN,1931.8320,-16.54
3831,1931.8320,2291.6558,19.3183,1.0000,LOSS,1912.5136,-15.70
3832,1912.5136,2291.6558,19.1251,1.0000,LOSS,1893.3885,-16.54
3833,1893.3885,2291.6558,18.9339,1.0000,WIN,1912.3224,-17.38
3834,1912.3224,2291.6558,19.1232,1.0000,LOSS,1893.1992,-16.55
3835,1893.1992,2291.6558,18.9320,1.0000,LOSS,1874.2672,-17.39
3836,1874.2672,2291.6558,18.7427,1.0000,LOSS,1855.5245,-18.21
3837,1855.5245,2291.6558,18.5552,1.0000,LOSS,1836.9693,-19.03
3838,1836.9693,2291.6558,18.3697,1.0000,WIN,1855.3390,-19.84
3839,1855.3390,2291.6558,18.5534,1.0000,WIN,1873.8923,-19.04
3840,1873.8923,2291.6558,18.7389,1.0000,WIN,1892.6313,-18.23
3841,1892.6313,2291.6558,18.9263,1.0000,LOSS,1873.7050,-17.41
3842,1873.7050,2291.6558,18.7370,1.0000,LOSS,1854.9679,-18.24
3843,1854.9679,2291.6558,18.5497,1.0000,LOSS,1836.4182,-19.06
3844,1836.4182,2291.6558,18.3642,1.0000,LOSS,1818.0540,-19.87
3845,1818.0540,2291.6558,18.1805,1.0000,WIN,1836.2346,-20.67
3846,1836.2346,2291.6558,18.3623,1.0000,LOSS,1817.8722,-19.87
3847,1817.8722,2291.6558,18.1787,1.0000,LOSS,1799.6935,-20.67
3848,1799.6935,2291.6558,17.9969,1.0000,WIN,1817.6905,-21.47
3849,1817.6905,2291.6558,18.1769,1.0000,LOSS,1799.5135,-20.68
3850,1799.5135,2291.6558,17.9951,1.0000,LOSS,1781.5184,-21.48
3851,1781.5184,2291.6558,17.8152,1.0000,WIN,1799.3336,-22.26
3852,1799.3336,2291.6558,17.9933,1.0000,LOSS,1781.3403,-21.48
3853,1781.3403,2291.6558,17.8134,1.0000,WIN,1799.1537,-22.27
3854,1799.1537,2291.6558,17.9915,1.0000,WIN,1817.1452,-21.49
3855,1817.1452,2291.6558,18.1715,1.0000,LOSS,1798.9737,-20.71
3856,1798.9737,2291.6558,17.9897,1.0000,LOSS,1780.9840,-21.50
3857,1780.9840,2291.6558,17.8098,1.0000,LOSS,1763.1742,-22.28
3858,1763.1742,2291.6558,17.6317,1.0000,WIN,1780.8059,-23.06
3859,1780.8059,2291.6558,17.8081,1.0000,WIN,1798.6140,-22.29
3860,1798.6140,2291.6558,17.9861,1.0000,WIN,1816.6001,-21.51
3861,1816.6001,2291.6558,18.1660,1.0000,WIN,1834.7661,-20.73
3862,1834.7661,2291.6558,18.3477,1.0000,WIN,1853.1138,-19.94
3863,1853.1138,2291.6558,18.5311,1.0000,WIN,1871.6449,-19.14
3864,1871.6449,2291.6558,18.7164,1.0000,LOSS,1852.9285,-18.33
3865,1852.9285,2291.6558,18.5293,1.0000,LOSS,1834.3992,-19.14
3866,1834.3992,2291.6558,18.3440,1.0000,WIN,1852.7432,-19.95
3867,1852.7432,2291.6558,18.5274,1.0000,WIN,1871.2706,-19.15
3868,1871.2706,2291.6558,18.7127,1.0000,LOSS,1852.5579,-18.34
3869,1852.5579,2291.6558,18.5256,1.0000,WIN,1871.0835,-19.16
3870,1871.0835,2291.6558,18.7108,1.0000,LOSS,1852.3726,-18.35
3871,1852.3726,2291.6558,18.5237,1.0000,WIN,1870.8964,-19.17
3872,1870.8964,2291.6558,18.7090,1.0000,WIN,1889.6053,-18.36
3873,1889.6053,2291.6558,18.8961,1.0000,LOSS,1870.7093,-17.54
3874,1870.7093,2291.6558,18.7071,1.0000,WIN,1889.4164,-18.37
3875,1889.4164,2291.6558,18.8942,1.0000,LOSS,1870.5222,-17.55
3876,1870.5222,2291.6558,18.7052,1.0000,WIN,1889.2274,-18.38
3877,1889.2274,2291.6558,18.8923,1.0000,LOSS,1870.3351,-17.56
3878,1870.3351,2291.6558,18.7034,1.0000,WIN,1889.0385,-18.38
3879,1889.0385,2291.6558,18.8904,1.0000,LOSS,1870.1481,-17.57
3880,1870.1481,2291.6558,18.7015,1.0000,WIN,1888.8496,-18.39
3881,1888.8496,2291.6558,18.8885,1.0000,LOSS,1869.9611,-17.58
3882,1869.9611,2291.6558,18.6996,1.0000,LOSS,1851.2615,-18.40
3883,1851.2615,2291.6558,18.5126,1.0000,WIN,1869.7741,-19.22
3884,1869.7741,2291.6558,18.6977,1.0000,WIN,1888.4718,-18.41
3885,1888.4718,2291.6558,18.8847,1.0000,WIN,1907.3566,-17.59
3886,1907.3566,2291.6558,19.0736,1.0000,WIN,1926.4301,-16.77
3887,1926.4301,2291.6558,19.2643,1.0000,LOSS,1907.1658,-15.94
3888,1907.1658,2291.6558,19.0717,1.0000,WIN,1926.2375,-16.78
3889,1926.2375,2291.6558,19.2624,1.0000,WIN,1945.4999,-15.95
3890,1945.4999,2291.6558,19.4550,1.0000,WIN,1964.9549,-15.11
3891,1964.9549,2291.6558,19.6495,1.0000,WIN,1984.6044,-14.26
3892,1984.6044,2291.6558,19.8460,1.0000,LOSS,1964.7584,-13.40
3893,1964.7584,2291.6558,19.6476,1.0000,LOSS,1945.1108,-14.26
3894,1945.1108,2291.6558,19.4511,1.0000,LOSS,1925.6597,-15.12
3895,1925.6597,2291.6558,19.2566,1.0000,LOSS,1906.4031,-15.97
3896,1906.4031,2291.6558,19.0640,1.0000,WIN,1925.4671,-16.81
3897,1925.4671,2291.6558,19.2547,1.0000,LOSS,1906.2124,-15.98
3898,1906.2124,2291.6558,19.0621,1.0000,WIN,1925.2746,-16.82
3899,1925.2746,2291.6558,19.2527,1.0000,LOSS,1906.0218,-15.99
3900,1906.0218,2291.6558,19.0602,1.0000,LOSS,1886.9616,-16.83
3901,1886.9616,2291.6558,18.8696,1.0000,LOSS,1868.0920,-17.66
3902,1868.0920,2291.6558,18.6809,1.0000,LOSS,1849.4111,-18.48
3903,1849.4111,2291.6558,18.4941,1.0000,LOSS,1830.9170,-19.30
3904,1830.9170,2291.6558,18.3092,1.0000,WIN,1849.2261,-20.11
3905,1849.2261,2291.6558,18.4923,1.0000,LOSS,1830.7339,-19.31
3906,1830.7339,2291.6558,18.3073,1.0000,WIN,1849.0412,-20.11
3907,1849.0412,2291.6558,18.4904,1.0000,LOSS,1830.5508,-19.31
3908,1830.5508,2291.6558,18.3055,1.0000,WIN,1848.8563,-20.12
3909,1848.8563,2291.6558,18.4886,1.0000,LOSS,1830.3677,-19.32
3910,1830.3677,2291.6558,18.3037,1.0000,WIN,1848.6714,-20.13
3911,1848.6714,2291.6558,18.4867,1.0000,WIN,1867.1581,-19.33
3912,1867.1581,2291.6558,18.6716,1.0000,WIN,1885.8297,-18.52
3913,1885.8297,2291.6558,18.8583,1.0000,LOSS,1866.9714,-17.71
3914,1866.9714,2291.6558,18.6697,1.0000,WIN,1885.6411,-18.53
3915,1885.6411,2291.6558,18.8564,1.0000,WIN,1904.4975,-17.72
3916,1904.4975,2291.6558,19.0450,1.0000,LOSS,1885.4526,-16.89
3917,1885.4526,2291.6558,18.8545,1.0000,WIN,1904.3071,-17.73
3918,1904.3071,2291.6558,19.0431,1.0000,LOSS,1885.2640,-16.90
3919,1885.2640,2291.6558,18.8526,1.0000,LOSS,1866.4114,-17.73
3920,1866.4114,2291.6558,18.6641,1.0000,LOSS,1847.7473,-18.56
3921,1847.7473,2291.6558,18.4775,1.0000,LOSS,1829.2698,-19.37
3922,1829.2698,2291.6558,18.2927,1.0000,WIN,1847.5625,-20.18
3923,1847.5625,2291.6558,18.4756,1.0000,LOSS,1829.0869,-19.38
3924,1829.0869,2291.6558,18.2909,1.0000,LOSS,1810.7960,-20.18
3925,1810.7960,2291.6558,18.1080,1.0000,WIN,1828.9039,-20.98
3926,1828.9039,2291.6558,18.2890,1.0000,LOSS,1810.6149,-20.19
3927,1810.6149,2291.6558,18.1061,1.0000,WIN,1828.7211,-20.99
3928,1828.7211,2291.6558,18.2872,1.0000,LOSS,1810.4338,-20.20
3929,1810.4338,2291.6558,18.1043,1.0000,LOSS,1792.3295,-21.00
3930,1792.3295,2291.6558,17.9233,1.0000,LOSS,1774.4062,-21.79
3931,1774.4062,2291.6558,17.7441,1.0000,LOSS,1756.6622,-22.57
3932,1756.6622,2291.6558,17.5666,1.0000,WIN,1774.2288,-23.35
3933,1774.2288,2291.6558,17.7423,1.0000,LOSS,1756.4865,-22.58
3934,1756.4865,2291.6558,17.5649,1.0000,LOSS,1738.9216,-23.35
3935,1738.9216,2291.6558,17.3892,1.0000,LOSS,1721.5324,-24.12
3936,1721.5324,2291.6558,17.2153,1.0000,WIN,1738.7477,-24.88
3937,1738.7477,2291.6558,17.3875,1.0000,WIN,1756.1352,-24.13
3938,1756.1352,2291.6558,17.5614,1.0000,LOSS,1738.5739,-23.37
3939,1738.5739,2291.6558,17.3857,1.0000,LOSS,1721.1881,-24.13
3940,1721.1881,2291.6558,17.2119,1.0000,WIN,1738.4000,-24.89
3941,1738.4000,2291.6558,17.3840,1.0000,WIN,1755.7840,-24.14
3942,1755.7840,2291.6558,17.5578,1.0000,LOSS,1738.2262,-23.38
3943,1738.2262,2291.6558,17.3823,1.0000,LOSS,1720.8439,-24.15
3944,1720.8439,2291.6558,17.2084,1.0000,LOSS,1703.6355,-24.91
3945,1703.6355,2291.6558,17.0364,1.0000,WIN,1720.6718,-25.66
3946,1720.6718,2291.6558,17.2067,1.0000,LOSS,1703.4651,-24.92
3947,1703.4651,2291.6558,17.0347,1.0000,WIN,1720.4997,-25.67
3948,1720.4997,2291.6558,17.2050,1.0000,WIN,1737.7047,-24.92
3949,1737.7047,2291.6558,17.3770,1.0000,WIN,1755.0818,-24.17
3950,1755.0818,2291.6558,17.5508,1.0000,WIN,1772.6326,-23.41
3951,1772.6326,2291.6558,17.7263,1.0000,LOSS,1754.9063,-22.65
3952,1754.9063,2291.6558,17.5491,1.0000,WIN,1772.4553,-23.42
3953,1772.4553,2291.6558,17.7246,1.0000,LOSS,1754.7308,-22.66
3954,1754.7308,2291.6558,17.5473,1.0000,LOSS,1737.1835,-23.43
3955,1737.1835,2291.6558,17.3718,1.0000,LOSS,1719.8116,-24.20
3956,1719.8116,2291.6558,17.1981,1.0000,LOSS,1702.6135,-24.95
3957,1702.6135,2291.6558,17.0261,1.0000,WIN,1719.6397,-25.70
3958,1719.6397,2291.6558,17.1964,1.0000,LOSS,1702.4433,-24.96
3959,1702.4433,2291.6558,17.0244,1.0000,LOSS,1685.4188,-25.71
3960,1685.4188,2291.6558,16.8542,1.0000,LOSS,1668.5646,-26.45
3961,1668.5646,2291.6558,16.6856,1.0000,WIN,1685.2503,-27.19
3962,1685.2503,2291.6558,16.8525,1.0000,LOSS,1668.3978,-26.46
3963,1668.3978,2291.6558,16.6840,1.0000,WIN,1685.0818,-27.20
3964,1685.0818,2291.6558,16.8508,1.0000,WIN,1701.9326,-26.47
3965,1701.9326,2291.6558,17.0193,1.0000,LOSS,1684.9133,-25.73
3966,1684.9133,2291.6558,16.8491,1.0000,LOSS,1668.0641,-26.48
3967,1668.0641,2291.6558,16.6806,1.0000,LOSS,1651.3835,-27.21
3968,1651.3835,2291.6558,16.5138,1.0000,LOSS,1634.8697,-27.94
3969,1634.8697,2291.6558,16.3487,1.0000,WIN,1651.2183,-28.66
3970,1651.2183,2291.6558,16.5122,1.0000,WIN,1667.7305,-27.95
3971,1667.7305,2291.6558,16.6773,1.0000,LOSS,1651.0532,-27.23
3972,1651.0532,2291.6558,16.5105,1.0000,LOSS,1634.5427,-27.95
3973,1634.5427,2291.6558,16.3454,1.0000,LOSS,1618.1973,-28.67
3974,1618.1973,2291.6558,16.1820,1.0000,LOSS,1602.0153,-29.39
3975,1602.0153,2291.6558,16.0202,1.0000,LOSS,1585.9951,-30.09
3976,1585.9951,2291.6558,15.8600,1.0000,LOSS,1570.1352,-30.79
3977,1570.1352,2291.6558,15.7014,1.0000,LOSS,1554.4338,-31.48
3978,1554.4338,2291.6558,15.5443,1.0000,LOSS,1538.8895,-32.17
3979,1538.8895,2291.6558,15.3889,1.0000,LOSS,1523.5006,-32.85
3980,1523.5006,2291.6558,15.2350,1.0000,WIN,1538.7356,-33.52
3981,1538.7356,2291.6558,15.3874,1.0000,LOSS,1523.3483,-32.85
3982,1523.3483,2291.6558,15.2335,1.0000,LOSS,1508.1148,-33.53
3983,1508.1148,2291.6558,15.0811,1.0000,LOSS,1493.0336,-34.19
3984,1493.0336,2291.6558,14.9303,1.0000,WIN,1507.9640,-34.85
3985,1507.9640,2291.6558,15.0796,1.0000,WIN,1523.0436,-34.20
3986,1523.0436,2291.6558,15.2304,1.0000,WIN,1538.2740,-33.54
3987,1538.2740,2291.6558,15.3827,1.0000,LOSS,1522.8913,-32.87
3988,1522.8913,2291.6558,15.2289,1.0000,LOSS,1507.6624,-33.55
3989,1507.6624,2291.6558,15.0766,1.0000,WIN,1522.7390,-34.21
3990,1522.7390,2291.6558,15.2274,1.0000,LOSS,1507.5116,-33.55
3991,1507.5116,2291.6558,15.0751,1.0000,LOSS,1492.4365,-34.22
3992,1492.4365,2291.6558,14.9244,1.0000,WIN,1507.3609,-34.88
3993,1507.3609,2291.6558,15.0736,1.0000,LOSS,1492.2873,-34.22
3994,1492.2873,2291.6558,14.9229,1.0000,WIN,1507.2101,-34.88
3995,1507.2101,2291.6558,15.0721,1.0000,LOSS,1492.1380,-34.23
3996,1492.1380,2291.6558,14.9214,1.0000,WIN,1507.0594,-34.89
3997,1507.0594,2291.6558,15.0706,1.0000,WIN,1522.1300,-34.24
3998,1522.1300,2291.6558,15.2213,1.0000,WIN,1537.3513,-33.58
3999,1537.3513,2291.6558,15.3735,1.0000,WIN,1552.7248,-32.92
4000,1552.7248,2291.6558,15.5272,1.0000,WIN,1568.2521,-32.24
4001,1568.2521,2291.6558,15.6825,1.0000,LOSS,1552.5695,-31.57
4002,1552.5695,2291.6558,15.5257,1.0000,LOSS,1537.0438,-32.25
4003,1537.0438,2291.6558,15.3704,1.0000,WIN,1552.4143,-32.93
4004,1552.4143,2291.6558,15.5241,1.0000,LOSS,1536.8901,-32.26
4005,1536.8901,2291.6558,15.3689,1.0000,LOSS,1521.5212,-32.94
4006,1521.5212,2291.6558,15.2152,1.0000,WIN,1536.7365,-33.61
4007,1536.7365,2291.6558,15.3674,1.0000,WIN,1552.1038,-32.94
4008,1552.1038,2291.6558,15.5210,1.0000,WIN,1567.6249,-32.27
4009,1567.6249,2291.6558,15.6762,1.0000,LOSS,1551.9486,-31.59
4010,1551.9486,2291.6558,15.5195,1.0000,WIN,1567.4681,-32.28
4011,1567.4681,2291.6558,15.6747,1.0000,LOSS,1551.7934,-31.60
4012,1551.7934,2291.6558,15.5179,1.0000,LOSS,1536.2755,-32.29
4013,1536.2755,2291.6558,15.3628,1.0000,WIN,1551.6382,-32.96
4014,1551.6382,2291.6558,15.5164,1.0000,LOSS,1536.1219,-32.29
4015,1536.1219,2291.6558,15.3612,1.0000,LOSS,1520.7606,-32.97
4016,1520.7606,2291.6558,15.2076,1.0000,WIN,1535.9682,-33.64
4017,1535.9682,2291.6558,15.3597,1.0000,LOSS,1520.6086,-32.98
4018,1520.6086,2291.6558,15.2061,1.0000,WIN,1535.8146,-33.65
4019,1535.8146,2291.6558,15.3581,1.0000,LOSS,1520.4565,-32.98
4020,1520.4565,2291.6558,15.2046,1.0000,LOSS,1505.2519,-33.65
4021,1505.2519,2291.6558,15.0525,1.0000,WIN,1520.3045,-34.32
4022,1520.3045,2291.6558,15.2030,1.0000,LOSS,1505.1014,-33.66
4023,1505.1014,2291.6558,15.0510,1.0000,WIN,1520.1524,-34.32
4024,1520.1524,2291.6558,15.2015,1.0000,LOSS,1504.9509,-33.67
4025,1504.9509,2291.6558,15.0495,1.0000,LOSS,1489.9014,-34.33
4026,1489.9014,2291.6558,14.8990,1.0000,WIN,1504.8004,-34.99
4027,1504.8004,2291.6558,15.0480,1.0000,WIN,1519.8484,-34.34
4028,1519.8484,2291.6558,15.1985,1.0000,LOSS,1504.6499,-33.68
4029,1504.6499,2291.6558,15.0465,1.0000,LOSS,1489.6034,-34.34
4030,1489.6034,2291.6558,14.8960,1.0000,WIN,1504.4995,-35.00
4031,1504.4995,2291.6558,15.0450,1.0000,WIN,1519.5445,-34.35
4032,1519.5445,2291.6558,15.1954,1.0000,WIN,1534.7399,-33.69
4033,1534.7399,2291.6558,15.3474,1.0000,LOSS,1519.3925,-33.03
4034,1519.3925,2291.6558,15.1939,1.0000,LOSS,1504.1986,-33.70
4035,1504.1986,2291.6558,15.0420,1.0000,WIN,1519.2406,-34.36
4036,1519.2406,2291.6558,15.1924,1.0000,LOSS,1504.0482,-33.71
4037,1504.0482,2291.6558,15.0405,1.0000,LOSS,1489.0077,-34.37
4038,1489.0077,2291.6558,14.8901,1.0000,WIN,1503.8977,-35.02
4039,1503.8977,2291.6558,15.0390,1.0000,LOSS,1488.8588,-34.38
4040,1488.8588,2291.6558,14.8886,1.0000,WIN,1503.7474,-35.03
4041,1503.7474,2291.6558,15.0375,1.0000,LOSS,1488.7099,-34.38
4042,1488.7099,2291.6558,14.8871,1.0000,LOSS,1473.8228,-35.04
4043,1473.8228,2291.6558,14.7382,1.0000,LOSS,1459.0846,-35.69
4044,1459.0846,2291.6558,14.5908,1.0000,WIN,1473.6754,-36.33
4045,1473.6754,2291.6558,14.7368,1.0000,WIN,1488.4122,-35.69
4046,1488.4122,2291.6558,14.8841,1.0000,WIN,1503.2963,-35.05
4047,1503.2963,2291.6558,15.0330,1.0000,WIN,1518.3292,-34.40
4048,1518.3292,2291.6558,15.1833,1.0000,WIN,1533.5125,-33.75
4049,1533.5125,2291.6558,15.3351,1.0000,LOSS,1518.1774,-33.08
4050,1518.1774,2291.6558,15.1818,1.0000,LOSS,1502.9956,-33.75
4051,1502.9956,2291.6558,15.0300,1.0000,LOSS,1487.9657,-34.41
4052,1487.9657,2291.6558,14.8797,1.0000,LOSS,1473.0860,-35.07
4053,1473.0860,2291.6558,14.7309,1.0000,WIN,1487.8169,-35.72
4054,1487.8169,2291.6558,14.8782,1.0000,LOSS,1472.9387,-35.08
4055,1472.9387,2291.6558,14.7294,1.0000,LOSS,1458.2093,-35.73
4056,1458.2093,2291.6558,14.5821,1.0000,WIN,1472.7914,-36.37
4057,1472.7914,2291.6558,14.7279,1.0000,WIN,1487.5193,-35.73
4058,1487.5193,2291.6558,14.8752,1.0000,LOSS,1472.6441,-35.09
4059,1472.6441,2291.6558,14.7264,1.0000,WIN,1487.3706,-35.74
4060,1487.3706,2291.6558,14.8737,1.0000,WIN,1502.2443,-35.10
4061,1502.2443,2291.6558,15.0224,1.0000,WIN,1517.2667,-34.45
4062,1517.2667,2291.6558,15.1727,1.0000,LOSS,1502.0941,-33.79
4063,1502.0941,2291.6558,15.0209,1.0000,WIN,1517.1150,-34.45
4064,1517.1150,2291.6558,15.1712,1.0000,LOSS,1501.9439,-33.80
4065,1501.9439,2291.6558,15.0194,1.0000,WIN,1516.9633,-34.46
4066,1516.9633,2291.6558,15.1696,1.0000,LOSS,1501.7937,-33.80
4067,1501.7937,2291.6558,15.0179,1.0000,LOSS,1486.7757,-34.47
4068,1486.7757,2291.6558,14.8678,1.0000,LOSS,1471.9080,-35.12
4069,1471.9080,2291.6558,14.7191,1.0000,LOSS,1457.1889,-35.77
4070,1457.1889,2291.6558,14.5719,1.0000,WIN,1471.7608,-36.41
4071,1471.7608,2291.6558,14.7176,1.0000,LOSS,1457.0432,-35.78
4072,1457.0432,2291.6558,14.5704,1.0000,WIN,1471.6136,-36.42
4073,1471.6136,2291.6558,14.7161,1.0000,LOSS,1456.8975,-35.78
4074,1456.8975,2291.6558,14.5690,1.0000,LOSS,1442.3285,-36.43
4075,1442.3285,2291.6558,14.4233,1.0000,WIN,1456.7518,-37.06
4076,1456.7518,2291.6558,14.5675,1.0000,WIN,1471.3193,-36.43
4077,1471.3193,2291.6558,14.7132,1.0000,LOSS,1456.6061,-35.80
4078,1456.6061,2291.6558,14.5661,1.0000,WIN,1471.1722,-36.44
4079,1471.1722,2291.6558,14.7117,1.0000,WIN,1485.8839,-35.80
4080,1485.8839,2291.6558,14.8588,1.0000,WIN,1500.7427,-35.16
4081,1500.7427,2291.6558,15.0074,1.0000,LOSS,1485.7353,-34.51
4082,1485.7353,2291.6558,14.8574,1.0000,LOSS,1470.8779,-35.17
4083,1470.8779,2291.6558,14.7088,1.0000,LOSS,1456.1692,-35.82
4084,1456.1692,2291.6558,14.5617,1.0000,WIN,1470.7309,-36.46
4085,1470.7309,2291.6558,14.7073,1.0000,LOSS,1456.0235,-35.82
4086,1456.0235,2291.6558,14.5602,1.0000,WIN,1470.5838,-36.46
4087,1470.5838,2291.6558,14.7058,1.0000,WIN,1485.2896,-35.83
4088,1485.2896,2291.6558,14.8529,1.0000,LOSS,1470.4367,-35.19
4089,1470.4367,2291.6558,14.7044,1.0000,WIN,1485.1411,-35.84
4090,1485.1411,2291.6558,14.8514,1.0000,WIN,1499.9925,-35.19
4091,1499.9925,2291.6558,14.9999,1.0000,WIN,1514.9924,-34.55
4092,1514.9924,2291.6558,15.1499,1.0000,LOSS,1499.8425,-33.89
4093,1499.8425,2291.6558,14.9984,1.0000,WIN,1514.8409,-34.55
4094,1514.8409,2291.6558,15.1484,1.0000,LOSS,1499.6925,-33.90
4095,1499.6925,2291.6558,14.9969,1.0000,WIN,1514.6894,-34.56
4096,1514.6894,2291.6558,15.1469,1.0000,LOSS,1499.5425,-33.90
4097,1499.5425,2291.6558,14.9954,1.0000,LOSS,1484.5471,-34.57
4098,1484.5471,2291.6558,14.8455,1.0000,WIN,1499.3926,-35.22
4099,1499.3926,2291.6558,14.9939,1.0000,WIN,1514.3865,-34.57
4100,1514.3865,2291.6558,15.1439,1.0000,LOSS,1499.2427,-33.92
4101,1499.2427,2291.6558,14.9924,1.0000,LOSS,1484.2502,-34.58
4102,1484.2502,2291.6558,14.8425,1.0000,LOSS,1469.4077,-35.23
4103,1469.4077,2291.6558,14.6941,1.0000,LOSS,1454.7136,-35.88
4104,1454.7136,2291.6558,14.5471,1.0000,WIN,1469.2608,-36.52
4105,1469.2608,2291.6558,14.6926,1.0000,LOSS,1454.5682,-35.89
4106,1454.5682,2291.6558,14.5457,1.0000,LOSS,1440.0225,-36.53
4107,1440.0225,2291.6558,14.4002,1.0000,LOSS,1425.6223,-37.16
4108,1425.6223,2291.6558,14.2562,1.0000,WIN,1439.8785,-37.79
4109,1439.8785,2291.6558,14.3988,1.0000,WIN,1454.2773,-37.17
4110,1454.2773,2291.6558,14.5428,1.0000,LOSS,1439.7345,-36.54
4111,1439.7345,2291.6558,14.3973,1.0000,WIN,1454.1318,-37.17
4112,1454.1318,2291.6558,14.5413,1.0000,WIN,1468.6732,-36.55
4113,1468.6732,2291.6558,14.6867,1.0000,LOSS,1453.9864,-35.91
4114,1453.9864,2291.6558,14.5399,1.0000,WIN,1468.5263,-36.55
4115,1468.5263,2291.6558,14.6853,1.0000,WIN,1483.2116,-35.92
4116,1483.2116,2291.6558,14.8321,1.0000,WIN,1498.0437,-35.28
4117,1498.0437,2291.6558,14.9804,1.0000,WIN,1513.0241,-34.63
4118,1513.0241,2291.6558,15.1302,1.0000,LOSS,1497.8939,-33.98
4119,1497.8939,2291.6558,14.9789,1.0000,LOSS,1482.9149,-34.64
4120,1482.9149,2291.6558,14.8291,1.0000,LOSS,1468.0858,-35.29
4121,1468.0858,2291.6558,14.6809,1.0000,LOSS,1453.4049,-35.94
4122,1453.4049,2291.6558,14.5340,1.0000,LOSS,1438.8709,-36.58
4123,1438.8709,2291.6558,14.3887,1.0000,WIN,1453.2596,-37.21
4124,1453.2596,2291.6558,14.5326,1.0000,LOSS,1438.7270,-36.58
4125,1438.7270,2291.6558,14.3873,1.0000,LOSS,1424.3397,-37.22
4126,1424.3397,2291.6558,14.2434,1.0000,WIN,1438.5831,-37.85
4127,1438.5831,2291.6558,14.3858,1.0000,LOSS,1424.1973,-37.23
4128,1424.1973,2291.6558,14.2420,1.0000,LOSS,1409.9553,-37.85
4129,1409.9553,2291.6558,14.0996,1.0000,LOSS,1395.8558,-38.47
4130,1395.8558,2291.6558,13.9586,1.0000,LOSS,1381.8972,-39.09
4131,1381.8972,2291.6558,13.8190,1.0000,LOSS,1368.0782,-39.70
4132,1368.0782,2291.6558,13.6808,1.0000,WIN,1381.7590,-40.30
4133,1381.7590,2291.6558,13.8176,1.0000,WIN,1395.5766,-39.70
4134,1395.5766,2291.6558,13.9558,1.0000,WIN,1409.5324,-39.10
4135,1409.5324,2291.6558,14.0953,1.0000,LOSS,1395.4370,-38.49
4136,1395.4370,2291.6558,13.9544,1.0000,LOSS,1381.4827,-39.11
4137,1381.4827,2291.6558,13.8148,1.0000,LOSS,1367.6678,-39.72
4138,1367.6678,2291.6558,13.6767,1.0000,LOSS,1353.9912,-40.32
4139,1353.9912,2291.6558,13.5399,1.0000,WIN,1367.5311,-40.92
4140,1367.5311,2291.6558,13.6753,1.0000,WIN,1381.2064,-40.33
4141,1381.2064,2291.6558,13.8121,1.0000,LOSS,1367.3943,-39.73
4142,1367.3943,2291.6558,13.6739,1.0000,WIN,1381.0683,-40.33
4143,1381.0683,2291.6558,13.8107,1.0000,LOSS,1367.2576,-39.73
4144,1367.2576,2291.6558,13.6726,1.0000,LOSS,1353.5850,-40.34
4145,1353.5850,2291.6558,13.5359,1.0000,WIN,1367.1209,-40.93
4146,1367.1209,2291.6558,13.6712,1.0000,WIN,1380.7921,-40.34
4147,1380.7921,2291.6558,13.8079,1.0000,WIN,1394.6000,-39.75
4148,1394.6000,2291.6558,13.9460,1.0000,LOSS,1380.6540,-39.14
4149,1380.6540,2291.6558,13.8065,1.0000,LOSS,1366.8475,-39.75
4150,1366.8475,2291.6558,13.6685,1.0000,LOSS,1353.1790,-40.36
4151,1353.1790,2291.6558,13.5318,1.0000,LOSS,1339.6472,-40.95
4152,1339.6472,2291.6558,13.3965,1.0000,WIN,1353.0437,-41.54
4153,1353.0437,2291.6558,13.5304,1.0000,LOSS,1339.5132,-40.96
4154,1339.5132,2291.6558,13.3951,1.0000,WIN,1352.9084,-41.55
4155,1352.9084,2291.6558,13.5291,1.0000,WIN,1366.4374,-40.96
4156,1366.4374,2291.6558,13.6644,1.0000,LOSS,1352.7731,-40.37
4157,1352.7731,2291.6558,13.5277,1.0000,LOSS,1339.2453,-40.97
4158,1339.2453,2291.6558,13.3925,1.0000,LOSS,1325.8529,-41.56
4159,1325.8529,2291.6558,13.2585,1.0000,LOSS,1312.5944,-42.14
4160,1312.5944,2291.6558,13.1259,1.0000,LOSS,1299.4684,-42.72
4161,1299.4684,2291.6558,12.9947,1.0000,WIN,1312.4631,-43.30
4162,1312.4631,2291.6558,13.1246,1.0000,LOSS,1299.3385,-42.73
4163,1299.3385,2291.6558,12.9934,1.0000,LOSS,1286.3451,-43.30
4164,1286.3451,2291.6558,12.8635,1.0000,WIN,1299.2085,-43.87
4165,1299.2085,2291.6558,12.9921,1.0000,LOSS,1286.2164,-43.31
4166,1286.2164,2291.6558,12.8622,1.0000,LOSS,1273.3543,-43.87
4167,1273.3543,2291.6558,12.7335,1.0000,LOSS,1260.6207,-44.44
4168,1260.6207,2291.6558,12.6062,1.0000,WIN,1273.2269,-44.99
4169,1273.2269,2291.6558,12.7323,1.0000,WIN,1285.9592,-44.44
4170,1285.9592,2291.6558,12.8596,1.0000,LOSS,1273.0996,-43.89
4171,1273.0996,2291.6558,12.7310,1.0000,LOSS,1260.3686,-44.45
4172,1260.3686,2291.6558,12.6037,1.0000,WIN,1272.9723,-45.00
4173,1272.9723,2291.6558,12.7297,1.0000,WIN,1285.7020,-44.45
4174,1285.7020,2291.6558,12.8570,1.0000,WIN,1298.5591,-43.90
4175,1298.5591,2291.6558,12.9856,1.0000,WIN,1311.5446,-43.34
4176,1311.5446,2291.6558,13.1154,1.0000,WIN,1324.6601,-42.77
4177,1324.6601,2291.6558,13.2466,1.0000,WIN,1337.9067,-42.20
4178,1337.9067,2291.6558,13.3791,1.0000,WIN,1351.2858,-41.62
4179,1351.2858,2291.6558,13.5129,1.0000,WIN,1364.7986,-41.03
4180,1364.7986,2291.6558,13.6480,1.0000,WIN,1378.4466,-40.44
4181,1378.4466,2291.6558,13.7845,1.0000,WIN,1392.2311,-39.85
4182,1392.2311,2291.6558,13.9223,1.0000,LOSS,1378.3088,-39.25
4183,1378.3088,2291.6558,13.7831,1.0000,WIN,1392.0918,-39.86
4184,1392.0918,2291.6558,13.9209,1.0000,WIN,1406.0128,-39.25
4185,1406.0128,2291.6558,14.0601,1.0000,LOSS,1391.9526,-38.65
4186,1391.9526,2291.6558,13.9195,1.0000,LOSS,1378.0331,-39.26
4187,1378.0331,2291.6558,13.7803,1.0000,WIN,1391.8134,-39.87
4188,1391.8134,2291.6558,13.9181,1.0000,WIN,1405.7316,-39.27
4189,1405.7316,2291.6558,14.0573,1.0000,LOSS,1391.6743,-38.66
4190,1391.6743,2291.6558,13.9167,1.0000,WIN,1405.5910,-39.27
4191,1405.5910,2291.6558,14.0559,1.0000,LOSS,1391.5351,-38.66
4192,1391.5351,2291.6558,13.9154,1.0000,LOSS,1377.6197,-39.28
4193,1377.6197,2291.6558,13.7762,1.0000,WIN,1391.3959,-39.89
4194,1391.3959,2291.6558,13.9140,1.0000,LOSS,1377.4820,-39.28
4195,1377.4820,2291.6558,13.7748,1.0000,LOSS,1363.7072,-39.89
4196,1363.7072,2291.6558,13.6371,1.0000,WIN,1377.3442,-40.49
4197,1377.3442,2291.6558,13.7734,1.0000,WIN,1391.1177,-39.90
4198,1391.1177,2291.6558,13.9112,1.0000,WIN,1405.0288,-39.30
4199,1405.0288,2291.6558,14.0503,1.0000,WIN,1419.0791,-38.69
4200,1419.0791,2291.6558,14.1908,1.0000,LOSS,1404.8883,-38.08
4201,1404.8883,2291.6558,14.0489,1.0000,LOSS,1390.8395,-38.70
4202,1390.8395,2291.6558,13.9084,1.0000,WIN,1404.7479,-39.31
4203,1404.7479,2291.6558,14.0475,1.0000,WIN,1418.7953,-38.70
4204,1418.7953,2291.6558,14.1880,1.0000,LOSS,1404.6074,-38.09
4205,1404.6074,2291.6558,14.0461,1.0000,LOSS,1390.5613,-38.71
4206,1390.5613,2291.6558,13.9056,1.0000,LOSS,1376.6557,-39.32
4207,1376.6557,2291.6558,13.7666,1.0000,LOSS,1362.8891,-39.93
4208,1362.8891,2291.6558,13.6289,1.0000,LOSS,1349.2602,-40.53
4209,1349.2602,2291.6558,13.4926,1.0000,WIN,1362.7529,-41.12
4210,1362.7529,2291.6558,13.6275,1.0000,LOSS,1349.1253,-40.53
4211,1349.1253,2291.6558,13.4913,1.0000,WIN,1362.6166,-41.13
4212,1362.6166,2291.6558,13.6262,1.0000,LOSS,1348.9904,-40.54
4213,1348.9904,2291.6558,13.4899,1.0000,WIN,1362.4803,-41.13
4214,1362.4803,2291.6558,13.6248,1.0000,LOSS,1348.8555,-40.55
4215,1348.8555,2291.6558,13.4886,1.0000,WIN,1362.3441,-41.14
4216,1362.3441,2291.6558,13.6234,1.0000,WIN,1375.9675,-40.55
4217,1375.9675,2291.6558,13.7597,1.0000,WIN,1389.7272,-39.96
4218,1389.7272,2291.6558,13.8973,1.0000,WIN,1403.6245,-39.36
4219,1403.6245,2291.6558,14.0362,1.0000,LOSS,1389.5882,-38.75
4220,1389.5882,2291.6558,13.8959,1.0000,LOSS,1375.6923,-39.36
4221,1375.6923,2291.6558,13.7569,1.0000,LOSS,1361.9354,-39.97
4222,1361.9354,2291.6558,13.6194,1.0000,LOSS,1348.3160,-40.57
4223,1348.3160,2291.6558,13.4832,1.0000,WIN,1361.7992,-41.16
4224,1361.7992,2291.6558,13.6180,1.0000,LOSS,1348.1812,-40.58
4225,1348.1812,2291.6558,13.4818,1.0000,LOSS,1334.6994,-41.17
4226,1334.6994,2291.6558,13.3470,1.0000,WIN,1348.0464,-41.76
4227,1348.0464,2291.6558,13.4805,1.0000,LOSS,1334.5659,-41.18
4228,1334.5659,2291.6558,13.3457,1.0000,WIN,1347.9116,-41.76
4229,1347.9116,2291.6558,13.4791,1.0000,WIN,1361.3907,-41.18
4230,1361.3907,2291.6558,13.6139,1.0000,WIN,1375.0046,-40.59
4231,1375.0046,2291.6558,13.7500,1.0000,WIN,1388.7547,-40.00
4232,1388.7547,2291.6558,13.8875,1.0000,WIN,1402.6422,-39.40
4233,1402.6422,2291.6558,14.0264,1.0000,LOSS,1388.6158,-38.79
4234,1388.6158,2291.6558,13.8862,1.0000,WIN,1402.5019,-39.41
4235,1402.5019,2291.6558,14.0250,1.0000,LOSS,1388.4769,-38.80
4236,1388.4769,2291.6558,13.8848,1.0000,LOSS,1374.5922,-39.41
4237,1374.5922,2291.6558,13.7459,1.0000,WIN,1388.3381,-40.02
4238,1388.3381,2291.6558,13.8834,1.0000,LOSS,1374.4547,-39.42
4239,1374.4547,2291.6558,13.7445,1.0000,LOSS,1360.7102,-40.02
4240,1360.7102,2291.6558,13.6071,1.0000,WIN,1374.3173,-40.62
4241,1374.3173,2291.6558,13.7432,1.0000,LOSS,1360.5741,-40.03
4242,1360.5741,2291.6558,13.6057,1.0000,LOSS,1346.9683,-40.63
4243,1346.9683,2291.6558,13.4697,1.0000,LOSS,1333.4987,-41.22
4244,1333.4987,2291.6558,13.3350,1.0000,LOSS,1320.1637,-41.81
4245,1320.1637,2291.6558,13.2016,1.0000,LOSS,1306.9620,-42.39
4246,1306.9620,2291.6558,13.0696,1.0000,LOSS,1293.8924,-42.97
4247,1293.8924,2291.6558,12.9389,1.0000,LOSS,1280.9535,-43.54
4248,1280.9535,2291.6558,12.8095,1.0000,WIN,1293.7630,-44.10
4249,1293.7630,2291.6558,12.9376,1.0000,WIN,1306.7007,-43.54
4250,1306.7007,2291.6558,13.0670,1.0000,WIN,1319.7677,-42.98
4251,1319.7677,2291.6558,13.1977,1.0000,LOSS,1306.5700,-42.41
4252,1306.5700,2291.6558,13.0657,1.0000,LOSS,1293.5043,-42.99
4253,1293.5043,2291.6558,12.9350,1.0000,LOSS,1280.5692,-43.56
4254,1280.5692,2291.6558,12.8057,1.0000,LOSS,1267.7635,-44.12
4255,1267.7635,2291.6558,12.6776,1.0000,WIN,1280.4412,-44.68
4256,1280.4412,2291.6558,12.8044,1.0000,LOSS,1267.6368,-44.13
4257,1267.6368,2291.6558,12.6764,1.0000,WIN,1280.3131,-44.68
4258,1280.3131,2291.6558,12.8031,1.0000,LOSS,1267.5100,-44.13
4259,1267.5100,2291.6558,12.6751,1.0000,LOSS,1254.8349,-44.69
4260,1254.8349,2291.6558,12.5483,1.0000,LOSS,1242.2866,-45.24
4261,1242.2866,2291.6558,12.4229,1.0000,WIN,1254.7094,-45.79
4262,1254.7094,2291.6558,12.5471,1.0000,LOSS,1242.1623,-45.25
4263,1242.1623,2291.6558,12.4216,1.0000,LOSS,1229.7407,-45.80
4264,1229.7407,2291.6558,12.2974,1.0000,WIN,1242.0381,-46.34
4265,1242.0381,2291.6558,12.4204,1.0000,WIN,1254.4585,-45.80
4266,1254.4585,2291.6558,12.5446,1.0000,WIN,1267.0031,-45.26
4267,1267.0031,2291.6558,12.6700,1.0000,WIN,1279.6731,-44.71
4268,1279.6731,2291.6558,12.7967,1.0000,LOSS,1266.8764,-44.16
4269,1266.8764,2291.6558,12.6688,1.0000,LOSS,1254.2076,-44.72
4270,1254.2076,2291.6558,12.5421,1.0000,LOSS,1241.6655,-45.27
4271,1241.6655,2291.6558,12.4167,1.0000,WIN,1254.0822,-45.82
4272,1254.0822,2291.6558,12.5408,1.0000,WIN,1266.6230,-45.28
4273,1266.6230,2291.6558,12.6662,1.0000,WIN,1279.2892,-44.73
4274,1279.2892,2291.6558,12.7929,1.0000,WIN,1292.0821,-44.18
4275,1292.0821,2291.6558,12.9208,1.0000,LOSS,1279.1613,-43.62
4276,1279.1613,2291.6558,12.7916,1.0000,WIN,1291.9529,-44.18
4277,1291.9529,2291.6558,12.9195,1.0000,WIN,1304.8725,-43.62
4278,1304.8725,2291.6558,13.0487,1.0000,WIN,1317.9212,-43.06
4279,1317.9212,2291.6558,13.1792,1.0000,LOSS,1304.7420,-42.49
4280,1304.7420,2291.6558,13.0474,1.0000,LOSS,1291.6946,-43.07
4281,1291.6946,2291.6558,12.9169,1.0000,LOSS,1278.7776,-43.63
4282,1278.7776,2291.6558,12.7878,1.0000,WIN,1291.5654,-44.20
4283,1291.5654,2291.6558,12.9157,1.0000,WIN,1304.4810,-43.64
4284,1304.4810,2291.6558,13.0448,1.0000,LOSS,1291.4362,-43.08
4285,1291.4362,2291.6558,12.9144,1.0000,WIN,1304.3506,-43.65
4286,1304.3506,2291.6558,13.0435,1.0000,WIN,1317.3941,-43.08
4287,1317.3941,2291.6558,13.1739,1.0000,LOSS,1304.2202,-42.51
4288,1304.2202,2291.6558,13.0422,1.0000,WIN,1317.2624,-43.09
4289,1317.2624,2291.6558,13.1726,1.0000,WIN,1330.4350,-42.52
4290,1330.4350,2291.6558,13.3043,1.0000,LOSS,1317.1306,-41.94
4291,1317.1306,2291.6558,13.1713,1.0000,WIN,1330.3019,-42.52
4292,1330.3019,2291.6558,13.3030,1.0000,LOSS,1316.9989,-41.95
4293,1316.9989,2291.6558,13.1700,1.0000,LOSS,1303.8289,-42.53
4294,1303.8289,2291.6558,13.0383,1.0000,WIN,1316.8672,-43.11
4295,1316.8672,2291.6558,13.1687,1.0000,WIN,1330.0359,-42.54
4296,1330.0359,2291.6558,13.3004,1.0000,LOSS,1316.7355,-41.96
4297,1316.7355,2291.6558,13.1674,1.0000,WIN,1329.9029,-42.54
4298,1329.9029,2291.6558,13.2990,1.0000,LOSS,1316.6039,-41.97
4299,1316.6039,2291.6558,13.1660,1.0000,WIN,1329.7699,-42.55
4300,1329.7699,2291.6558,13.2977,1.0000,LOSS,1316.4722,-41.97
4301,1316.4722,2291.6558,13.1647,1.0000,WIN,1329.6369,-42.55
4302,1329.6369,2291.6558,13.2964,1.0000,LOSS,1316.3406,-41.98
4303,1316.3406,2291.6558,13.1634,1.0000,WIN,1329.5040,-42.56
4304,1329.5040,2291.6558,13.2950,1.0000,LOSS,1316.2089,-41.99
4305,1316.2089,2291.6558,13.1621,1.0000,LOSS,1303.0468,-42.57
4306,1303.0468,2291.6558,13.0305,1.0000,LOSS,1290.0164,-43.14
4307,1290.0164,2291.6558,12.9002,1.0000,LOSS,1277.1162,-43.71
4308,1277.1162,2291.6558,12.7712,1.0000,WIN,1289.8874,-44.27
4309,1289.8874,2291.6558,12.8989,1.0000,WIN,1302.7862,-43.71
4310,1302.7862,2291.6558,13.0279,1.0000,WIN,1315.8141,-43.15
4311,1315.8141,2291.6558,13.1581,1.0000,WIN,1328.9722,-42.58
4312,1328.9722,2291.6558,13.2897,1.0000,LOSS,1315.6825,-42.01
4313,1315.6825,2291.6558,13.1568,1.0000,LOSS,1302.5257,-42.59
4314,1302.5257,2291.6558,13.0253,1.0000,WIN,1315.5509,-43.16
4315,1315.5509,2291.6558,13.1555,1.0000,WIN,1328.7065,-42.59
4316,1328.7065,2291.6558,13.2871,1.0000,LOSS,1315.4194,-42.02
4317,1315.4194,2291.6558,13.1542,1.0000,LOSS,1302.2652,-42.60
4318,1302.2652,2291.6558,13.0227,1.0000,LOSS,1289.2425,-43.17
4319,1289.2425,2291.6558,12.8924,1.0000,WIN,1302.1350,-43.74
4320,1302.1350,2291.6558,13.0213,1.0000,WIN,1315.1563,-43.18
4321,1315.1563,2291.6558,13.1516,1.0000,WIN,1328.3079,-42.61
4322,1328.3079,2291.6558,13.2831,1.0000,LOSS,1315.0248,-42.04
4323,1315.0248,2291.6558,13.1502,1.0000,LOSS,1301.8746,-42.62
4324,1301.8746,2291.6558,13.0187,1.0000,LOSS,1288.8558,-43.19
4325,1288.8558,2291.6558,12.8886,1.0000,WIN,1301.7444,-43.76
4326,1301.7444,2291.6558,13.0174,1.0000,LOSS,1288.7269,-43.20
4327,1288.7269,2291.6558,12.8873,1.0000,LOSS,1275.8397,-43.76
4328,1275.8397,2291.6558,12.7584,1.0000,WIN,1288.5980,-44.33
4329,1288.5980,2291.6558,12.8860,1.0000,WIN,1301.4840,-43.77
4330,1301.4840,2291.6558,13.0148,1.0000,LOSS,1288.4692,-43.21
4331,1288.4692,2291.6558,12.8847,1.0000,LOSS,1275.5845,-43.78
4332,1275.5845,2291.6558,12.7558,1.0000,LOSS,1262.8287,-44.34
4333,1262.8287,2291.6558,12.6283,1.0000,WIN,1275.4569,-44.89
4334,1275.4569,2291.6558,12.7546,1.0000,LOSS,1262.7024,-44.34
4335,1262.7024,2291.6558,12.6270,1.0000,LOSS,1250.0753,-44.90
4336,1250.0753,2291.6558,12.5008,1.0000,LOSS,1237.5746,-45.45
4337,1237.5746,2291.6558,12.3757,1.0000,WIN,1249.9503,-46.00
4338,1249.9503,2291.6558,12.4995,1.0000,WIN,1262.4498,-45.46
4339,1262.4498,2291.6558,12.6245,1.0000,LOSS,1249.8253,-44.91
4340,1249.8253,2291.6558,12.4983,1.0000,WIN,1262.3236,-45.46
4341,1262.3236,2291.6558,12.6232,1.0000,WIN,1274.9468,-44.92
4342,1274.9468,2291.6558,12.7495,1.0000,LOSS,1262.1974,-44.37
4343,1262.1974,2291.6558,12.6220,1.0000,LOSS,1249.5754,-44.92
4344,1249.5754,2291.6558,12.4958,1.0000,WIN,1262.0711,-45.47
4345,1262.0711,2291.6558,12.6207,1.0000,LOSS,1249.4504,-44.93
4346,1249.4504,2291.6558,12.4945,1.0000,WIN,1261.9449,-45.48
4347,1261.9449,2291.6558,12.6194,1.0000,WIN,1274.5644,-44.93
4348,1274.5644,2291.6558,12.7456,1.0000,LOSS,1261.8187,-44.38
4349,1261.8187,2291.6558,12.6182,1.0000,WIN,1274.4369,-44.94
4350,1274.4369,2291.6558,12.7444,1.0000,LOSS,1261.6926,-44.39
4351,1261.6926,2291.6558,12.6169,1.0000,WIN,1274.3095,-44.94
4352,1274.3095,2291.6558,12.7431,1.0000,LOSS,1261.5664,-44.39
4353,1261.5664,2291.6558,12.6157,1.0000,WIN,1274.1821,-44.95
4354,1274.1821,2291.6558,12.7418,1.0000,LOSS,1261.4402,-44.40
4355,1261.4402,2291.6558,12.6144,1.0000,WIN,1274.0546,-44.96
4356,1274.0546,2291.6558,12.7405,1.0000,LOSS,1261.3141,-44.40
4357,1261.3141,2291.6558,12.6131,1.0000,WIN,1273.9272,-44.96
4358,1273.9272,2291.6558,12.7393,1.0000,LOSS,1261.1880,-44.41
4359,1261.1880,2291.6558,12.6119,1.0000,WIN,1273.7998,-44.97
4360,1273.7998,2291.6558,12.7380,1.0000,LOSS,1261.0618,-44.42
4361,1261.0618,2291.6558,12.6106,1.0000,WIN,1273.6725,-44.97
4362,1273.6725,2291.6558,12.7367,1.0000,LOSS,1260.9357,-44.42
4363,1260.9357,2291.6558,12.6094,1.0000,WIN,1273.5451,-44.98
4364,1273.5451,2291.6558,12.7355,1.0000,WIN,1286.2805,-44.43
4365,1286.2805,2291.6558,12.8628,1.0000,WIN,1299.1433,-43.87
4366,1299.1433,2291.6558,12.9914,1.0000,WIN,1312.1348,-43.31
4367,1312.1348,2291.6558,13.1213,1.0000,LOSS,1299.0134,-42.74
4368,1299.0134,2291.6558,12.9901,1.0000,WIN,1312.0036,-43.32
4369,1312.0036,2291.6558,13.1200,1.0000,WIN,1325.1236,-42.75
4370,1325.1236,2291.6558,13.2512,1.0000,WIN,1338.3748,-42.18
4371,1338.3748,2291.6558,13.3837,1.0000,LOSS,1324.9911,-41.60
4372,1324.9911,2291.6558,13.2499,1.0000,WIN,1338.2410,-42.18
4373,1338.2410,2291.6558,13.3824,1.0000,WIN,1351.6234,-41.60
4374,1351.6234,2291.6558,13.5162,1.0000,LOSS,1338.1072,-41.02
4375,1338.1072,2291.6558,13.3811,1.0000,LOSS,1324.7261,-41.61
4376,1324.7261,2291.6558,13.2473,1.0000,WIN,1337.9734,-42.19
4377,1337.9734,2291.6558,13.3797,1.0000,LOSS,1324.5936,-41.62
4378,1324.5936,2291.6558,13.2459,1.0000,WIN,1337.8396,-42.20
4379,1337.8396,2291.6558,13.3784,1.0000,LOSS,1324.4612,-41.62
4380,1324.4612,2291.6558,13.2446,1.0000,LOSS,1311.2166,-42.21
4381,1311.2166,2291.6558,13.1122,1.0000,WIN,1324.3287,-42.78
4382,1324.3287,2291.6558,13.2433,1.0000,WIN,1337.5720,-42.21
4383,1337.5720,2291.6558,13.3757,1.0000,WIN,1350.9477,-41.63
4384,1350.9477,2291.6558,13.5095,1.0000,LOSS,1337.4383,-41.05
4385,1337.4383,2291.6558,13.3744,1.0000,LOSS,1324.0639,-41.64
4386,1324.0639,2291.6558,13.2406,1.0000,WIN,1337.3045,-42.22
4387,1337.3045,2291.6558,13.3730,1.0000,LOSS,1323.9315,-41.64
4388,1323.9315,2291.6558,13.2393,1.0000,LOSS,1310.6922,-42.23
4389,1310.6922,2291.6558,13.1069,1.0000,WIN,1323.7991,-42.81
4390,1323.7991,2291.6558,13.2380,1.0000,WIN,1337.0371,-42.23
4391,1337.0371,2291.6558,13.3704,1.0000,WIN,1350.4074,-41.66
4392,1350.4074,2291.6558,13.5041,1.0000,WIN,1363.9115,-41.07
4393,1363.9115,2291.6558,13.6391,1.0000,WIN,1377.5506,-40.48
4394,1377.5506,2291.6558,13.7755,1.0000,LOSS,1363.7751,-39.89
4395,1363.7751,2291.6558,13.6378,1.0000,WIN,1377.4129,-40.49
4396,1377.4129,2291.6558,13.7741,1.0000,LOSS,1363.6387,-39.89
4397,1363.6387,2291.6558,13.6364,1.0000,LOSS,1350.0024,-40.50
4398,1350.0024,2291.6558,13.5000,1.0000,WIN,1363.5024,-41.09
4399,1363.5024,2291.6558,13.6350,1.0000,LOSS,1349.8674,-40.50
4400,1349.8674,2291.6558,13.4987,1.0000,WIN,1363.3660,-41.10
4401,1363.3660,2291.6558,13.6337,1.0000,LOSS,1349.7324,-40.51
4402,1349.7324,2291.6558,13.4973,1.0000,LOSS,1336.2350,-41.10
4403,1336.2350,2291.6558,13.3624,1.0000,LOSS,1322.8727,-41.69
4404,1322.8727,2291.6558,13.2287,1.0000,WIN,1336.1014,-42.27
4405,1336.1014,2291.6558,13.3610,1.0000,LOSS,1322.7404,-41.70
4406,1322.7404,2291.6558,13.2274,1.0000,WIN,1335.9678,-42.28
4407,1335.9678,2291.6558,13.3597,1.0000,WIN,1349.3275,-41.70
4408,1349.3275,2291.6558,13.4933,1.0000,LOSS,1335.8342,-41.12
4409,1335.8342,2291.6558,13.3583,1.0000,LOSS,1322.4759,-41.71
4410,1322.4759,2291.6558,13.2248,1.0000,WIN,1335.7006,-42.29
4411,1335.7006,2291.6558,13.3570,1.0000,LOSS,1322.3436,-41.71
4412,1322.3436,2291.6558,13.2234,1.0000,WIN,1335.5671,-42.30
4413,1335.5671,2291.6558,13.3557,1.0000,WIN,1348.9227,-41.72
4414,1348.9227,2291.6558,13.4892,1.0000,WIN,1362.4120,-41.14
4415,1362.4120,2291.6558,13.6241,1.0000,LOSS,1348.7878,-40.55
4416,1348.7878,2291.6558,13.4879,1.0000,LOSS,1335.3000,-41.14
4417,1335.3000,2291.6558,13.3530,1.0000,WIN,1348.6530,-41.73
4418,1348.6530,2291.6558,13.4865,1.0000,LOSS,1335.1664,-41.15
4419,1335.1664,2291.6558,13.3517,1.0000,LOSS,1321.8148,-41.74
4420,1321.8148,2291.6558,13.2181,1.0000,WIN,1335.0329,-42.32
4421,1335.0329,2291.6558,13.3503,1.0000,LOSS,1321.6826,-41.74
4422,1321.6826,2291.6558,13.2168,1.0000,WIN,1334.8994,-42.33
4423,1334.8994,2291.6558,13.3490,1.0000,LOSS,1321.5504,-41.75
4424,1321.5504,2291.6558,13.2155,1.0000,WIN,1334.7659,-42.33
4425,1334.7659,2291.6558,13.3477,1.0000,WIN,1348.1136,-41.76
4426,1348.1136,2291.6558,13.4811,1.0000,LOSS,1334.6324,-41.17
4427,1334.6324,2291.6558,13.3463,1.0000,LOSS,1321.2861,-41.76
4428,1321.2861,2291.6558,13.2129,1.0000,WIN,1334.4990,-42.34
4429,1334.4990,2291.6558,13.3450,1.0000,LOSS,1321.1540,-41.77
4430,1321.1540,2291.6558,13.2115,1.0000,WIN,1334.3655,-42.35
4431,1334.3655,2291.6558,13.3437,1.0000,WIN,1347.7092,-41.77
4432,1347.7092,2291.6558,13.4771,1.0000,LOSS,1334.2321,-41.19
4433,1334.2321,2291.6558,13.3423,1.0000,LOSS,1320.8898,-41.78
4434,1320.8898,2291.6558,13.2089,1.0000,WIN,1334.0987,-42.36
4435,1334.0987,2291.6558,13.3410,1.0000,LOSS,1320.7577,-41.78
4436,1320.7577,2291.6558,13.2076,1.0000,WIN,1333.9653,-42.37
4437,1333.9653,2291.6558,13.3397,1.0000,LOSS,1320.6256,-41.79
4438,1320.6256,2291.6558,13.2063,1.0000,LOSS,1307.4194,-42.37
4439,1307.4194,2291.6558,13.0742,1.0000,LOSS,1294.3452,-42.95
4440,1294.3452,2291.6558,12.9435,1.0000,LOSS,1281.4017,-43.52
4441,1281.4017,2291.6558,12.8140,1.0000,LOSS,1268.5877,-44.08
4442,1268.5877,2291.6558,12.6859,1.0000,WIN,1281.2736,-44.64
4443,1281.2736,2291.6558,12.8127,1.0000,LOSS,1268.4608,-44.09
4444,1268.4608,2291.6558,12.6846,1.0000,LOSS,1255.7762,-44.65
4445,1255.7762,2291.6558,12.5578,1.0000,LOSS,1243.2185,-45.20
4446,1243.2185,2291.6558,12.4322,1.0000,LOSS,1230.7863,-45.75
4447,1230.7863,2291.6558,12.3079,1.0000,LOSS,1218.4784,-46.29
4448,1218.4784,2291.6558,12.1848,1.0000,LOSS,1206.2936,-46.83
4449,1206.2936,2291.6558,12.0629,1.0000,WIN,1218.3566,-47.36
4450,1218.3566,2291.6558,12.1836,1.0000,LOSS,1206.1730,-46.84
4451,1206.1730,2291.6558,12.0617,1.0000,WIN,1218.2347,-47.37
4452,1218.2347,2291.6558,12.1823,1.0000,WIN,1230.4171,-46.84
4453,1230.4171,2291.6558,12.3042,1.0000,WIN,1242.7213,-46.31
4454,1242.7213,2291.6558,12.4272,1.0000,LOSS,1230.2940,-45.77
4455,1230.2940,2291.6558,12.3029,1.0000,LOSS,1217.9911,-46.31
4456,1217.9911,2291.6558,12.1799,1.0000,WIN,1230.1710,-46.85
4457,1230.1710,2291.6558,12.3017,1.0000,LOSS,1217.8693,-46.32
4458,1217.8693,2291.6558,12.1787,1.0000,LOSS,1205.6906,-46.86
4459,1205.6906,2291.6558,12.0569,1.0000,WIN,1217.7475,-47.39
4460,1217.7475,2291.6558,12.1775,1.0000,LOSS,1205.5700,-46.86
4461,1205.5700,2291.6558,12.0557,1.0000,LOSS,1193.5143,-47.39
4462,1193.5143,2291.6558,11.9351,1.0000,LOSS,1181.5792,-47.92
4463,1181.5792,2291.6558,11.8158,1.0000,WIN,1193.3950,-48.44
4464,1193.3950,2291.6558,11.9339,1.0000,WIN,1205.3289,-47.92
4465,1205.3289,2291.6558,12.0533,1.0000,LOSS,1193.2756,-47.40
4466,1193.2756,2291.6558,11.9328,1.0000,WIN,1205.2084,-47.93
4467,1205.2084,2291.6558,12.0521,1.0000,WIN,1217.2605,-47.41
4468,1217.2605,2291.6558,12.1726,1.0000,LOSS,1205.0879,-46.88
4469,1205.0879,2291.6558,12.0509,1.0000,LOSS,1193.0370,-47.41
4470,1193.0370,2291.6558,11.9304,1.0000,LOSS,1181.1066,-47.94
4471,1181.1066,2291.6558,11.8111,1.0000,WIN,1192.9177,-48.46
4472,1192.9177,2291.6558,11.9292,1.0000,LOSS,1180.9885,-47.95
4473,1180.9885,2291.6558,11.8099,1.0000,WIN,1192.7984,-48.47
4474,1192.7984,2291.6558,11.9280,1.0000,LOSS,1180.8704,-47.95
4475,1180.8704,2291.6558,11.8087,1.0000,LOSS,1169.0617,-48.47
4476,1169.0617,2291.6558,11.6906,1.0000,LOSS,1157.3711,-48.99
4477,1157.3711,2291.6558,11.5737,1.0000,WIN,1168.9448,-49.50
4478,1168.9448,2291.6558,11.6894,1.0000,LOSS,1157.2554,-48.99
4479,1157.2554,2291.6558,11.5726,1.0000,LOSS,1145.6828,-49.50
4480,1145.6828,2291.6558,11.4568,1.0000,WIN,1157.1396,-50.01
4481,1157.1396,2291.6558,11.5714,1.0000,WIN,1168.7110,-49.51
4482,1168.7110,2291.6558,11.6871,1.0000,LOSS,1157.0239,-49.00
4483,1157.0239,2291.6558,11.5702,1.0000,LOSS,1145.4537,-49.51
4484,1145.4537,2291.6558,11.4545,1.0000,WIN,1156.9082,-50.02
4485,1156.9082,2291.6558,11.5691,1.0000,WIN,1168.4773,-49.52
4486,1168.4773,2291.6558,11.6848,1.0000,WIN,1180.1621,-49.01
4487,1180.1621,2291.6558,11.8016,1.0000,WIN,1191.9637,-48.50
4488,1191.9637,2291.6558,11.9196,1.0000,WIN,1203.8833,-47.99
4489,1203.8833,2291.6558,12.0388,1.0000,WIN,1215.9222,-47.47
4490,1215.9222,2291.6558,12.1592,1.0000,LOSS,1203.7629,-46.94
4491,1203.7629,2291.6558,12.0376,1.0000,LOSS,1191.7253,-47.47
4492,1191.7253,2291.6558,11.9173,1.0000,LOSS,1179.8081,-48.00
4493,1179.8081,2291.6558,11.7981,1.0000,WIN,1191.6061,-48.52
4494,1191.6061,2291.6558,11.9161,1.0000,WIN,1203.5222,-48.00
4495,1203.5222,2291.6558,12.0352,1.0000,LOSS,1191.4870,-47.48
4496,1191.4870,2291.6558,11.9149,1.0000,WIN,1203.4019,-48.01
4497,1203.4019,2291.6558,12.0340,1.0000,WIN,1215.4359,-47.49
4498,1215.4359,2291.6558,12.1544,1.0000,WIN,1227.5902,-46.96
4499,1227.5902,2291.6558,12.2759,1.0000,WIN,1239.8661,-46.43
4500,1239.8661,2291.6558,12.3987,1.0000,WIN,1252.2648,-45.90
4501,1252.2648,2291.6558,12.5226,1.0000,WIN,1264.7874,-45.36
4502,1264.7874,2291.6558,12.6479,1.0000,LOSS,1252.1396,-44.81
4503,1252.1396,2291.6558,12.5214,1.0000,LOSS,1239.6182,-45.36
4504,1239.6182,2291.6558,12.3962,1.0000,LOSS,1227.2220,-45.91
4505,1227.2220,2291.6558,12.2722,1.0000,LOSS,1214.9498,-46.45
4506,1214.9498,2291.6558,12.1495,1.0000,WIN,1227.0993,-46.98
4507,1227.0993,2291.6558,12.2710,1.0000,WIN,1239.3703,-46.45
4508,1239.3703,2291.6558,12.3937,1.0000,LOSS,1226.9766,-45.92
4509,1226.9766,2291.6558,12.2698,1.0000,WIN,1239.2463,-46.46
4510,1239.2463,2291.6558,12.3925,1.0000,LOSS,1226.8539,-45.92
4511,1226.8539,2291.6558,12.2685,1.0000,WIN,1239.1224,-46.46
4512,1239.1224,2291.6558,12.3912,1.0000,WIN,1251.5136,-45.93
4513,1251.5136,2291.6558,12.5151,1.0000,WIN,1264.0288,-45.39
4514,1264.0288,2291.6558,12.6403,1.0000,LOSS,1251.3885,-44.84
4515,1251.3885,2291.6558,12.5139,1.0000,LOSS,1238.8746,-45.39
4516,1238.8746,2291.6558,12.3887,1.0000,LOSS,1226.4858,-45.94
4517,1226.4858,2291.6558,12.2649,1.0000,LOSS,1214.2210,-46.48
4518,1214.2210,2291.6558,12.1422,1.0000,LOSS,1202.0788,-47.02
4519,1202.0788,2291.6558,12.0208,1.0000,WIN,1214.0996,-47.55
4520,1214.0996,2291.6558,12.1410,1.0000,WIN,1226.2406,-47.02
4521,1226.2406,2291.6558,12.2624,1.0000,LOSS,1213.9782,-46.49
4522,1213.9782,2291.6558,12.1398,1.0000,WIN,1226.1179,-47.03
4523,1226.1179,2291.6558,12.2612,1.0000,WIN,1238.3791,-46.50
4524,1238.3791,2291.6558,12.3838,1.0000,WIN,1250.7629,-45.96
4525,1250.7629,2291.6558,12.5076,1.0000,LOSS,1238.2553,-45.42
4526,1238.2553,2291.6558,12.3826,1.0000,LOSS,1225.8727,-45.97
4527,1225.8727,2291.6558,12.2587,1.0000,LOSS,1213.6140,-46.51
4528,1213.6140,2291.6558,12.1361,1.0000,LOSS,1201.4779,-47.04
4529,1201.4779,2291.6558,12.0148,1.0000,WIN,1213.4926,-47.57
4530,1213.4926,2291.6558,12.1349,1.0000,LOSS,1201.3577,-47.05
4531,1201.3577,2291.6558,12.0136,1.0000,LOSS,1189.3441,-47.58
4532,1189.3441,2291.6558,11.8934,1.0000,LOSS,1177.4507,-48.10
4533,1177.4507,2291.6558,11.7745,1.0000,WIN,1189.2252,-48.62
4534,1189.2252,2291.6558,11.8923,1.0000,LOSS,1177.3329,-48.11
4535,1177.3329,2291.6558,11.7733,1.0000,LOSS,1165.5596,-48.63
4536,1165.5596,2291.6558,11.6556,1.0000,WIN,1177.2152,-49.14
4537,1177.2152,2291.6558,11.7722,1.0000,LOSS,1165.4431,-48.63
4538,1165.4431,2291.6558,11.6544,1.0000,WIN,1177.0975,-49.14
4539,1177.0975,2291.6558,11.7710,1.0000,WIN,1188.8685,-48.64
4540,1188.8685,2291.6558,11.8887,1.0000,LOSS,1176.9798,-48.12
4541,1176.9798,2291.6558,11.7698,1.0000,LOSS,1165.2100,-48.64
4542,1165.2100,2291.6558,11.6521,1.0000,LOSS,1153.5579,-49.15
4543,1153.5579,2291.6558,11.5356,1.0000,WIN,1165.0935,-49.66
4544,1165.0935,2291.6558,11.6509,1.0000,LOSS,1153.4425,-49.16
4545,1153.4425,2291.6558,11.5344,1.0000,WIN,1164.9770,-49.67
4546,1164.9770,2291.6558,11.6498,1.0000,WIN,1176.6267,-49.16
4547,1176.6267,2291.6558,11.7663,1.0000,LOSS,1164.8605,-48.66
4548,1164.8605,2291.6558,11.6486,1.0000,LOSS,1153.2118,-49.17
4549,1153.2118,2291.6558,11.5321,1.0000,LOSS,1141.6797,-49.68
4550,1141.6797,2291.6558,11.4168,1.0000,LOSS,1130.2629,-50.18
4551,1130.2629,2291.6558,11.3026,1.0000,LOSS,1118.9603,-50.68
4552,1118.9603,2291.6558,11.1896,1.0000,WIN,1130.1499,-51.17
4553,1130.1499,2291.6558,11.3015,1.0000,LOSS,1118.8484,-50.68
4554,1118.8484,2291.6558,11.1885,1.0000,LOSS,1107.6599,-51.18
4555,1107.6599,2291.6558,11.0766,1.0000,WIN,1118.7365,-51.67
4556,1118.7365,2291.6558,11.1874,1.0000,WIN,1129.9239,-51.18
4557,1129.9239,2291.6558,11.2992,1.0000,LOSS,1118.6246,-50.69
4558,1118.6246,2291.6558,11.1862,1.0000,LOSS,1107.4384,-51.19
4559,1107.4384,2291.6558,11.0744,1.0000,LOSS,1096.3640,-51.68
4560,1096.3640,2291.6558,10.9636,1.0000,WIN,1107.3277,-52.16
4561,1107.3277,2291.6558,11.0733,1.0000,LOSS,1096.2544,-51.68
4562,1096.2544,2291.6558,10.9625,1.0000,LOSS,1085.2918,-52.16
4563,1085.2918,2291.6558,10.8529,1.0000,LOSS,1074.4389,-52.64
4564,1074.4389,2291.6558,10.7444,1.0000,LOSS,1063.6945,-53.12
4565,1063.6945,2291.6558,10.6369,1.0000,WIN,1074.3315,-53.58
4566,1074.3315,2291.6558,10.7433,1.0000,WIN,1085.0748,-53.12
4567,1085.0748,2291.6558,10.8507,1.0000,LOSS,1074.2240,-52.65
4568,1074.2240,2291.6558,10.7422,1.0000,LOSS,1063.4818,-53.12
4569,1063.4818,2291.6558,10.6348,1.0000,WIN,1074.1166,-53.59
4570,1074.1166,2291.6558,10.7412,1.0000,LOSS,1063.3755,-53.13
4571,1063.3755,2291.6558,10.6338,1.0000,WIN,1074.0092,-53.60
4572,1074.0092,2291.6558,10.7401,1.0000,LOSS,1063.2691,-53.13
4573,1063.2691,2291.6558,10.6327,1.0000,LOSS,1052.6364,-53.60
4574,1052.6364,2291.6558,10.5264,1.0000,WIN,1063.1628,-54.07
4575,1063.1628,2291.6558,10.6316,1.0000,WIN,1073.7944,-53.61
4576,1073.7944,2291.6558,10.7379,1.0000,LOSS,1063.0565,-53.14
4577,1063.0565,2291.6558,10.6306,1.0000,LOSS,1052.4259,-53.61
4578,1052.4259,2291.6558,10.5243,1.0000,LOSS,1041.9016,-54.08
4579,1041.9016,2291.6558,10.4190,1.0000,WIN,1052.3207,-54.53
4580,1052.3207,2291.6558,10.5232,1.0000,WIN,1062.8439,-54.08
4581,1062.8439,2291.6558,10.6284,1.0000,LOSS,1052.2154,-53.62
4582,1052.2154,2291.6558,10.5222,1.0000,LOSS,1041.6933,-54.08
4583,1041.6933,2291.6558,10.4169,1.0000,LOSS,1031.2763,-54.54
4584,1031.2763,2291.6558,10.3128,1.0000,WIN,1041.5891,-55.00
4585,1041.5891,2291.6558,10.4159,1.0000,LOSS,1031.1732,-54.55
4586,1031.1732,2291.6558,10.3117,1.0000,LOSS,1020.8615,-55.00
4587,1020.8615,2291.6558,10.2086,1.0000,WIN,1031.0701,-55.45
4588,1031.0701,2291.6558,10.3107,1.0000,LOSS,1020.7594,-55.01
4589,1020.7594,2291.6558,10.2076,1.0000,LOSS,1010.5518,-55.46
4590,1010.5518,2291.6558,10.1055,1.0000,WIN,1020.6573,-55.90
4591,1020.6573,2291.6558,10.2066,1.0000,LOSS,1010.4508,-55.46
4592,1010.4508,2291.6558,10.1045,1.0000,LOSS,1000.3462,-55.91
4593,1000.3462,2291.6558,10.0035,1.0000,WIN,1010.3497,-56.35
4594,1010.3497,2291.6558,10.1035,1.0000,WIN,1020.4532,-55.91
4595,1020.4532,2291.6558,10.2045,1.0000,LOSS,1010.2487,-55.47
4596,1010.2487,2291.6558,10.1025,1.0000,LOSS,1000.1462,-55.92
4597,1000.1462,2291.6558,10.0015,1.0000,WIN,1010.1476,-56.36
4598,1010.1476,2291.6558,10.1015,1.0000,WIN,1020.2491,-55.92
4599,1020.2491,2291.6558,10.2025,1.0000,LOSS,1010.0466,-55.48
4600,1010.0466,2291.6558,10.1005,1.0000,WIN,1020.1471,-55.93
4601,1020.1471,2291.6558,10.2015,1.0000,WIN,1030.3486,-55.48
4602,1030.3486,2291.6558,10.3035,1.0000,WIN,1040.6521,-55.04
4603,1040.6521,2291.6558,10.4065,1.0000,LOSS,1030.2455,-54.59
4604,1030.2455,2291.6558,10.3025,1.0000,LOSS,1019.9431,-55.04
4605,1019.9431,2291.6558,10.1994,1.0000,LOSS,1009.7436,-55.49
4606,1009.7436,2291.6558,10.0974,1.0000,WIN,1019.8411,-55.94
4607,1019.8411,2291.6558,10.1984,1.0000,LOSS,1009.6427,-55.50
4608,1009.6427,2291.6558,10.0964,1.0000,LOSS,999.5462,-55.94
4609,999.5462,2291.6558,9.9955,1.0000,WIN,1009.5417,-56.38
4610,1009.5417,2291.6558,10.0954,1.0000,WIN,1019.6371,-55.95
4611,1019.6371,2291.6558,10.1964,1.0000,WIN,1029.8335,-55.51
4612,1029.8335,2291.6558,10.2983,1.0000,LOSS,1019.5352,-55.06
4613,1019.5352,2291.6558,10.1954,1.0000,WIN,1029.7305,-55.51
4614,1029.7305,2291.6558,10.2973,1.0000,LOSS,1019.4332,-55.07
4615,1019.4332,2291.6558,10.1943,1.0000,WIN,1029.6275,-55.52
4616,1029.6275,2291.6558,10.2963,1.0000,WIN,1039.9238,-55.07
4617,1039.9238,2291.6558,10.3992,1.0000,WIN,1050.3231,-54.62
4618,1050.3231,2291.6558,10.5032,1.0000,LOSS,1039.8198,-54.17
4619,1039.8198,2291.6558,10.3982,1.0000,WIN,1050.2180,-54.63
4620,1050.2180,2291.6558,10.5022,1.0000,LOSS,1039.7158,-54.17
4621,1039.7158,2291.6558,10.3972,1.0000,LOSS,1029.3187,-54.63
4622,1029.3187,2291.6558,10.2932,1.0000,WIN,1039.6119,-55.08
4623,1039.6119,2291.6558,10.3961,1.0000,LOSS,1029.2158,-54.63
4624,1029.2158,2291.6558,10.2922,1.0000,WIN,1039.5079,-55.09
4625,1039.5079,2291.6558,10.3951,1.0000,LOSS,1029.1128,-54.64
4626,1029.1128,2291.6558,10.2911,1.0000,LOSS,1018.8217,-55.09
4627,1018.8217,2291.6558,10.1882,1.0000,LOSS,1008.6335,-55.54
4628,1008.6335,2291.6558,10.0863,1.0000,LOSS,998.5472,-55.99
4629,998.5472,2291.6558,9.9855,1.0000,LOSS,988.5617,-56.43
4630,988.5617,2291.6558,9.8856,1.0000,WIN,998.4473,-56.86
4631,998.4473,2291.6558,9.9845,1.0000,LOSS,988.4628,-56.43
4632,988.4628,2291.6558,9.8846,1.0000,LOSS,978.5782,-56.87
4633,978.5782,2291.6558,9.7858,1.0000,WIN,988.3640,-57.30
4634,988.3640,2291.6558,9.8836,1.0000,LOSS,978.4803,-56.87
4635,978.4803,2291.6558,9.7848,1.0000,LOSS,968.6955,-57.30
4636,968.6955,2291.6558,9.6870,1.0000,WIN,978.3825,-57.73
4637,978.3825,2291.6558,9.7838,1.0000,WIN,988.1663,-57.31
4638,988.1663,2291.6558,9.8817,1.0000,LOSS,978.2847,-56.88
4639,978.2847,2291.6558,9.7828,1.0000,LOSS,968.5018,-57.31
4640,968.5018,2291.6558,9.6850,1.0000,WIN,978.1868,-57.74
4641,978.1868,2291.6558,9.7819,1.0000,WIN,987.9687,-57.32
4642,987.9687,2291.6558,9.8797,1.0000,LOSS,978.0890,-56.89
4643,978.0890,2291.6558,9.7809,1.0000,LOSS,968.3081,-57.32
4644,968.3081,2291.6558,9.6831,1.0000,LOSS,958.6250,-57.75
4645,958.6250,2291.6558,9.5863,1.0000,LOSS,949.0388,-58.17
4646,949.0388,2291.6558,9.4904,1.0000,LOSS,939.5484,-58.59
4647,939.5484,2291.6558,9.3955,1.0000,WIN,948.9439,-59.00
4648,948.9439,2291.6558,9.4894,1.0000,WIN,958.4333,-58.59
4649,958.4333,2291.6558,9.5843,1.0000,WIN,968.0176,-58.18
4650,968.0176,2291.6558,9.6802,1.0000,LOSS,958.3375,-57.76
4651,958.3375,2291.6558,9.5834,1.0000,WIN,967.9208,-58.18
4652,967.9208,2291.6558,9.6792,1.0000,LOSS,958.2416,-57.76
4653,958.2416,2291.6558,9.5824,1.0000,LOSS,948.6592,-58.19
4654,948.6592,2291.6558,9.4866,1.0000,LOSS,939.1726,-58.60
4655,939.1726,2291.6558,9.3917,1.0000,WIN,948.5644,-59.02
4656,948.5644,2291.6558,9.4856,1.0000,LOSS,939.0787,-58.61
4657,939.0787,2291.6558,9.3908,1.0000,LOSS,929.6879,-59.02
4658,929.6879,2291.6558,9.2969,1.0000,LOSS,920.3910,-59.43
4659,920.3910,2291.6558,9.2039,1.0000,LOSS,911.1871,-59.84
4660,911.1871,2291.6558,9.1119,1.0000,WIN,920.2990,-60.24
4661,920.2990,2291.6558,9.2030,1.0000,LOSS,911.0960,-59.84
4662,911.0960,2291.6558,9.1110,1.0000,WIN,920.2070,-60.24
4663,920.2070,2291.6558,9.2021,1.0000,LOSS,911.0049,-59.85
4664,911.0049,2291.6558,9.1100,1.0000,LOSS,901.8949,-60.25
4665,901.8949,2291.6558,9.0189,1.0000,WIN,910.9138,-60.64
4666,910.9138,2291.6558,9.1091,1.0000,LOSS,901.8047,-60.25
4667,901.8047,2291.6558,9.0180,1.0000,WIN,910.8227,-60.65
4668,910.8227,2291.6558,9.1082,1.0000,WIN,919.9309,-60.25
4669,919.9309,2291.6558,9.1993,1.0000,LOSS,910.7316,-59.86
4670,910.7316,2291.6558,9.1073,1.0000,LOSS,901.6243,-60.26
4671,901.6243,2291.6558,9.0162,1.0000,LOSS,892.6081,-60.66
4672,892.6081,2291.6558,8.9261,1.0000,LOSS,883.6820,-61.05
4673,883.6820,2291.6558,8.8368,1.0000,WIN,892.5188,-61.44
4674,892.5188,2291.6558,8.9252,1.0000,WIN,901.4440,-61.05
4675,901.4440,2291.6558,9.0144,1.0000,LOSS,892.4296,-60.66
4676,892.4296,2291.6558,8.9243,1.0000,LOSS,883.5053,-61.06
4677,883.5053,2291.6558,8.8351,1.0000,WIN,892.3403,-61.45
4678,892.3403,2291.6558,8.9234,1.0000,WIN,901.2637,-61.06
4679,901.2637,2291.6558,9.0126,1.0000,WIN,910.2764,-60.67
4680,910.2764,2291.6558,9.1028,1.0000,LOSS,901.1736,-60.28
4681,901.1736,2291.6558,9.0117,1.0000,LOSS,892.1619,-60.68
4682,892.1619,2291.6558,8.9216,1.0000,WIN,901.0835,-61.07
4683,901.0835,2291.6558,9.0108,1.0000,LOSS,892.0726,-60.68
4684,892.0726,2291.6558,8.9207,1.0000,LOSS,883.1519,-61.07
4685,883.1519,2291.6558,8.8315,1.0000,WIN,891.9834,-61.46
4686,891.9834,2291.6558,8.9198,1.0000,LOSS,883.0636,-61.08
4687,883.0636,2291.6558,8.8306,1.0000,LOSS,874.2330,-61.47
4688,874.2330,2291.6558,8.7423,1.0000,LOSS,865.4906,-61.85
4689,865.4906,2291.6558,8.6549,1.0000,LOSS,856.8357,-62.23
4690,856.8357,2291.6558,8.5684,1.0000,WIN,865.4041,-62.61
4691,865.4041,2291.6558,8.6540,1.0000,LOSS,856.7500,-62.24
4692,856.7500,2291.6558,8.5675,1.0000,LOSS,848.1825,-62.61
4693,848.1825,2291.6558,8.4818,1.0000,LOSS,839.7007,-62.99
4694,839.7007,2291.6558,8.3970,1.0000,LOSS,831.3037,-63.36
4695,831.3037,2291.6558,8.3130,1.0000,WIN,839.6168,-63.72
4696,839.6168,2291.6558,8.3962,1.0000,LOSS,831.2206,-63.36
4697,831.2206,2291.6558,8.3122,1.0000,WIN,839.5328,-63.73
4698,839.5328,2291.6558,8.3953,1.0000,LOSS,831.1375,-63.37
4699,831.1375,2291.6558,8.3114,1.0000,LOSS,822.8261,-63.73
4700,822.8261,2291.6558,8.2283,1.0000,LOSS,814.5978,-64.09
4701,814.5978,2291.6558,8.1460,1.0000,WIN,822.7438,-64.45
4702,822.7438,2291.6558,8.2274,1.0000,LOSS,814.5164,-64.10
4703,814.5164,2291.6558,8.1452,1.0000,WIN,822.6615,-64.46
4704,822.6615,2291.6558,8.2266,1.0000,LOSS,814.4349,-64.10
4705,814.4349,2291.6558,8.1443,1.0000,WIN,822.5793,-64.46
4706,822.5793,2291.6558,8.2258,1.0000,WIN,830.8051,-64.11
4707,830.8051,2291.6558,8.3081,1.0000,LOSS,822.4970,-63.75
4708,822.4970,2291.6558,8.2250,1.0000,WIN,830.7220,-64.11
4709,830.7220,2291.6558,8.3072,1.0000,LOSS,822.4148,-63.75
4710,822.4148,2291.6558,8.2241,1.0000,LOSS,814.1906,-64.11
4711,814.1906,2291.6558,8.1419,1.0000,LOSS,806.0487,-64.47
4712,806.0487,2291.6558,8.0605,1.0000,WIN,814.1092,-64.83
4713,814.1092,2291.6558,8.1411,1.0000,LOSS,805.9681,-64.48
4714,805.9681,2291.6558,8.0597,1.0000,WIN,814.0278,-64.83
4715,814.0278,2291.6558,8.1403,1.0000,LOSS,805.8875,-64.48
4716,805.8875,2291.6558,8.0589,1.0000,LOSS,797.8286,-64.83
4717,797.8286,2291.6558,7.9783,1.0000,LOSS,789.8503,-65.19
4718,789.8503,2291.6558,7.8985,1.0000,LOSS,781.9518,-65.53
4719,781.9518,2291.6558,7.8195,1.0000,LOSS,774.1323,-65.88
4720,774.1323,2291.6558,7.7413,1.0000,WIN,781.8736,-66.22
4721,781.8736,2291.6558,7.8187,1.0000,LOSS,774.0549,-65.88
4722,774.0549,2291.6558,7.7405,1.0000,WIN,781.7955,-66.22
4723,781.7955,2291.6558,7.8180,1.0000,WIN,789.6134,-65.89
4724,789.6134,2291.6558,7.8961,1.0000,WIN,797.5095,-65.54
4725,797.5095,2291.6558,7.9751,1.0000,LOSS,789.5344,-65.20
4726,789.5344,2291.6558,7.8953,1.0000,WIN,797.4298,-65.55
4727,797.4298,2291.6558,7.9743,1.0000,LOSS,789.4555,-65.20
4728,789.4555,2291.6558,7.8946,1.0000,LOSS,781.5609,-65.55
4729,781.5609,2291.6558,7.8156,1.0000,WIN,789.3765,-65.90
4730,789.3765,2291.6558,7.8938,1.0000,LOSS,781.4828,-65.55
4731,781.4828,2291.6558,7.8148,1.0000,WIN,789.2976,-65.90
4732,789.2976,2291.6558,7.8930,1.0000,LOSS,781.4046,-65.56
4733,781.4046,2291.6558,7.8140,1.0000,WIN,789.2187,-65.90
4734,789.2187,2291.6558,7.8922,1.0000,LOSS,781.3265,-65.56
4735,781.3265,2291.6558,7.8133,1.0000,WIN,789.1398,-65.91
4736,789.1398,2291.6558,7.8914,1.0000,WIN,797.0312,-65.56
4737,797.0312,2291.6558,7.9703,1.0000,LOSS,789.0608,-65.22
4738,789.0608,2291.6558,7.8906,1.0000,LOSS,781.1702,-65.57
4739,781.1702,2291.6558,7.8117,1.0000,WIN,788.9819,-65.91
4740,788.9819,2291.6558,7.8898,1.0000,LOSS,781.0921,-65.57
4741,781.0921,2291.6558,7.8109,1.0000,WIN,788.9030,-65.92
4742,788.9030,2291.6558,7.8890,1.0000,LOSS,781.0140,-65.57
4743,781.0140,2291.6558,7.8101,1.0000,WIN,788.8241,-65.92
4744,788.8241,2291.6558,7.8882,1.0000,WIN,796.7124,-65.58
4745,796.7124,2291.6558,7.9671,1.0000,LOSS,788.7453,-65.23
4746,788.7453,2291.6558,7.8875,1.0000,WIN,796.6327,-65.58
4747,796.6327,2291.6558,7.9663,1.0000,LOSS,788.6664,-65.24
4748,788.6664,2291.6558,7.8867,1.0000,LOSS,780.7797,-65.59
4749,780.7797,2291.6558,7.8078,1.0000,WIN,788.5875,-65.93
4750,788.5875,2291.6558,7.8859,1.0000,WIN,796.4734,-65.59
4751,796.4734,2291.6558,7.9647,1.0000,LOSS,788.5087,-65.24
4752,788.5087,2291.6558,7.8851,1.0000,WIN,796.3938,-65.59
4753,796.3938,2291.6558,7.9639,1.0000,LOSS,788.4298,-65.25
4754,788.4298,2291.6558,7.8843,1.0000,WIN,796.3141,-65.60
4755,796.3141,2291.6558,7.9631,1.0000,WIN,804.2773,-65.25
4756,804.2773,2291.6558,8.0428,1.0000,LOSS,796.2345,-64.90
4757,796.2345,2291.6558,7.9623,1.0000,LOSS,788.2721,-65.26
4758,788.2721,2291.6558,7.8827,1.0000,WIN,796.1549,-65.60
4759,796.1549,2291.6558,7.9615,1.0000,LOSS,788.1933,-65.26
4760,788.1933,2291.6558,7.8819,1.0000,WIN,796.0752,-65.61
4761,796.0752,2291.6558,7.9608,1.0000,WIN,804.0360,-65.26
4762,804.0360,2291.6558,8.0404,1.0000,WIN,812.0764,-64.91
4763,812.0764,2291.6558,8.1208,1.0000,LOSS,803.9556,-64.56
4764,803.9556,2291.6558,8.0396,1.0000,LOSS,795.9160,-64.92
4765,795.9160,2291.6558,7.9592,1.0000,LOSS,787.9569,-65.27
4766,787.9569,2291.6558,7.8796,1.0000,LOSS,780.0773,-65.62
4767,780.0773,2291.6558,7.8008,1.0000,WIN,787.8781,-65.96
4768,787.8781,2291.6558,7.8788,1.0000,LOSS,779.9993,-65.62
4769,779.9993,2291.6558,7.8000,1.0000,LOSS,772.1993,-65.96
4770,772.1993,2291.6558,7.7220,1.0000,LOSS,764.4773,-66.30
4771,764.4773,2291.6558,7.6448,1.0000,WIN,772.1221,-66.64
4772,772.1221,2291.6558,7.7212,1.0000,LOSS,764.4009,-66.31
4773,764.4009,2291.6558,7.6440,1.0000,WIN,772.0449,-66.64
4774,772.0449,2291.6558,7.7204,1.0000,LOSS,764.3244,-66.31
4775,764.3244,2291.6558,7.6432,1.0000,WIN,771.9677,-66.65
4776,771.9677,2291.6558,7.7197,1.0000,LOSS,764.2480,-66.31
4777,764.2480,2291.6558,7.6425,1.0000,LOSS,756.6055,-66.65
4778,756.6055,2291.6558,7.5661,1.0000,WIN,764.1716,-66.98
4779,764.1716,2291.6558,7.6417,1.0000,WIN,771.8133,-66.65
4780,771.8133,2291.6558,7.7181,1.0000,WIN,779.5314,-66.32
4781,779.5314,2291.6558,7.7953,1.0000,WIN,787.3267,-65.98
4782,787.3267,2291.6558,7.8733,1.0000,LOSS,779.4535,-65.64
4783,779.4535,2291.6558,7.7945,1.0000,LOSS,771.6589,-65.99
4784,771.6589,2291.6558,7.7166,1.0000,WIN,779.3755,-66.33
4785,779.3755,2291.6558,7.7938,1.0000,WIN,787.1693,-65.99
4786,787.1693,2291.6558,7.8717,1.0000,WIN,795.0410,-65.65
4787,795.0410,2291.6558,7.9504,1.0000,LOSS,787.0906,-65.31
4788,787.0906,2291.6558,7.8709,1.0000,LOSS,779.2197,-65.65
4789,779.2197,2291.6558,7.7922,1.0000,WIN,787.0118,-66.00
4790,787.0118,2291.6558,7.8701,1.0000,LOSS,779.1417,-65.66
4791,779.1417,2291.6558,7.7914,1.0000,LOSS,771.3503,-66.00
4792,771.3503,2291.6558,7.7135,1.0000,LOSS,763.6368,-66.34
4793,763.6368,2291.6558,7.6364,1.0000,WIN,771.2732,-66.68
4794,771.2732,2291.6558,7.7127,1.0000,WIN,778.9859,-66.34
4795,778.9859,2291.6558,7.7899,1.0000,LOSS,771.1961,-66.01
4796,771.1961,2291.6558,7.7120,1.0000,WIN,778.9080,-66.35
4797,778.9080,2291.6558,7.7891,1.0000,WIN,786.6971,-66.01
4798,786.6971,2291.6558,7.8670,1.0000,LOSS,778.8301,-65.67
4799,778.8301,2291.6558,7.7883,1.0000,LOSS,771.0418,-66.01
4800,771.0418,2291.6558,7.7104,1.0000,WIN,778.7522,-66.35
4801,778.7522,2291.6558,7.7875,1.0000,LOSS,770.9647,-66.02
4802,770.9647,2291.6558,7.7096,1.0000,LOSS,763.2551,-66.36
4803,763.2551,2291.6558,7.6326,1.0000,WIN,770.8876,-66.69
4804,770.8876,2291.6558,7.7089,1.0000,LOSS,763.1787,-66.36
4805,763.1787,2291.6558,7.6318,1.0000,LOSS,755.5470,-66.70
4806,755.5470,2291.6558,7.5555,1.0000,LOSS,747.9915,-67.03
4807,747.9915,2291.6558,7.4799,1.0000,WIN,755.4714,-67.36
4808,755.4714,2291.6558,7.5547,1.0000,WIN,763.0261,-67.03
4809,763.0261,2291.6558,7.6303,1.0000,WIN,770.6564,-66.70
4810,770.6564,2291.6558,7.7066,1.0000,WIN,778.3629,-66.37
4811,778.3629,2291.6558,7.7836,1.0000,WIN,786.1466,-66.03
4812,786.1466,2291.6558,7.8615,1.0000,WIN,794.0080,-65.70
4813,794.0080,2291.6558,7.9401,1.0000,LOSS,786.0680,-65.35
4814,786.0680,2291.6558,7.8607,1.0000,LOSS,778.2073,-65.70
4815,778.2073,2291.6558,7.7821,1.0000,WIN,785.9893,-66.04
4816,785.9893,2291.6558,7.8599,1.0000,WIN,793.8492,-65.70
4817,793.8492,2291.6558,7.9385,1.0000,WIN,801.7877,-65.36
4818,801.7877,2291.6558,8.0179,1.0000,LOSS,793.7699,-65.01
4819,793.7699,2291.6558,7.9377,1.0000,LOSS,785.8322,-65.36
4820,785.8322,2291.6558,7.8583,1.0000,LOSS,777.9738,-65.71
4821,777.9738,2291.6558,7.7797,1.0000,LOSS,770.1941,-66.05
4822,770.1941,2291.6558,7.7019,1.0000,WIN,777.8960,-66.39
4823,777.8960,2291.6558,7.7790,1.0000,LOSS,770.1171,-66.06
4824,770.1171,2291.6558,7.7012,1.0000,WIN,777.8182,-66.39
4825,777.8182,2291.6558,7.7782,1.0000,LOSS,770.0401,-66.06
4826,770.0401,2291.6558,7.7004,1.0000,WIN,777.7405,-66.40
4827,777.7405,2291.6558,7.7774,1.0000,WIN,785.5179,-66.06
4828,785.5179,2291.6558,7.8552,1.0000,LOSS,777.6627,-65.72
4829,777.6627,2291.6558,7.7766,1.0000,WIN,785.4393,-66.07
4830,785.4393,2291.6558,7.8544,1.0000,LOSS,777.5849,-65.73
4831,777.5849,2291.6558,7.7758,1.0000,LOSS,769.8091,-66.07
4832,769.8091,2291.6558,7.6981,1.0000,WIN,777.5072,-66.41
4833,777.5072,2291.6558,7.7751,1.0000,WIN,785.2822,-66.07
4834,785.2822,2291.6558,7.8528,1.0000,WIN,793.1351,-65.73
4835,793.1351,2291.6558,7.9314,1.0000,LOSS,785.2037,-65.39
4836,785.2037,2291.6558,7.8520,1.0000,WIN,793.0557,-65.74
4837,793.0557,2291.6558,7.9306,1.0000,LOSS,785.1252,-65.39
4838,785.1252,2291.6558,7.8513,1.0000,WIN,792.9764,-65.74
4839,792.9764,2291.6558,7.9298,1.0000,LOSS,785.0467,-65.40
4840,785.0467,2291.6558,7.8505,1.0000,WIN,792.8971,-65.74
4841,792.8971,2291.6558,7.9290,1.0000,WIN,800.8261,-65.40
4842,800.8261,2291.6558,8.0083,1.0000,LOSS,792.8179,-65.05
4843,792.8179,2291.6558,7.9282,1.0000,WIN,800.7460,-65.40
4844,800.7460,2291.6558,8.0075,1.0000,LOSS,792.7386,-65.06
4845,792.7386,2291.6558,7.9274,1.0000,WIN,800.6660,-65.41
4846,800.6660,2291.6558,8.0067,1.0000,LOSS,792.6593,-65.06
4847,792.6593,2291.6558,7.9266,1.0000,WIN,800.5859,-65.41
4848,800.5859,2291.6558,8.0059,1.0000,WIN,808.5918,-65.07
4849,808.5918,2291.6558,8.0859,1.0000,LOSS,800.5058,-64.72
4850,800.5058,2291.6558,8.0051,1.0000,LOSS,792.5008,-65.07
4851,792.5008,2291.6558,7.9250,1.0000,LOSS,784.5758,-65.42
4852,784.5758,2291.6558,7.8458,1.0000,WIN,792.4215,-65.76
4853,792.4215,2291.6558,7.9242,1.0000,LOSS,784.4973,-65.42
4854,784.4973,2291.6558,7.8450,1.0000,LOSS,776.6523,-65.77
4855,776.6523,2291.6558,7.7665,1.0000,WIN,784.4189,-66.11
4856,784.4189,2291.6558,7.8442,1.0000,WIN,792.2630,-65.77
4857,792.2630,2291.6558,7.9226,1.0000,WIN,800.1857,-65.43
4858,800.1857,2291.6558,8.0019,1.0000,WIN,808.1875,-65.08
4859,808.1875,2291.6558,8.0819,1.0000,WIN,816.2694,-64.73
4860,816.2694,2291.6558,8.1627,1.0000,LOSS,808.1067,-64.38
4861,808.1067,2291.6558,8.0811,1.0000,WIN,816.1878,-64.74
4862,816.1878,2291.6558,8.1619,1.0000,LOSS,808.0259,-64.38
4863,808.0259,2291.6558,8.0803,1.0000,WIN,816.1062,-64.74
4864,816.1062,2291.6558,8.1611,1.0000,WIN,824.2672,-64.39
4865,824.2672,2291.6558,8.2427,1.0000,WIN,832.5099,-64.03
4866,832.5099,2291.6558,8.3251,1.0000,LOSS,824.1848,-63.67
4867,824.1848,2291.6558,8.2418,1.0000,LOSS,815.9430,-64.04
4868,815.9430,2291.6558,8.1594,1.0000,LOSS,807.7835,-64.40
4869,807.7835,2291.6558,8.0778,1.0000,LOSS,799.7057,-64.75
4870,799.7057,2291.6558,7.9971,1.0000,LOSS,791.7086,-65.10
4871,791.7086,2291.6558,7.9171,1.0000,WIN,799.6257,-65.45
4872,799.6257,2291.6558,7.9963,1.0000,LOSS,791.6295,-65.11
4873,791.6295,2291.6558,7.9163,1.0000,WIN,799.5458,-65.46
4874,799.5458,2291.6558,7.9955,1.0000,WIN,807.5412,-65.11
4875,807.5412,2291.6558,8.0754,1.0000,WIN,815.6166,-64.76
4876,815.6166,2291.6558,8.1562,1.0000,WIN,823.7728,-64.41
4877,823.7728,2291.6558,8.2377,1.0000,WIN,832.0105,-64.05
4878,832.0105,2291.6558,8.3201,1.0000,WIN,840.3306,-63.69
4879,840.3306,2291.6558,8.4033,1.0000,LOSS,831.9273,-63.33
4880,831.9273,2291.6558,8.3193,1.0000,WIN,840.2466,-63.70
4881,840.2466,2291.6558,8.4025,1.0000,LOSS,831.8441,-63.33
4882,831.8441,2291.6558,8.3184,1.0000,LOSS,823.5257,-63.70
4883,823.5257,2291.6558,8.2353,1.0000,LOSS,815.2904,-64.06
4884,815.2904,2291.6558,8.1529,1.0000,LOSS,807.1375,-64.42
4885,807.1375,2291.6558,8.0714,1.0000,WIN,815.2089,-64.78
4886,815.2089,2291.6558,8.1521,1.0000,LOSS,807.0568,-64.43
4887,807.0568,2291.6558,8.0706,1.0000,WIN,815.1274,-64.78
4888,815.1274,2291.6558,8.1513,1.0000,WIN,823.2787,-64.43
4889,823.2787,2291.6558,8.2328,1.0000,LOSS,815.0459,-64.07
4890,815.0459,2291.6558,8.1505,1.0000,WIN,823.1963,-64.43
4891,823.1963,2291.6558,8.2320,1.0000,LOSS,814.9644,-64.08
4892,814.9644,2291.6558,8.1496,1.0000,LOSS,806.8147,-64.44
4893,806.8147,2291.6558,8.0681,1.0000,LOSS,798.7466,-64.79
4894,798.7466,2291.6558,7.9875,1.0000,LOSS,790.7591,-65.15
4895,790.7591,2291.6558,7.9076,1.0000,LOSS,782.8515,-65.49
4896,782.8515,2291.6558,7.8285,1.0000,LOSS,775.0230,-65.84
4897,775.0230,2291.6558,7.7502,1.0000,LOSS,767.2728,-66.18
4898,767.2728,2291.6558,7.6727,1.0000,WIN,774.9455,-66.52
4899,774.9455,2291.6558,7.7495,1.0000,WIN,782.6949,-66.18
4900,782.6949,2291.6558,7.8269,1.0000,WIN,790.5219,-65.85
4901,790.5219,2291.6558,7.9052,1.0000,LOSS,782.6167,-65.50
4902,782.6167,2291.6558,7.8262,1.0000,WIN,790.4428,-65.85
4903,790.4428,2291.6558,7.9044,1.0000,LOSS,782.5384,-65.51
4904,782.5384,2291.6558,7.8254,1.0000,LOSS,774.7130,-65.85
4905,774.7130,2291.6558,7.7471,1.0000,WIN,782.4602,-66.19
4906,782.4602,2291.6558,7.8246,1.0000,WIN,790.2848,-65.86
4907,790.2848,2291.6558,7.9028,1.0000,LOSS,782.3819,-65.51
4908,782.3819,2291.6558,7.8238,1.0000,WIN,790.2057,-65.86
4909,790.2057,2291.6558,7.9021,1.0000,LOSS,782.3037,-65.52
4910,782.3037,2291.6558,7.8230,1.0000,WIN,790.1267,-65.86
4911,790.1267,2291.6558,7.9013,1.0000,WIN,798.0280,-65.52
4912,798.0280,2291.6558,7.9803,1.0000,LOSS,790.0477,-65.18
4913,790.0477,2291.6558,7.9005,1.0000,LOSS,782.1472,-65.53
4914,782.1472,2291.6558,7.8215,1.0000,WIN,789.9687,-65.87
4915,789.9687,2291.6558,7.8997,1.0000,WIN,797.8684,-65.53
4916,797.8684,2291.6558,7.9787,1.0000,LOSS,789.8897,-65.18
4917,789.8897,2291.6558,7.8989,1.0000,LOSS,781.9908,-65.53
4918,781.9908,2291.6558,7.8199,1.0000,LOSS,774.1709,-65.88
4919,774.1709,2291.6558,7.7417,1.0000,LOSS,766.4292,-66.22
4920,766.4292,2291.6558,7.6643,1.0000,WIN,774.0935,-66.56
4921,774.0935,2291.6558,7.7409,1.0000,LOSS,766.3525,-66.22
4922,766.3525,2291.6558,7.6635,1.0000,WIN,774.0161,-66.56
4923,774.0161,2291.6558,7.7402,1.0000,LOSS,766.2759,-66.22
4924,766.2759,2291.6558,7.6628,1.0000,WIN,773.9387,-66.56
4925,773.9387,2291.6558,7.7394,1.0000,LOSS,766.1993,-66.23
4926,766.1993,2291.6558,7.6620,1.0000,LOSS,758.5373,-66.57
4927,758.5373,2291.6558,7.5854,1.0000,LOSS,750.9519,-66.90
4928,750.9519,2291.6558,7.5095,1.0000,WIN,758.4614,-67.23
4929,758.4614,2291.6558,7.5846,1.0000,LOSS,750.8768,-66.90
4930,750.8768,2291.6558,7.5088,1.0000,WIN,758.3856,-67.23
4931,758.3856,2291.6558,7.5839,1.0000,LOSS,750.8017,-66.91
4932,750.8017,2291.6558,7.5080,1.0000,LOSS,743.2937,-67.24
4933,743.2937,2291.6558,7.4329,1.0000,LOSS,735.8608,-67.57
4934,735.8608,2291.6558,7.3586,1.0000,LOSS,728.5022,-67.89
4935,728.5022,2291.6558,7.2850,1.0000,WIN,735.7872,-68.21
4936,735.7872,2291.6558,7.3579,1.0000,WIN,743.1451,-67.89
4937,743.1451,2291.6558,7.4315,1.0000,LOSS,735.7136,-67.57
4938,735.7136,2291.6558,7.3571,1.0000,LOSS,728.3565,-67.90
4939,728.3565,2291.6558,7.2836,1.0000,LOSS,721.0729,-68.22
4940,721.0729,2291.6558,7.2107,1.0000,WIN,728.2836,-68.53
4941,728.2836,2291.6558,7.2828,1.0000,LOSS,721.0008,-68.22
4942,721.0008,2291.6558,7.2100,1.0000,LOSS,713.7908,-68.54
4943,713.7908,2291.6558,7.1379,1.0000,LOSS,706.6529,-68.85
4944,706.6529,2291.6558,7.0665,1.0000,WIN,713.7194,-69.16
4945,713.7194,2291.6558,7.1372,1.0000,LOSS,706.5822,-68.86
4946,706.5822,2291.6558,7.0658,1.0000,LOSS,699.5164,-69.17
4947,699.5164,2291.6558,6.9952,1.0000,WIN,706.5116,-69.48
4948,706.5116,2291.6558,7.0651,1.0000,LOSS,699.4465,-69.17
4949,699.4465,2291.6558,6.9945,1.0000,WIN,706.4409,-69.48
4950,706.4409,2291.6558,7.0644,1.0000,WIN,713.5053,-69.17
4951,713.5053,2291.6558,7.1351,1.0000,LOSS,706.3703,-68.87
4952,706.3703,2291.6558,7.0637,1.0000,WIN,713.4340,-69.18
4953,713.4340,2291.6558,7.1343,1.0000,WIN,720.5683,-68.87
4954,720.5683,2291.6558,7.2057,1.0000,LOSS,713.3626,-68.56
4955,713.3626,2291.6558,7.1336,1.0000,WIN,720.4963,-68.87
4956,720.4963,2291.6558,7.2050,1.0000,WIN,727.7012,-68.56
4957,727.7012,2291.6558,7.2770,1.0000,LOSS,720.4242,-68.25
4958,720.4242,2291.6558,7.2042,1.0000,WIN,727.6285,-68.56
4959,727.6285,2291.6558,7.2763,1.0000,WIN,734.9047,-68.25
4960,734.9047,2291.6558,7.3490,1.0000,LOSS,727.5557,-67.93
4961,727.5557,2291.6558,7.2756,1.0000,WIN,734.8312,-68.25
4962,734.8312,2291.6558,7.3483,1.0000,LOSS,727.4829,-67.93
4963,727.4829,2291.6558,7.2748,1.0000,WIN,734.7578,-68.26
4964,734.7578,2291.6558,7.3476,1.0000,WIN,742.1053,-67.94
4965,742.1053,2291.6558,7.4211,1.0000,WIN,749.5264,-67.62
4966,749.5264,2291.6558,7.4953,1.0000,LOSS,742.0311,-67.29
4967,742.0311,2291.6558,7.4203,1.0000,WIN,749.4514,-67.62
4968,749.4514,2291.6558,7.4945,1.0000,LOSS,741.9569,-67.30
4969,741.9569,2291.6558,7.4196,1.0000,WIN,749.3765,-67.62
4970,749.3765,2291.6558,7.4938,1.0000,LOSS,741.8827,-67.30
4971,741.8827,2291.6558,7.4188,1.0000,LOSS,734.4639,-67.63
4972,734.4639,2291.6558,7.3446,1.0000,LOSS,727.1193,-67.95
4973,727.1193,2291.6558,7.2712,1.0000,WIN,734.3905,-68.27
4974,734.3905,2291.6558,7.3439,1.0000,WIN,741.7344,-67.95
4975,741.7344,2291.6558,7.4173,1.0000,LOSS,734.3170,-67.63
4976,734.3170,2291.6558,7.3432,1.0000,WIN,741.6602,-67.96
4977,741.6602,2291.6558,7.4166,1.0000,LOSS,734.2436,-67.64
4978,734.2436,2291.6558,7.3424,1.0000,LOSS,726.9011,-67.96
4979,726.9011,2291.6558,7.2690,1.0000,LOSS,719.6321,-68.28
4980,719.6321,2291.6558,7.1963,1.0000,LOSS,712.4358,-68.60
4981,712.4358,2291.6558,7.1244,1.0000,LOSS,705.3115,-68.91
4982,705.3115,2291.6558,7.0531,1.0000,LOSS,698.2583,-69.22
4983,698.2583,2291.6558,6.9826,1.0000,LOSS,691.2758,-69.53
4984,691.2758,2291.6558,6.9128,1.0000,WIN,698.1885,-69.84
4985,698.1885,2291.6558,6.9819,1.0000,WIN,705.1704,-69.53
4986,705.1704,2291.6558,7.0517,1.0000,WIN,712.2221,-69.23
4987,712.2221,2291.6558,7.1222,1.0000,WIN,719.3443,-68.92
4988,719.3443,2291.6558,7.1934,1.0000,LOSS,712.1509,-68.61
4989,712.1509,2291.6558,7.1215,1.0000,WIN,719.2724,-68.92
4990,719.2724,2291.6558,7.1927,1.0000,WIN,726.4651,-68.61
4991,726.4651,2291.6558,7.2647,1.0000,WIN,733.7298,-68.30
4992,733.7298,2291.6558,7.3373,1.0000,WIN,741.0671,-67.98
4993,741.0671,2291.6558,7.4107,1.0000,LOSS,733.6564,-67.66
4994,733.6564,2291.6558,7.3366,1.0000,WIN,740.9930,-67.99
4995,740.9930,2291.6558,7.4099,1.0000,LOSS,733.5830,-67.67
4996,733.5830,2291.6558,7.3358,1.0000,LOSS,726.2472,-67.99
4997,726.2472,2291.6558,7.2625,1.0000,LOSS,718.9847,-68.31
4998,718.9847,2291.6558,7.1898,1.0000,WIN,726.1746,-68.63
4999,726.1746,2291.6558,7.2617,1.0000,WIN,733.4363,-68.31
5000,733.4363,2291.6558,7.3344,1.0000,WIN,740.7707,-68.00
5001,740.7707,2291.6558,7.4077,1.0000,WIN,748.1784,-67.68
5002,748.1784,2291.6558,7.4818,1.0000,LOSS,740.6966,-67.35
5003,740.6966,2291.6558,7.4070,1.0000,LOSS,733.2896,-67.68
5004,733.2896,2291.6558,7.3329,1.0000,LOSS,725.9567,-68.00
5005,725.9567,2291.6558,7.2596,1.0000,LOSS,718.6972,-68.32
5006,718.6972,2291.6558,7.1870,1.0000,WIN,725.8841,-68.64
5007,725.8841,2291.6558,7.2588,1.0000,WIN,733.1430,-68.32
5008,733.1430,2291.6558,7.3314,1.0000,WIN,740.4744,-68.01
5009,740.4744,2291.6558,7.4047,1.0000,WIN,747.8792,-67.69
5010,747.8792,2291.6558,7.4788,1.0000,WIN,755.3580,-67.37
5011,755.3580,2291.6558,7.5536,1.0000,WIN,762.9115,-67.04
5012,762.9115,2291.6558,7.6291,1.0000,WIN,770.5407,-66.71
5013,770.5407,2291.6558,7.7054,1.0000,LOSS,762.8352,-66.38
5014,762.8352,2291.6558,7.6284,1.0000,WIN,770.4636,-66.71
5015,770.4636,2291.6558,7.7046,1.0000,LOSS,762.7590,-66.38
5016,762.7590,2291.6558,7.6276,1.0000,WIN,770.3866,-66.72
5017,770.3866,2291.6558,7.7039,1.0000,WIN,778.0904,-66.38
5018,778.0904,2291.6558,7.7809,1.0000,WIN,785.8713,-66.05
5019,785.8713,2291.6558,7.8587,1.0000,WIN,793.7300,-65.71
5020,793.7300,2291.6558,7.9373,1.0000,LOSS,785.7927,-65.36
5021,785.7927,2291.6558,7.8579,1.0000,LOSS,777.9348,-65.71
5022,777.9348,2291.6558,7.7793,1.0000,WIN,785.7142,-66.05
5023,785.7142,2291.6558,7.8571,1.0000,LOSS,777.8570,-65.71
5024,777.8570,2291.6558,7.7786,1.0000,LOSS,770.0784,-66.06
5025,770.0784,2291.6558,7.7008,1.0000,LOSS,762.3777,-66.40
5026,762.3777,2291.6558,7.6238,1.0000,WIN,770.0014,-66.73
5027,770.0014,2291.6558,7.7000,1.0000,LOSS,762.3014,-66.40
5028,762.3014,2291.6558,7.6230,1.0000,LOSS,754.6784,-66.74
5029,754.6784,2291.6558,7.5468,1.0000,LOSS,747.1316,-67.07
5030,747.1316,2291.6558,7.4713,1.0000,LOSS,739.6603,-67.40
5031,739.6603,2291.6558,7.3966,1.0000,LOSS,732.2637,-67.72
5032,732.2637,2291.6558,7.3226,1.0000,LOSS,724.9411,-68.05
5033,724.9411,2291.6558,7.2494,1.0000,LOSS,717.6917,-68.37
5034,717.6917,2291.6558,7.1769,1.0000,WIN,724.8686,-68.68
5035,724.8686,2291.6558,7.2487,1.0000,WIN,732.1173,-68.37
5036,732.1173,2291.6558,7.3212,1.0000,WIN,739.4384,-68.05
5037,739.4384,2291.6558,7.3944,1.0000,WIN,746.8328,-67.73
5038,746.8328,2291.6558,7.4683,1.0000,LOSS,739.3645,-67.41
5039,739.3645,2291.6558,7.3936,1.0000,LOSS,731.9708,-67.74
5040,731.9708,2291.6558,7.3197,1.0000,WIN,739.2905,-68.06
5041,739.2905,2291.6558,7.3929,1.0000,LOSS,731.8976,-67.74
5042,731.8976,2291.6558,7.3190,1.0000,WIN,739.2166,-68.06
5043,739.2166,2291.6558,7.3922,1.0000,LOSS,731.8245,-67.74
5044,731.8245,2291.6558,7.3182,1.0000,LOSS,724.5062,-68.07
5045,724.5062,2291.6558,7.2451,1.0000,LOSS,717.2611,-68.39
5046,717.2611,2291.6558,7.1726,1.0000,LOSS,710.0885,-68.70
5047,710.0885,2291.6558,7.1009,1.0000,WIN,717.1894,-69.01
5048,717.1894,2291.6558,7.1719,1.0000,LOSS,710.0175,-68.70
5049,710.0175,2291.6558,7.1002,1.0000,WIN,717.1177,-69.02
5050,717.1177,2291.6558,7.1712,1.0000,WIN,724.2889,-68.71
5051,724.2889,2291.6558,7.2429,1.0000,WIN,731.5318,-68.39
5052,731.5318,2291.6558,7.3153,1.0000,WIN,738.8471,-68.08
5053,738.8471,2291.6558,7.3885,1.0000,WIN,746.2356,-67.76
5054,746.2356,2291.6558,7.4624,1.0000,LOSS,738.7732,-67.44
5055,738.7732,2291.6558,7.3877,1.0000,WIN,746.1609,-67.76
5056,746.1609,2291.6558,7.4616,1.0000,WIN,753.6225,-67.44
5057,753.6225,2291.6558,7.5362,1.0000,LOSS,746.0863,-67.11
5058,746.0863,2291.6558,7.4609,1.0000,WIN,753.5472,-67.44
5059,753.5472,2291.6558,7.5355,1.0000,LOSS,746.0117,-67.12
5060,746.0117,2291.6558,7.4601,1.0000,WIN,753.4718,-67.45
5061,753.4718,2291.6558,7.5347,1.0000,WIN,761.0065,-67.12
5062,761.0065,2291.6558,7.6101,1.0000,WIN,768.6166,-66.79
5063,768.6166,2291.6558,7.6862,1.0000,LOSS,760.9304,-66.46
5064,760.9304,2291.6558,7.6093,1.0000,WIN,768.5397,-66.80
5065,768.5397,2291.6558,7.6854,1.0000,WIN,776.2251,-66.46
5066,776.2251,2291.6558,7.7623,1.0000,WIN,783.9874,-66.13
5067,783.9874,2291.6558,7.8399,1.0000,LOSS,776.1475,-65.79
5068,776.1475,2291.6558,7.7615,1.0000,WIN,783.9090,-66.13
5069,783.9090,2291.6558,7.8391,1.0000,WIN,791.7481,-65.79
5070,791.7481,2291.6558,7.9175,1.0000,LOSS,783.8306,-65.45
5071,783.8306,2291.6558,7.8383,1.0000,LOSS,775.9923,-65.80
5072,775.9923,2291.6558,7.7599,1.0000,LOSS,768.2324,-66.14
5073,768.2324,2291.6558,7.6823,1.0000,LOSS,760.5501,-66.48
5074,760.5501,2291.6558,7.6055,1.0000,WIN,768.1556,-66.81
5075,768.1556,2291.6558,7.6816,1.0000,WIN,775.8371,-66.48
5076,775.8371,2291.6558,7.7584,1.0000,WIN,783.5955,-66.15
5077,783.5955,2291.6558,7.8360,1.0000,LOSS,775.7595,-65.81
5078,775.7595,2291.6558,7.7576,1.0000,LOSS,768.0019,-66.15
5079,768.0019,2291.6558,7.6800,1.0000,LOSS,760.3219,-66.49
5080,760.3219,2291.6558,7.6032,1.0000,LOSS,752.7187,-66.82
5081,752.7187,2291.6558,7.5272,1.0000,WIN,760.2459,-67.15
5082,760.2459,2291.6558,7.6025,1.0000,WIN,767.8483,-66.83
5083,767.8483,2291.6558,7.6785,1.0000,LOSS,760.1699,-66.49
5084,760.1699,2291.6558,7.6017,1.0000,LOSS,752.5682,-66.83
5085,752.5682,2291.6558,7.5257,1.0000,WIN,760.0938,-67.16
5086,760.0938,2291.6558,7.6009,1.0000,LOSS,752.4929,-66.83
5087,752.4929,2291.6558,7.5249,1.0000,WIN,760.0178,-67.16
5088,760.0178,2291.6558,7.6002,1.0000,LOSS,752.4177,-66.84
5089,752.4177,2291.6558,7.5242,1.0000,LOSS,744.8935,-67.17
5090,744.8935,2291.6558,7.4489,1.0000,LOSS,737.4445,-67.50
5091,737.4445,2291.6558,7.3744,1.0000,WIN,744.8190,-67.82
5092,744.8190,2291.6558,7.4482,1.0000,LOSS,737.3708,-67.50
5093,737.3708,2291.6558,7.3737,1.0000,LOSS,729.9971,-67.82
5094,729.9971,2291.6558,7.3000,1.0000,LOSS,722.6971,-68.15
5095,722.6971,2291.6558,7.2270,1.0000,WIN,729.9241,-68.46
5096,729.9241,2291.6558,7.2992,1.0000,WIN,737.2233,-68.15
5097,737.2233,2291.6558,7.3722,1.0000,LOSS,729.8511,-67.83
5098,729.8511,2291.6558,7.2985,1.0000,WIN,737.1496,-68.15
5099,737.1496,2291.6558,7.3715,1.0000,WIN,744.5211,-67.83
5100,744.5211,2291.6558,7.4452,1.0000,WIN,751.9663,-67.51
5101,751.9663,2291.6558,7.5197,1.0000,WIN,759.4860,-67.19
5102,759.4860,2291.6558,7.5949,1.0000,LOSS,751.8911,-66.86
5103,751.8911,2291.6558,7.5189,1.0000,WIN,759.4100,-67.19
5104,759.4100,2291.6558,7.5941,1.0000,LOSS,751.8159,-66.86
5105,751.8159,2291.6558,7.5182,1.0000,WIN,759.3341,-67.19
5106,759.3341,2291.6558,7.5933,1.0000,WIN,766.9274,-66.87
5107,766.9274,2291.6558,7.6693,1.0000,WIN,774.5967,-66.53
5108,774.5967,2291.6558,7.7460,1.0000,LOSS,766.8507,-66.20
5109,766.8507,2291.6558,7.6685,1.0000,WIN,774.5192,-66.54
5110,774.5192,2291.6558,7.7452,1.0000,WIN,782.2644,-66.20
5111,782.2644,2291.6558,7.8226,1.0000,WIN,790.0871,-65.86
5112,790.0871,2291.6558,7.9009,1.0000,LOSS,782.1862,-65.52
5113,782.1862,2291.6558,7.8219,1.0000,LOSS,774.3643,-65.87
5114,774.3643,2291.6558,7.7436,1.0000,LOSS,766.6207,-66.21
5115,766.6207,2291.6558,7.6662,1.0000,WIN,774.2869,-66.55
5116,774.2869,2291.6558,7.7429,1.0000,WIN,782.0298,-66.21
5117,782.0298,2291.6558,7.8203,1.0000,LOSS,774.2095,-65.87
5118,774.2095,2291.6558,7.7421,1.0000,LOSS,766.4674,-66.22
5119,766.4674,2291.6558,7.6647,1.0000,LOSS,758.8027,-66.55
5120,758.8027,2291.6558,7.5880,1.0000,WIN,766.3907,-66.89
5121,766.3907,2291.6558,7.6639,1.0000,WIN,774.0546,-66.56
5122,774.0546,2291.6558,7.7405,1.0000,LOSS,766.3141,-66.22
5123,766.3141,2291.6558,7.6631,1.0000,WIN,773.9772,-66.56
5124,773.9772,2291.6558,7.7398,1.0000,LOSS,766.2375,-66.23
5125,766.2375,2291.6558,7.6624,1.0000,WIN,773.8998,-66.56
5126,773.8998,2291.6558,7.7390,1.0000,WIN,781.6388,-66.23
5127,781.6388,2291.6558,7.8164,1.0000,WIN,789.4552,-65.89
5128,789.4552,2291.6558,7.8946,1.0000,LOSS,781.5607,-65.55
5129,781.5607,2291.6558,7.8156,1.0000,WIN,789.3763,-65.90
5130,789.3763,2291.6558,7.8938,1.0000,LOSS,781.4825,-65.55
5131,781.4825,2291.6558,7.8148,1.0000,WIN,789.2973,-65.90
5132,789.2973,2291.6558,7.8930,1.0000,WIN,797.1903,-65.56
5133,797.1903,2291.6558,7.9719,1.0000,LOSS,789.2184,-65.21
5134,789.2184,2291.6558,7.8922,1.0000,LOSS,781.3262,-65.56
5135,781.3262,2291.6558,7.8133,1.0000,LOSS,773.5130,-65.91
5136,773.5130,2291.6558,7.7351,1.0000,WIN,781.2481,-66.25
5137,781.2481,2291.6558,7.8125,1.0000,WIN,789.0606,-65.91
5138,789.0606,2291.6558,7.8906,1.0000,WIN,796.9512,-65.57
5139,796.9512,2291.6558,7.9695,1.0000,WIN,804.9207,-65.22
5140,804.9207,2291.6558,8.0492,1.0000,LOSS,796.8715,-64.88
5141,796.8715,2291.6558,7.9687,1.0000,WIN,804.8402,-65.23
5142,804.8402,2291.6558,8.0484,1.0000,LOSS,796.7918,-64.88
5143,796.7918,2291.6558,7.9679,1.0000,LOSS,788.8239,-65.23
5144,788.8239,2291.6558,7.8882,1.0000,WIN,796.7121,-65.58
5145,796.7121,2291.6558,7.9671,1.0000,WIN,804.6792,-65.23
5146,804.6792,2291.6558,8.0468,1.0000,LOSS,796.6325,-64.89
5147,796.6325,2291.6558,7.9663,1.0000,WIN,804.5988,-65.24
5148,804.5988,2291.6558,8.0460,1.0000,LOSS,796.5528,-64.89
5149,796.5528,2291.6558,7.9655,1.0000,LOSS,788.5873,-65.24
5150,788.5873,2291.6558,7.8859,1.0000,WIN,796.4731,-65.59
5151,796.4731,2291.6558,7.9647,1.0000,WIN,804.4379,-65.24
5152,804.4379,2291.6558,8.0444,1.0000,LOSS,796.3935,-64.90
5153,796.3935,2291.6558,7.9639,1.0000,WIN,804.3574,-65.25
5154,804.3574,2291.6558,8.0436,1.0000,WIN,812.4010,-64.90
5155,812.4010,2291.6558,8.1240,1.0000,WIN,820.5250,-64.55
5156,820.5250,2291.6558,8.2053,1.0000,LOSS,812.3198,-64.20
5157,812.3198,2291.6558,8.1232,1.0000,LOSS,804.1966,-64.55
5158,804.1966,2291.6558,8.0420,1.0000,LOSS,796.1546,-64.91
5159,796.1546,2291.6558,7.9615,1.0000,LOSS,788.1930,-65.26
5160,788.1930,2291.6558,7.8819,1.0000,LOSS,780.3111,-65.61
5161,780.3111,2291.6558,7.8031,1.0000,LOSS,772.5080,-65.95
5162,772.5080,2291.6558,7.7251,1.0000,WIN,780.2331,-66.29
5163,780.2331,2291.6558,7.8023,1.0000,WIN,788.0354,-65.95
5164,788.0354,2291.6558,7.8804,1.0000,LOSS,780.1551,-65.61
5165,780.1551,2291.6558,7.8016,1.0000,LOSS,772.3535,-65.96
5166,772.3535,2291.6558,7.7235,1.0000,LOSS,764.6300,-66.30
5167,764.6300,2291.6558,7.6463,1.0000,LOSS,756.9837,-66.63
5168,756.9837,2291.6558,7.5698,1.0000,WIN,764.5535,-66.97
5169,764.5535,2291.6558,7.6455,1.0000,LOSS,756.9080,-66.64
5170,756.9080,2291.6558,7.5691,1.0000,WIN,764.4771,-66.97
5171,764.4771,2291.6558,7.6448,1.0000,WIN,772.1218,-66.64
5172,772.1218,2291.6558,7.7212,1.0000,LOSS,764.4006,-66.31
5173,764.4006,2291.6558,7.6440,1.0000,WIN,772.0446,-66.64
5174,772.0446,2291.6558,7.7204,1.0000,LOSS,764.3242,-66.31
5175,764.3242,2291.6558,7.6432,1.0000,WIN,771.9674,-66.65
5176,771.9674,2291.6558,7.7197,1.0000,WIN,779.6871,-66.31
5177,779.6871,2291.6558,7.7969,1.0000,LOSS,771.8902,-65.98
5178,771.8902,2291.6558,7.7189,1.0000,WIN,779.6091,-66.32
5179,779.6091,2291.6558,7.7961,1.0000,WIN,787.4052,-65.98
5180,787.4052,2291.6558,7.8741,1.0000,WIN,795.2793,-65.64
5181,795.2793,2291.6558,7.9528,1.0000,LOSS,787.3265,-65.30
5182,787.3265,2291.6558,7.8733,1.0000,WIN,795.1997,-65.64
5183,795.1997,2291.6558,7.9520,1.0000,LOSS,787.2477,-65.30
5184,787.2477,2291.6558,7.8725,1.0000,WIN,795.1202,-65.65
5185,795.1202,2291.6558,7.9512,1.0000,LOSS,787.1690,-65.30
5186,787.1690,2291.6558,7.8717,1.0000,LOSS,779.2973,-65.65
5187,779.2973,2291.6558,7.7930,1.0000,WIN,787.0903,-65.99
5188,787.0903,2291.6558,7.8709,1.0000,WIN,794.9612,-65.65
5189,794.9612,2291.6558,7.9496,1.0000,LOSS,787.0116,-65.31
5190,787.0116,2291.6558,7.8701,1.0000,LOSS,779.1415,-65.66
5191,779.1415,2291.6558,7.7914,1.0000,WIN,786.9329,-66.00
5192,786.9329,2291.6558,7.8693,1.0000,LOSS,779.0636,-65.66
5193,779.0636,2291.6558,7.7906,1.0000,WIN,786.8542,-66.00
5194,786.8542,2291.6558,7.8685,1.0000,LOSS,778.9856,-65.66
5195,778.9856,2291.6558,7.7899,1.0000,WIN,786.7755,-66.01
5196,786.7755,2291.6558,7.8678,1.0000,LOSS,778.9078,-65.67
5197,778.9078,2291.6558,7.7891,1.0000,WIN,786.6968,-66.01
5198,786.6968,2291.6558,7.8670,1.0000,WIN,794.5638,-65.67
5199,794.5638,2291.6558,7.9456,1.0000,LOSS,786.6182,-65.33
5200,786.6182,2291.6558,7.8662,1.0000,WIN,794.4843,-65.67
5201,794.4843,2291.6558,7.9448,1.0000,WIN,802.4292,-65.33
5202,802.4292,2291.6558,8.0243,1.0000,WIN,810.4535,-64.98
5203,810.4535,2291.6558,8.1045,1.0000,LOSS,802.3489,-64.63
5204,802.3489,2291.6558,8.0235,1.0000,LOSS,794.3255,-64.99
5205,794.3255,2291.6558,7.9433,1.0000,WIN,802.2687,-65.34
5206,802.2687,2291.6558,8.0227,1.0000,WIN,810.2914,-64.99
5207,810.2914,2291.6558,8.1029,1.0000,LOSS,802.1885,-64.64
5208,802.1885,2291.6558,8.0219,1.0000,LOSS,794.1666,-65.00
5209,794.1666,2291.6558,7.9417,1.0000,WIN,802.1083,-65.35
5210,802.1083,2291.6558,8.0211,1.0000,WIN,810.1293,-65.00
5211,810.1293,2291.6558,8.1013,1.0000,WIN,818.2306,-64.65
5212,818.2306,2291.6558,8.1823,1.0000,WIN,826.4129,-64.30
5213,826.4129,2291.6558,8.2641,1.0000,LOSS,818.1488,-63.94
5214,818.1488,2291.6558,8.1815,1.0000,LOSS,809.9673,-64.30
5215,809.9673,2291.6558,8.0997,1.0000,LOSS,801.8677,-64.66
5216,801.8677,2291.6558,8.0187,1.0000,LOSS,793.8490,-65.01
5217,793.8490,2291.6558,7.9385,1.0000,WIN,801.7875,-65.36
5218,801.7875,2291.6558,8.0179,1.0000,LOSS,793.7696,-65.01
5219,793.7696,2291.6558,7.9377,1.0000,LOSS,785.8319,-65.36
5220,785.8319,2291.6558,7.8583,1.0000,WIN,793.6902,-65.71
5221,793.6902,2291.6558,7.9369,1.0000,LOSS,785.7533,-65.37
5222,785.7533,2291.6558,7.8575,1.0000,LOSS,777.8958,-65.71
5223,777.8958,2291.6558,7.7790,1.0000,WIN,785.6747,-66.06
5224,785.6747,2291.6558,7.8567,1.0000,WIN,793.5315,-65.72
5225,793.5315,2291.6558,7.9353,1.0000,LOSS,785.5962,-65.37
5226,785.5962,2291.6558,7.8560,1.0000,WIN,793.4521,-65.72
5227,793.4521,2291.6558,7.9345,1.0000,LOSS,785.5176,-65.38
5228,785.5176,2291.6558,7.8552,1.0000,LOSS,777.6624,-65.72
5229,777.6624,2291.6558,7.7766,1.0000,WIN,785.4391,-66.07
5230,785.4391,2291.6558,7.8544,1.0000,LOSS,777.5847,-65.73
5231,777.5847,2291.6558,7.7758,1.0000,WIN,785.3605,-66.07
5232,785.3605,2291.6558,7.8536,1.0000,LOSS,777.5069,-65.73
5233,777.5069,2291.6558,7.7751,1.0000,WIN,785.2820,-66.07
5234,785.2820,2291.6558,7.8528,1.0000,WIN,793.1348,-65.73
5235,793.1348,2291.6558,7.9313,1.0000,LOSS,785.2034,-65.39
5236,785.2034,2291.6558,7.8520,1.0000,LOSS,777.3514,-65.74
5237,777.3514,2291.6558,7.7735,1.0000,WIN,785.1249,-66.08
5238,785.1249,2291.6558,7.8512,1.0000,WIN,792.9762,-65.74
5239,792.9762,2291.6558,7.9298,1.0000,LOSS,785.0464,-65.40
5240,785.0464,2291.6558,7.8505,1.0000,LOSS,777.1960,-65.74
5241,777.1960,2291.6558,7.7720,1.0000,LOSS,769.4240,-66.09
5242,769.4240,2291.6558,7.6942,1.0000,LOSS,761.7298,-66.42
5243,761.7298,2291.6558,7.6173,1.0000,WIN,769.3471,-66.76
5244,769.3471,2291.6558,7.6935,1.0000,LOSS,761.6536,-66.43
5245,761.6536,2291.6558,7.6165,1.0000,WIN,769.2701,-66.76
5246,769.2701,2291.6558,7.6927,1.0000,WIN,776.9628,-66.43
5247,776.9628,2291.6558,7.7696,1.0000,LOSS,769.1932,-66.10
5248,769.1932,2291.6558,7.6919,1.0000,LOSS,761.5013,-66.44
5249,761.5013,2291.6558,7.6150,1.0000,LOSS,753.8862,-66.77
5250,753.8862,2291.6558,7.5389,1.0000,WIN,761.4251,-67.10
5251,761.4251,2291.6558,7.6143,1.0000,WIN,769.0394,-66.77
5252,769.0394,2291.6558,7.6904,1.0000,WIN,776.7298,-66.44
5253,776.7298,2291.6558,7.7673,1.0000,WIN,784.4970,-66.11
5254,784.4970,2291.6558,7.8450,1.0000,LOSS,776.6521,-65.77
5255,776.6521,2291.6558,7.7665,1.0000,LOSS,768.8856,-66.11
5256,768.8856,2291.6558,7.6889,1.0000,WIN,776.5744,-66.45
5257,776.5744,2291.6558,7.7657,1.0000,WIN,784.3402,-66.11
5258,784.3402,2291.6558,7.8434,1.0000,WIN,792.1836,-65.77
5259,792.1836,2291.6558,7.9218,1.0000,WIN,800.1054,-65.43
5260,800.1054,2291.6558,8.0011,1.0000,WIN,808.1064,-65.09
5261,808.1064,2291.6558,8.0811,1.0000,WIN,816.1875,-64.74
5262,816.1875,2291.6558,8.1619,1.0000,LOSS,808.0256,-64.38
5263,808.0256,2291.6558,8.0803,1.0000,LOSS,799.9454,-64.74
5264,799.9454,2291.6558,7.9995,1.0000,WIN,807.9448,-65.09
5265,807.9448,2291.6558,8.0794,1.0000,WIN,816.0243,-64.74
5266,816.0243,2291.6558,8.1602,1.0000,WIN,824.1845,-64.39
5267,824.1845,2291.6558,8.2418,1.0000,LOSS,815.9427,-64.04
5268,815.9427,2291.6558,8.1594,1.0000,WIN,824.1021,-64.40
5269,824.1021,2291.6558,8.2410,1.0000,LOSS,815.8611,-64.04
5270,815.8611,2291.6558,8.1586,1.0000,LOSS,807.7025,-64.40
5271,807.7025,2291.6558,8.0770,1.0000,WIN,815.7795,-64.75
5272,815.7795,2291.6558,8.1578,1.0000,LOSS,807.6217,-64.40
5273,807.6217,2291.6558,8.0762,1.0000,WIN,815.6979,-64.76
5274,815.6979,2291.6558,8.1570,1.0000,LOSS,807.5409,-64.41
5275,807.5409,2291.6558,8.0754,1.0000,LOSS,799.4655,-64.76
5276,799.4655,2291.6558,7.9947,1.0000,LOSS,791.4709,-65.11
5277,791.4709,2291.6558,7.9147,1.0000,WIN,799.3856,-65.46
5278,799.3856,2291.6558,7.9939,1.0000,LOSS,791.3917,-65.12
5279,791.3917,2291.6558,7.9139,1.0000,LOSS,783.4778,-65.47
5280,783.4778,2291.6558,7.8348,1.0000,WIN,791.3126,-65.81
5281,791.3126,2291.6558,7.9131,1.0000,LOSS,783.3995,-65.47
5282,783.3995,2291.6558,7.8340,1.0000,WIN,791.2335,-65.82
5283,791.2335,2291.6558,7.9123,1.0000,WIN,799.1458,-65.47
5284,799.1458,2291.6558,7.9915,1.0000,LOSS,791.1543,-65.13
5285,791.1543,2291.6558,7.9115,1.0000,WIN,799.0659,-65.48
5286,799.0659,2291.6558,7.9907,1.0000,LOSS,791.0752,-65.13
5287,791.0752,2291.6558,7.9108,1.0000,WIN,798.9860,-65.48
5288,798.9860,2291.6558,7.9899,1.0000,WIN,806.9758,-65.13
5289,806.9758,2291.6558,8.0698,1.0000,LOSS,798.9061,-64.79
5290,798.9061,2291.6558,7.9891,1.0000,WIN,806.8951,-65.14
5291,806.8951,2291.6558,8.0690,1.0000,LOSS,798.8262,-64.79
5292,798.8262,2291.6558,7.9883,1.0000,WIN,806.8144,-65.14
5293,806.8144,2291.6558,8.0681,1.0000,WIN,814.8826,-64.79
5294,814.8826,2291.6558,8.1488,1.0000,LOSS,806.7338,-64.44
5295,806.7338,2291.6558,8.0673,1.0000,LOSS,798.6664,-64.80
5296,798.6664,2291.6558,7.9867,1.0000,LOSS,790.6798,-65.15
5297,790.6798,2291.6558,7.9068,1.0000,WIN,798.5866,-65.50
5298,798.5866,2291.6558,7.9859,1.0000,LOSS,790.6007,-65.15
5299,790.6007,2291.6558,7.9060,1.0000,LOSS,782.6947,-65.50
5300,782.6947,2291.6558,7.8269,1.0000,LOSS,774.8677,-65.85
5301,774.8677,2291.6558,7.7487,1.0000,LOSS,767.1191,-66.19
5302,767.1191,2291.6558,7.6712,1.0000,LOSS,759.4479,-66.53
5303,759.4479,2291.6558,7.5945,1.0000,LOSS,751.8534,-66.86
5304,751.8534,2291.6558,7.5185,1.0000,WIN,759.3719,-67.19
5305,759.3719,2291.6558,7.5937,1.0000,WIN,766.9656,-66.86
5306,766.9656,2291.6558,7.6697,1.0000,LOSS,759.2960,-66.53
5307,759.2960,2291.6558,7.5930,1.0000,WIN,766.8890,-66.87
5308,766.8890,2291.6558,7.6689,1.0000,LOSS,759.2201,-66.54
5309,759.2201,2291.6558,7.5922,1.0000,LOSS,751.6279,-66.87
5310,751.6279,2291.6558,7.5163,1.0000,LOSS,744.1116,-67.20
5311,744.1116,2291.6558,7.4411,1.0000,LOSS,736.6705,-67.53
5312,736.6705,2291.6558,7.3667,1.0000,WIN,744.0372,-67.85
5313,744.0372,2291.6558,7.4404,1.0000,LOSS,736.5968,-67.53
5314,736.5968,2291.6558,7.3660,1.0000,LOSS,729.2308,-67.86
5315,729.2308,2291.6558,7.2923,1.0000,LOSS,721.9385,-68.18
5316,721.9385,2291.6558,7.2194,1.0000,LOSS,714.7191,-68.50
5317,714.7191,2291.6558,7.1472,1.0000,LOSS,707.5719,-68.81
5318,707.5719,2291.6558,7.0757,1.0000,WIN,714.6477,-69.12
5319,714.6477,2291.6558,7.1465,1.0000,LOSS,707.5012,-68.82
5320,707.5012,2291.6558,7.0750,1.0000,WIN,714.5762,-69.13
5321,714.5762,2291.6558,7.1458,1.0000,WIN,721.7220,-68.82
5322,721.7220,2291.6558,7.2172,1.0000,LOSS,714.5047,-68.51
5323,714.5047,2291.6558,7.1450,1.0000,WIN,721.6498,-68.82
5324,721.6498,2291.6558,7.2165,1.0000,LOSS,714.4333,-68.51
5325,714.4333,2291.6558,7.1443,1.0000,WIN,721.5776,-68.82
5326,721.5776,2291.6558,7.2158,1.0000,LOSS,714.3619,-68.51
5327,714.3619,2291.6558,7.1436,1.0000,LOSS,707.2182,-68.83
5328,707.2182,2291.6558,7.0722,1.0000,WIN,714.2904,-69.14
5329,714.2904,2291.6558,7.1429,1.0000,LOSS,707.1475,-68.83
5330,707.1475,2291.6558,7.0715,1.0000,WIN,714.2190,-69.14
5331,714.2190,2291.6558,7.1422,1.0000,LOSS,707.0768,-68.83
5332,707.0768,2291.6558,7.0708,1.0000,LOSS,700.0060,-69.15
5333,700.0060,2291.6558,7.0001,1.0000,LOSS,693.0060,-69.45
5334,693.0060,2291.6558,6.9301,1.0000,LOSS,686.0759,-69.76
5335,686.0759,2291.6558,6.8608,1.0000,WIN,692.9367,-70.06
5336,692.9367,2291.6558,6.9294,1.0000,LOSS,686.0073,-69.76
5337,686.0073,2291.6558,6.8601,1.0000,LOSS,679.1472,-70.06
5338,679.1472,2291.6558,6.7915,1.0000,WIN,685.9387,-70.36
5339,685.9387,2291.6558,6.8594,1.0000,WIN,692.7981,-70.07
5340,692.7981,2291.6558,6.9280,1.0000,WIN,699.7261,-69.77
5341,699.7261,2291.6558,6.9973,1.0000,LOSS,692.7288,-69.47
5342,692.7288,2291.6558,6.9273,1.0000,LOSS,685.8015,-69.77
5343,685.8015,2291.6558,6.8580,1.0000,LOSS,678.9435,-70.07
5344,678.9435,2291.6558,6.7894,1.0000,LOSS,672.1541,-70.37
5345,672.1541,2291.6558,6.7215,1.0000,WIN,678.8756,-70.67
5346,678.8756,2291.6558,6.7888,1.0000,WIN,685.6644,-70.38
5347,685.6644,2291.6558,6.8566,1.0000,LOSS,678.8077,-70.08
5348,678.8077,2291.6558,6.7881,1.0000,LOSS,672.0196,-70.38
5349,672.0196,2291.6558,6.7202,1.0000,LOSS,665.2994,-70.68
5350,665.2994,2291.6558,6.6530,1.0000,LOSS,658.6465,-70.97
5351,658.6465,2291.6558,6.5865,1.0000,LOSS,652.0600,-71.26
5352,652.0600,2291.6558,6.5206,1.0000,WIN,658.5806,-71.55
5353,658.5806,2291.6558,6.5858,1.0000,WIN,665.1664,-71.26
5354,665.1664,2291.6558,6.6517,1.0000,WIN,671.8181,-70.97
5355,671.8181,2291.6558,6.7182,1.0000,LOSS,665.0999,-70.68
5356,665.0999,2291.6558,6.6510,1.0000,LOSS,658.4489,-70.98
5357,658.4489,2291.6558,6.5845,1.0000,LOSS,651.8644,-71.27
5358,651.8644,2291.6558,6.5186,1.0000,WIN,658.3830,-71.55
5359,658.3830,2291.6558,6.5838,1.0000,LOSS,651.7992,-71.27
5360,651.7992,2291.6558,6.5180,1.0000,WIN,658.3172,-71.56
5361,658.3172,2291.6558,6.5832,1.0000,WIN,664.9004,-71.27
5362,664.9004,2291.6558,6.6490,1.0000,WIN,671.5494,-70.99
5363,671.5494,2291.6558,6.7155,1.0000,LOSS,664.8339,-70.70
5364,664.8339,2291.6558,6.6483,1.0000,WIN,671.4822,-70.99
5365,671.4822,2291.6558,6.7148,1.0000,WIN,678.1970,-70.70
5366,678.1970,2291.6558,6.7820,1.0000,WIN,684.9790,-70.41
5367,684.9790,2291.6558,6.8498,1.0000,WIN,691.8288,-70.11
5368,691.8288,2291.6558,6.9183,1.0000,WIN,698.7471,-69.81
5369,698.7471,2291.6558,6.9875,1.0000,LOSS,691.7596,-69.51
5370,691.7596,2291.6558,6.9176,1.0000,WIN,698.6772,-69.81
5371,698.6772,2291.6558,6.9868,1.0000,LOSS,691.6904,-69.51
5372,691.6904,2291.6558,6.9169,1.0000,LOSS,684.7735,-69.82
5373,684.7735,2291.6558,6.8477,1.0000,LOSS,677.9258,-70.12
5374,677.9258,2291.6558,6.7793,1.0000,WIN,684.7051,-70.42
5375,684.7051,2291.6558,6.8471,1.0000,WIN,691.5521,-70.12
5376,691.5521,2291.6558,6.9155,1.0000,WIN,698.4676,-69.82
5377,698.4676,2291.6558,6.9847,1.0000,LOSS,691.4830,-69.52
5378,691.4830,2291.6558,6.9148,1.0000,LOSS,684.5681,-69.83
5379,684.5681,2291.6558,6.8457,1.0000,LOSS,677.7224,-70.13
5380,677.7224,2291.6558,6.7772,1.0000,WIN,684.4997,-70.43
5381,684.4997,2291.6558,6.8450,1.0000,WIN,691.3447,-70.13
5382,691.3447,2291.6558,6.9134,1.0000,LOSS,684.4312,-69.83
5383,684.4312,2291.6558,6.8443,1.0000,LOSS,677.5869,-70.13
5384,677.5869,2291.6558,6.7759,1.0000,WIN,684.3628,-70.43
5385,684.3628,2291.6558,6.8436,1.0000,LOSS,677.5191,-70.14
5386,677.5191,2291.6558,6.7752,1.0000,WIN,684.2943,-70.44
5387,684.2943,2291.6558,6.8429,1.0000,LOSS,677.4514,-70.14
5388,677.4514,2291.6558,6.7745,1.0000,WIN,684.2259,-70.44
5389,684.2259,2291.6558,6.8423,1.0000,WIN,691.0682,-70.14
5390,691.0682,2291.6558,6.9107,1.0000,WIN,697.9788,-69.84
5391,697.9788,2291.6558,6.9798,1.0000,LOSS,690.9991,-69.54
5392,690.9991,2291.6558,6.9100,1.0000,WIN,697.9091,-69.85
5393,697.9091,2291.6558,6.9791,1.0000,LOSS,690.9300,-69.55
5394,690.9300,2291.6558,6.9093,1.0000,LOSS,684.0207,-69.85
5395,684.0207,2291.6558,6.8402,1.0000,WIN,690.8609,-70.15
5396,690.8609,2291.6558,6.9086,1.0000,LOSS,683.9523,-69.85
5397,683.9523,2291.6558,6.8395,1.0000,LOSS,677.1127,-70.15
5398,677.1127,2291.6558,6.7711,1.0000,LOSS,670.3416,-70.45
5399,670.3416,2291.6558,6.7034,1.0000,WIN,677.0450,-70.75
5400,677.0450,2291.6558,6.7705,1.0000,LOSS,670.2746,-70.46
5401,670.2746,2291.6558,6.7027,1.0000,LOSS,663.5718,-70.75
5402,663.5718,2291.6558,6.6357,1.0000,WIN,670.2075,-71.04
5403,670.2075,2291.6558,6.7021,1.0000,LOSS,663.5055,-70.75
5404,663.5055,2291.6558,6.6351,1.0000,WIN,670.1405,-71.05
5405,670.1405,2291.6558,6.7014,1.0000,WIN,676.8419,-70.76
5406,676.8419,2291.6558,6.7684,1.0000,LOSS,670.0735,-70.46
5407,670.0735,2291.6558,6.7007,1.0000,LOSS,663.3728,-70.76
5408,663.3728,2291.6558,6.6337,1.0000,WIN,670.0065,-71.05
5409,670.0065,2291.6558,6.7001,1.0000,WIN,676.7066,-70.76
5410,676.7066,2291.6558,6.7671,1.0000,WIN,683.4736,-70.47
5411,683.4736,2291.6558,6.8347,1.0000,WIN,690.3084,-70.18
5412,690.3084,2291.6558,6.9031,1.0000,LOSS,683.4053,-69.88
5413,683.4053,2291.6558,6.8341,1.0000,LOSS,676.5712,-70.18
5414,676.5712,2291.6558,6.7657,1.0000,WIN,683.3369,-70.48
5415,683.3369,2291.6558,6.8334,1.0000,LOSS,676.5036,-70.18
5416,676.5036,2291.6558,6.7650,1.0000,LOSS,669.7385,-70.48
5417,669.7385,2291.6558,6.6974,1.0000,LOSS,663.0412,-70.77
5418,663.0412,2291.6558,6.6304,1.0000,LOSS,656.4107,-71.07
5419,656.4107,2291.6558,6.5641,1.0000,LOSS,649.8466,-71.36
5420,649.8466,2291.6558,6.4985,1.0000,LOSS,643.3482,-71.64
5421,643.3482,2291.6558,6.4335,1.0000,WIN,649.7817,-71.93
5422,649.7817,2291.6558,6.4978,1.0000,WIN,656.2795,-71.65
5423,656.2795,2291.6558,6.5628,1.0000,WIN,662.8423,-71.36
5424,662.8423,2291.6558,6.6284,1.0000,WIN,669.4707,-71.08
5425,669.4707,2291.6558,6.6947,1.0000,LOSS,662.7760,-70.79
5426,662.7760,2291.6558,6.6278,1.0000,LOSS,656.1482,-71.08
5427,656.1482,2291.6558,6.5615,1.0000,WIN,662.7097,-71.37
5428,662.7097,2291.6558,6.6271,1.0000,WIN,669.3368,-71.08
5429,669.3368,2291.6558,6.6934,1.0000,WIN,676.0302,-70.79
5430,676.0302,2291.6558,6.7603,1.0000,LOSS,669.2699,-70.50
5431,669.2699,2291.6558,6.6927,1.0000,LOSS,662.5772,-70.80
5432,662.5772,2291.6558,6.6258,1.0000,WIN,669.2029,-71.09
5433,669.2029,2291.6558,6.6920,1.0000,LOSS,662.5109,-70.80
5434,662.5109,2291.6558,6.6251,1.0000,WIN,669.1360,-71.09
5435,669.1360,2291.6558,6.6914,1.0000,WIN,675.8274,-70.80
5436,675.8274,2291.6558,6.7583,1.0000,LOSS,669.0691,-70.51
5437,669.0691,2291.6558,6.6907,1.0000,WIN,675.7598,-70.80
5438,675.7598,2291.6558,6.7576,1.0000,WIN,682.5174,-70.51
5439,682.5174,2291.6558,6.8252,1.0000,WIN,689.3426,-70.22
5440,689.3426,2291.6558,6.8934,1.0000,LOSS,682.4491,-69.92
5441,682.4491,2291.6558,6.8245,1.0000,LOSS,675.6247,-70.22
5442,675.6247,2291.6558,6.7562,1.0000,WIN,682.3809,-70.52
5443,682.3809,2291.6558,6.8238,1.0000,WIN,689.2047,-70.22
5444,689.2047,2291.6558,6.8920,1.0000,LOSS,682.3127,-69.93
5445,682.3127,2291.6558,6.8231,1.0000,WIN,689.1358,-70.23
5446,689.1358,2291.6558,6.8914,1.0000,WIN,696.0271,-69.93
5447,696.0271,2291.6558,6.9603,1.0000,LOSS,689.0669,-69.63
5448,689.0669,2291.6558,6.8907,1.0000,LOSS,682.1762,-69.93
5449,682.1762,2291.6558,6.8218,1.0000,LOSS,675.3544,-70.23
5450,675.3544,2291.6558,6.7535,1.0000,LOSS,668.6009,-70.53
5451,668.6009,2291.6558,6.6860,1.0000,WIN,675.2869,-70.82
5452,675.2869,2291.6558,6.7529,1.0000,WIN,682.0398,-70.53
5453,682.0398,2291.6558,6.8204,1.0000,WIN,688.8602,-70.24
5454,688.8602,2291.6558,6.8886,1.0000,WIN,695.7488,-69.94
5455,695.7488,2291.6558,6.9575,1.0000,LOSS,688.7913,-69.64
5456,688.7913,2291.6558,6.8879,1.0000,LOSS,681.9034,-69.94
5457,681.9034,2291.6558,6.8190,1.0000,WIN,688.7224,-70.24
5458,688.7224,2291.6558,6.8872,1.0000,LOSS,681.8352,-69.95
5459,681.8352,2291.6558,6.8184,1.0000,WIN,688.6535,-70.25
5460,688.6535,2291.6558,6.8865,1.0000,LOSS,681.7670,-69.95
5461,681.7670,2291.6558,6.8177,1.0000,LOSS,674.9493,-70.25
5462,674.9493,2291.6558,6.7495,1.0000,LOSS,668.1998,-70.55
5463,668.1998,2291.6558,6.6820,1.0000,WIN,674.8818,-70.84
5464,674.8818,2291.6558,6.7488,1.0000,LOSS,668.1330,-70.55
5465,668.1330,2291.6558,6.6813,1.0000,WIN,674.8143,-70.84
5466,674.8143,2291.6558,6.7481,1.0000,WIN,681.5625,-70.55
5467,681.5625,2291.6558,6.8156,1.0000,WIN,688.3781,-70.26
5468,688.3781,2291.6558,6.8838,1.0000,WIN,695.2619,-69.96
5469,695.2619,2291.6558,6.9526,1.0000,LOSS,688.3093,-69.66
5470,688.3093,2291.6558,6.8831,1.0000,LOSS,681.4262,-69.96
5471,681.4262,2291.6558,6.8143,1.0000,WIN,688.2404,-70.26
5472,688.2404,2291.6558,6.8824,1.0000,LOSS,681.3580,-69.97
5473,681.3580,2291.6558,6.8136,1.0000,WIN,688.1716,-70.27
5474,688.1716,2291.6558,6.8817,1.0000,LOSS,681.2899,-69.97
5475,681.2899,2291.6558,6.8129,1.0000,WIN,688.1028,-70.27
5476,688.1028,2291.6558,6.8810,1.0000,WIN,694.9838,-69.97
5477,694.9838,2291.6558,6.9498,1.0000,LOSS,688.0340,-69.67
5478,688.0340,2291.6558,6.8803,1.0000,LOSS,681.1537,-69.98
5479,681.1537,2291.6558,6.8115,1.0000,WIN,687.9652,-70.28
5480,687.9652,2291.6558,6.8797,1.0000,LOSS,681.0855,-69.98
5481,681.0855,2291.6558,6.8109,1.0000,WIN,687.8964,-70.28
5482,687.8964,2291.6558,6.8790,1.0000,WIN,694.7754,-69.98
5483,694.7754,2291.6558,6.9478,1.0000,WIN,701.7231,-69.68
5484,701.7231,2291.6558,7.0172,1.0000,LOSS,694.7059,-69.38
5485,694.7059,2291.6558,6.9471,1.0000,WIN,701.6529,-69.69
5486,701.6529,2291.6558,7.0165,1.0000,WIN,708.6695,-69.38
5487,708.6695,2291.6558,7.0867,1.0000,LOSS,701.5828,-69.08
5488,701.5828,2291.6558,7.0158,1.0000,WIN,708.5986,-69.39
5489,708.5986,2291.6558,7.0860,1.0000,LOSS,701.5126,-69.08
5490,701.5126,2291.6558,7.0151,1.0000,LOSS,694.4975,-69.39
5491,694.4975,2291.6558,6.9450,1.0000,LOSS,687.5525,-69.69
5492,687.5525,2291.6558,6.8755,1.0000,WIN,694.4280,-70.00
5493,694.4280,2291.6558,6.9443,1.0000,LOSS,687.4838,-69.70
5494,687.4838,2291.6558,6.8748,1.0000,LOSS,680.6089,-70.00
5495,680.6089,2291.6558,6.8061,1.0000,LOSS,673.8028,-70.30
5496,673.8028,2291.6558,6.7380,1.0000,WIN,680.5409,-70.60
5497,680.5409,2291.6558,6.8054,1.0000,LOSS,673.7355,-70.30
5498,673.7355,2291.6558,6.7374,1.0000,WIN,680.4728,-70.60
5499,680.4728,2291.6558,6.8047,1.0000,LOSS,673.6681,-70.31
5500,673.6681,2291.6558,6.7367,1.0000,WIN,680.4048,-70.60
5501,680.4048,2291.6558,6.8040,1.0000,WIN,687.2088,-70.31
5502,687.2088,2291.6558,6.8721,1.0000,WIN,694.0809,-70.01
5503,694.0809,2291.6558,6.9408,1.0000,LOSS,687.1401,-69.71
5504,687.1401,2291.6558,6.8714,1.0000,LOSS,680.2687,-70.02
5505,680.2687,2291.6558,6.8027,1.0000,WIN,687.0714,-70.32
5506,687.0714,2291.6558,6.8707,1.0000,LOSS,680.2007,-70.02
5507,680.2007,2291.6558,6.8020,1.0000,WIN,687.0027,-70.32
5508,687.0027,2291.6558,6.8700,1.0000,LOSS,680.1326,-70.02
5509,680.1326,2291.6558,6.8013,1.0000,LOSS,673.3313,-70.32
5510,673.3313,2291.6558,6.7333,1.0000,LOSS,666.5980,-70.62
5511,666.5980,2291.6558,6.6660,1.0000,WIN,673.2640,-70.91
5512,673.2640,2291.6558,6.7326,1.0000,WIN,679.9966,-70.62
5513,679.9966,2291.6558,6.8000,1.0000,WIN,686.7966,-70.33
5514,686.7966,2291.6558,6.8680,1.0000,LOSS,679.9286,-70.03
5515,679.9286,2291.6558,6.7993,1.0000,WIN,686.7279,-70.33
5516,686.7279,2291.6558,6.8673,1.0000,LOSS,679.8606,-70.03
5517,679.8606,2291.6558,6.7986,1.0000,LOSS,673.0620,-70.33
5518,673.0620,2291.6558,6.7306,1.0000,WIN,679.7926,-70.63
5519,679.7926,2291.6558,6.7979,1.0000,LOSS,672.9947,-70.34
5520,672.9947,2291.6558,6.7299,1.0000,LOSS,666.2648,-70.63
5521,666.2648,2291.6558,6.6626,1.0000,WIN,672.9274,-70.93
5522,672.9274,2291.6558,6.7293,1.0000,LOSS,666.1981,-70.64
5523,666.1981,2291.6558,6.6620,1.0000,LOSS,659.5362,-70.93
5524,659.5362,2291.6558,6.5954,1.0000,WIN,666.1315,-71.22
5525,666.1315,2291.6558,6.6613,1.0000,WIN,672.7928,-70.93
5526,672.7928,2291.6558,6.7279,1.0000,WIN,679.5208,-70.64
5527,679.5208,2291.6558,6.7952,1.0000,LOSS,672.7256,-70.35
5528,672.7256,2291.6558,6.7273,1.0000,LOSS,665.9983,-70.64
5529,665.9983,2291.6558,6.6600,1.0000,LOSS,659.3383,-70.94
5530,659.3383,2291.6558,6.5934,1.0000,LOSS,652.7449,-71.23
5531,652.7449,2291.6558,6.5274,1.0000,LOSS,646.2175,-71.52
5532,646.2175,2291.6558,6.4622,1.0000,WIN,652.6797,-71.80
5533,652.6797,2291.6558,6.5268,1.0000,LOSS,646.1529,-71.52
5534,646.1529,2291.6558,6.4615,1.0000,LOSS,639.6913,-71.80
5535,639.6913,2291.6558,6.3969,1.0000,WIN,646.0883,-72.09
5536,646.0883,2291.6558,6.4609,1.0000,LOSS,639.6274,-71.81
5537,639.6274,2291.6558,6.3963,1.0000,WIN,646.0236,-72.09
5538,646.0236,2291.6558,6.4602,1.0000,WIN,652.4839,-71.81
5539,652.4839,2291.6558,6.5248,1.0000,WIN,659.0087,-71.53
5540,659.0087,2291.6558,6.5901,1.0000,WIN,665.5988,-71.24
5541,665.5988,2291.6558,6.6560,1.0000,LOSS,658.9428,-70.96
5542,658.9428,2291.6558,6.5894,1.0000,LOSS,652.3534,-71.25
5543,652.3534,2291.6558,6.5235,1.0000,LOSS,645.8299,-71.53
5544,645.8299,2291.6558,6.4583,1.0000,LOSS,639.3716,-71.82
5545,639.3716,2291.6558,6.3937,1.0000,LOSS,632.9778,-72.10
5546,632.9778,2291.6558,6.3298,1.0000,LOSS,626.6481,-72.38
5547,626.6481,2291.6558,6.2665,1.0000,LOSS,620.3816,-72.66
5548,620.3816,2291.6558,6.2038,1.0000,LOSS,614.1778,-72.93
5549,614.1778,2291.6558,6.1418,1.0000,LOSS,608.0360,-73.20
5550,608.0360,2291.6558,6.0804,1.0000,LOSS,601.9556,-73.47
5551,601.9556,2291.6558,6.0196,1.0000,LOSS,595.9361,-73.73
5552,595.9361,2291.6558,5.9594,1.0000,WIN,601.8954,-74.00
5553,601.8954,2291.6558,6.0190,1.0000,WIN,607.9144,-73.74
5554,607.9144,2291.6558,6.0791,1.0000,WIN,613.9935,-73.47
5555,613.9935,2291.6558,6.1399,1.0000,LOSS,607.8536,-73.21
5556,607.8536,2291.6558,6.0785,1.0000,LOSS,601.7751,-73.48
5557,601.7751,2291.6558,6.0178,1.0000,LOSS,595.7573,-73.74
5558,595.7573,2291.6558,5.9576,1.0000,LOSS,589.7997,-74.00
5559,589.7997,2291.6558,5.8980,1.0000,LOSS,583.9017,-74.26
5560,583.9017,2291.6558,5.8390,1.0000,LOSS,578.0627,-74.52
5561,578.0627,2291.6558,5.7806,1.0000,LOSS,572.2821,-74.78
5562,572.2821,2291.6558,5.7228,1.0000,LOSS,566.5593,-75.03
5563,566.5593,2291.6558,5.6656,1.0000,LOSS,560.8937,-75.28
5564,560.8937,2291.6558,5.6089,1.0000,WIN,566.5026,-75.52
5565,566.5026,2291.6558,5.6650,1.0000,LOSS,560.8376,-75.28
5566,560.8376,2291.6558,5.6084,1.0000,WIN,566.4460,-75.53
5567,566.4460,2291.6558,5.6645,1.0000,LOSS,560.7815,-75.28
5568,560.7815,2291.6558,5.6078,1.0000,LOSS,555.1737,-75.53
5569,555.1737,2291.6558,5.5517,1.0000,WIN,560.7254,-75.77
5570,560.7254,2291.6558,5.6073,1.0000,WIN,566.3327,-75.53
5571,566.3327,2291.6558,5.6633,1.0000,WIN,571.9960,-75.29
5572,571.9960,2291.6558,5.7200,1.0000,LOSS,566.2760,-75.04
5573,566.2760,2291.6558,5.6628,1.0000,WIN,571.9388,-75.29
5574,571.9388,2291.6558,5.7194,1.0000,WIN,577.6582,-75.04
5575,577.6582,2291.6558,5.7766,1.0000,WIN,583.4348,-74.79
5576,583.4348,2291.6558,5.8343,1.0000,WIN,589.2691,-74.54
5577,589.2691,2291.6558,5.8927,1.0000,LOSS,583.3764,-74.29
5578,583.3764,2291.6558,5.8338,1.0000,LOSS,577.5427,-74.54
5579,577.5427,2291.6558,5.7754,1.0000,LOSS,571.7672,-74.80
5580,571.7672,2291.6558,5.7177,1.0000,WIN,577.4849,-75.05
5581,577.4849,2291.6558,5.7748,1.0000,LOSS,571.7101,-74.80
5582,571.7101,2291.6558,5.7171,1.0000,LOSS,565.9930,-75.05
5583,565.9930,2291.6558,5.6599,1.0000,WIN,571.6529,-75.30
5584,571.6529,2291.6558,5.7165,1.0000,WIN,577.3694,-75.06
5585,577.3694,2291.6558,5.7737,1.0000,LOSS,571.5957,-74.81
5586,571.5957,2291.6558,5.7160,1.0000,WIN,577.3117,-75.06
5587,577.3117,2291.6558,5.7731,1.0000,WIN,583.0848,-74.81
5588,583.0848,2291.6558,5.8308,1.0000,LOSS,577.2540,-74.56
5589,577.2540,2291.6558,5.7725,1.0000,WIN,583.0265,-74.81
5590,583.0265,2291.6558,5.8303,1.0000,LOSS,577.1962,-74.56
5591,577.1962,2291.6558,5.7720,1.0000,WIN,582.9682,-74.81
5592,582.9682,2291.6558,5.8297,1.0000,WIN,588.7979,-74.56
5593,588.7979,2291.6558,5.8880,1.0000,WIN,594.6859,-74.31
5594,594.6859,2291.6558,5.9469,1.0000,WIN,600.6327,-74.05
5595,600.6327,2291.6558,6.0063,1.0000,WIN,606.6390,-73.79
5596,606.6390,2291.6558,6.0664,1.0000,LOSS,600.5727,-73.53
5597,600.5727,2291.6558,6.0057,1.0000,WIN,606.5784,-73.79
5598,606.5784,2291.6558,6.0658,1.0000,LOSS,600.5126,-73.53
5599,600.5126,2291.6558,6.0051,1.0000,LOSS,594.5075,-73.80
5600,594.5075,2291.6558,5.9451,1.0000,LOSS,588.5624,-74.06
5601,588.5624,2291.6558,5.8856,1.0000,LOSS,582.6768,-74.32
5602,582.6768,2291.6558,5.8268,1.0000,LOSS,576.8500,-74.57
5603,576.8500,2291.6558,5.7685,1.0000,WIN,582.6185,-74.83
5604,582.6185,2291.6558,5.8262,1.0000,LOSS,576.7923,-74.58
5605,576.7923,2291.6558,5.7679,1.0000,WIN,582.5602,-74.83
5606,582.5602,2291.6558,5.8256,1.0000,WIN,588.3858,-74.58
5607,588.3858,2291.6558,5.8839,1.0000,LOSS,582.5020,-74.32
5608,582.5020,2291.6558,5.8250,1.0000,LOSS,576.6770,-74.58
5609,576.6770,2291.6558,5.7668,1.0000,WIN,582.4437,-74.84
5610,582.4437,2291.6558,5.8244,1.0000,LOSS,576.6193,-74.58
5611,576.6193,2291.6558,5.7662,1.0000,WIN,582.3855,-74.84
5612,582.3855,2291.6558,5.8239,1.0000,WIN,588.2093,-74.59
5613,588.2093,2291.6558,5.8821,1.0000,LOSS,582.3273,-74.33
5614,582.3273,2291.6558,5.8233,1.0000,WIN,588.1505,-74.59
5615,588.1505,2291.6558,5.8815,1.0000,WIN,594.0320,-74.34
5616,594.0320,2291.6558,5.9403,1.0000,LOSS,588.0917,-74.08
5617,588.0917,2291.6558,5.8809,1.0000,WIN,593.9726,-74.34
5618,593.9726,2291.6558,5.9397,1.0000,LOSS,588.0329,-74.08
5619,588.0329,2291.6558,5.8803,1.0000,WIN,593.9132,-74.34
5620,593.9132,2291.6558,5.9391,1.0000,WIN,599.8524,-74.08
5621,599.8524,2291.6558,5.9985,1.0000,WIN,605.8509,-73.82
5622,605.8509,2291.6558,6.0585,1.0000,LOSS,599.7924,-73.56
5623,599.7924,2291.6558,5.9979,1.0000,LOSS,593.7945,-73.83
5624,593.7945,2291.6558,5.9379,1.0000,WIN,599.7324,-74.09
5625,599.7324,2291.6558,5.9973,1.0000,WIN,605.7297,-73.83
5626,605.7297,2291.6558,6.0573,1.0000,WIN,611.7870,-73.57
5627,611.7870,2291.6558,6.1179,1.0000,LOSS,605.6691,-73.30
5628,605.6691,2291.6558,6.0567,1.0000,LOSS,599.6125,-73.57
5629,599.6125,2291.6558,5.9961,1.0000,WIN,605.6086,-73.83
5630,605.6086,2291.6558,6.0561,1.0000,LOSS,599.5525,-73.57
5631,599.5525,2291.6558,5.9955,1.0000,WIN,605.5480,-73.84
5632,605.5480,2291.6558,6.0555,1.0000,WIN,611.6035,-73.58
5633,611.6035,2291.6558,6.1160,1.0000,WIN,617.7195,-73.31
5634,617.7195,2291.6558,6.1772,1.0000,LOSS,611.5423,-73.04
5635,611.5423,2291.6558,6.1154,1.0000,WIN,617.6578,-73.31
5636,617.6578,2291.6558,6.1766,1.0000,WIN,623.8343,-73.05
5637,623.8343,2291.6558,6.2383,1.0000,WIN,630.0727,-72.78
5638,630.0727,2291.6558,6.3007,1.0000,LOSS,623.7720,-72.51
5639,623.7720,2291.6558,6.2377,1.0000,WIN,630.0097,-72.78
5640,630.0097,2291.6558,6.3001,1.0000,LOSS,623.7096,-72.51
5641,623.7096,2291.6558,6.2371,1.0000,WIN,629.9467,-72.78
5642,629.9467,2291.6558,6.2995,1.0000,LOSS,623.6472,-72.51
5643,623.6472,2291.6558,6.2365,1.0000,LOSS,617.4107,-72.79
5644,617.4107,2291.6558,6.1741,1.0000,WIN,623.5848,-73.06
5645,623.5848,2291.6558,6.2358,1.0000,WIN,629.8207,-72.79
5646,629.8207,2291.6558,6.2982,1.0000,LOSS,623.5225,-72.52
5647,623.5225,2291.6558,6.2352,1.0000,WIN,629.7577,-72.79
5648,629.7577,2291.6558,6.2976,1.0000,WIN,636.0553,-72.52
5649,636.0553,2291.6558,6.3606,1.0000,WIN,642.4158,-72.24
5650,642.4158,2291.6558,6.4242,1.0000,WIN,648.8400,-71.97
5651,648.8400,2291.6558,6.4884,1.0000,LOSS,642.3516,-71.69
5652,642.3516,2291.6558,6.4235,1.0000,LOSS,635.9281,-71.97
5653,635.9281,2291.6558,6.3593,1.0000,WIN,642.2874,-72.25
5654,642.2874,2291.6558,6.4229,1.0000,WIN,648.7102,-71.97
5655,648.7102,2291.6558,6.4871,1.0000,LOSS,642.2231,-71.69
5656,642.2231,2291.6558,6.4222,1.0000,WIN,648.6454,-71.98
5657,648.6454,2291.6558,6.4865,1.0000,LOSS,642.1589,-71.70
5658,642.1589,2291.6558,6.4216,1.0000,LOSS,635.7373,-71.98
5659,635.7373,2291.6558,6.3574,1.0000,LOSS,629.3799,-72.26
5660,629.3799,2291.6558,6.2938,1.0000,LOSS,623.0862,-72.54
5661,623.0862,2291.6558,6.2309,1.0000,LOSS,616.8553,-72.81
5662,616.8553,2291.6558,6.1686,1.0000,LOSS,610.6867,-73.08
5663,610.6867,2291.6558,6.1069,1.0000,LOSS,604.5799,-73.35
5664,604.5799,2291.6558,6.0458,1.0000,WIN,610.6257,-73.62
5665,610.6257,2291.6558,6.1063,1.0000,WIN,616.7319,-73.35
5666,616.7319,2291.6558,6.1673,1.0000,LOSS,610.5646,-73.09
5667,610.5646,2291.6558,6.1056,1.0000,LOSS,604.4590,-73.36
5668,604.4590,2291.6558,6.0446,1.0000,WIN,610.5035,-73.62
5669,610.5035,2291.6558,6.1050,1.0000,WIN,616.6086,-73.36
5670,616.6086,2291.6558,6.1661,1.0000,LOSS,610.4425,-73.09
5671,610.4425,2291.6558,6.1044,1.0000,LOSS,604.3381,-73.36
5672,604.3381,2291.6558,6.0434,1.0000,WIN,610.3815,-73.63
5673,610.3815,2291.6558,6.1038,1.0000,WIN,616.4853,-73.37
5674,616.4853,2291.6558,6.1649,1.0000,LOSS,610.3204,-73.10
5675,610.3204,2291.6558,6.1032,1.0000,LOSS,604.2172,-73.37
5676,604.2172,2291.6558,6.0422,1.0000,WIN,610.2594,-73.63
5677,610.2594,2291.6558,6.1026,1.0000,WIN,616.3620,-73.37
5678,616.3620,2291.6558,6.1636,1.0000,WIN,622.5256,-73.10
5679,622.5256,2291.6558,6.2253,1.0000,WIN,628.7509,-72.84
5680,628.7509,2291.6558,6.2875,1.0000,LOSS,622.4633,-72.56
5681,622.4633,2291.6558,6.2246,1.0000,WIN,628.6880,-72.84
5682,628.6880,2291.6558,6.2869,1.0000,LOSS,622.4011,-72.57
5683,622.4011,2291.6558,6.2240,1.0000,WIN,628.6251,-72.84
5684,628.6251,2291.6558,6.2863,1.0000,LOSS,622.3389,-72.57
5685,622.3389,2291.6558,6.2234,1.0000,WIN,628.5622,-72.84
5686,628.5622,2291.6558,6.2856,1.0000,LOSS,622.2766,-72.57
5687,622.2766,2291.6558,6.2228,1.0000,LOSS,616.0539,-72.85
5688,616.0539,2291.6558,6.1605,1.0000,WIN,622.2144,-73.12
5689,622.2144,2291.6558,6.2221,1.0000,WIN,628.4365,-72.85
5690,628.4365,2291.6558,6.2844,1.0000,WIN,634.7209,-72.58
5691,634.7209,2291.6558,6.3472,1.0000,WIN,641.0681,-72.30
5692,641.0681,2291.6558,6.4107,1.0000,LOSS,634.6574,-72.03
5693,634.6574,2291.6558,6.3466,1.0000,WIN,641.0040,-72.31
5694,641.0040,2291.6558,6.4100,1.0000,WIN,647.4140,-72.03
5695,647.4140,2291.6558,6.4741,1.0000,WIN,653.8882,-71.75
5696,653.8882,2291.6558,6.5389,1.0000,LOSS,647.3493,-71.47
5697,647.3493,2291.6558,6.4735,1.0000,LOSS,640.8758,-71.75
5698,640.8758,2291.6558,6.4088,1.0000,LOSS,634.4671,-72.03
5699,634.4671,2291.6558,6.3447,1.0000,LOSS,628.1224,-72.31
5700,628.1224,2291.6558,6.2812,1.0000,WIN,634.4036,-72.59
5701,634.4036,2291.6558,6.3440,1.0000,LOSS,628.0596,-72.32
5702,628.0596,2291.6558,6.2806,1.0000,LOSS,621.7790,-72.59
5703,621.7790,2291.6558,6.2178,1.0000,LOSS,615.5612,-72.87
5704,615.5612,2291.6558,6.1556,1.0000,WIN,621.7168,-73.14
5705,621.7168,2291.6558,6.2172,1.0000,LOSS,615.4996,-72.87
5706,615.4996,2291.6558,6.1550,1.0000,WIN,621.6546,-73.14
5707,621.6546,2291.6558,6.2165,1.0000,LOSS,615.4381,-72.87
5708,615.4381,2291.6558,6.1544,1.0000,WIN,621.5925,-73.14
5709,621.5925,2291.6558,6.2159,1.0000,LOSS,615.3765,-72.88
5710,615.3765,2291.6558,6.1538,1.0000,LOSS,609.2228,-73.15
5711,609.2228,2291.6558,6.0922,1.0000,LOSS,603.1305,-73.42
5712,603.1305,2291.6558,6.0313,1.0000,WIN,609.1618,-73.68
5713,609.1618,2291.6558,6.0916,1.0000,LOSS,603.0702,-73.42
5714,603.0702,2291.6558,6.0307,1.0000,LOSS,597.0395,-73.68
5715,597.0395,2291.6558,5.9704,1.0000,WIN,603.0099,-73.95
5716,603.0099,2291.6558,6.0301,1.0000,WIN,609.0400,-73.69
5717,609.0400,2291.6558,6.0904,1.0000,LOSS,602.9496,-73.42
5718,602.9496,2291.6558,6.0295,1.0000,LOSS,596.9201,-73.69
5719,596.9201,2291.6558,5.9692,1.0000,WIN,602.8893,-73.95
5720,602.8893,2291.6558,6.0289,1.0000,LOSS,596.8604,-73.69
5721,596.8604,2291.6558,5.9686,1.0000,LOSS,590.8918,-73.96
5722,590.8918,2291.6558,5.9089,1.0000,LOSS,584.9829,-74.22
5723,584.9829,2291.6558,5.8498,1.0000,LOSS,579.1331,-74.47
5724,579.1331,2291.6558,5.7913,1.0000,LOSS,573.3418,-74.73
5725,573.3418,2291.6558,5.7334,1.0000,LOSS,567.6083,-74.98
5726,567.6083,2291.6558,5.6761,1.0000,WIN,573.2844,-75.23
5727,573.2844,2291.6558,5.7328,1.0000,WIN,579.0173,-74.98
5728,579.0173,2291.6558,5.7902,1.0000,LOSS,573.2271,-74.73
5729,573.2271,2291.6558,5.7323,1.0000,WIN,578.9594,-74.99
5730,578.9594,2291.6558,5.7896,1.0000,LOSS,573.1698,-74.74
5731,573.1698,2291.6558,5.7317,1.0000,LOSS,567.4381,-74.99
5732,567.4381,2291.6558,5.6744,1.0000,WIN,573.1124,-75.24
5733,573.1124,2291.6558,5.7311,1.0000,LOSS,567.3813,-74.99
5734,567.3813,2291.6558,5.6738,1.0000,LOSS,561.7075,-75.24
5735,561.7075,2291.6558,5.6171,1.0000,LOSS,556.0904,-75.49
5736,556.0904,2291.6558,5.5609,1.0000,WIN,561.6513,-75.73
5737,561.6513,2291.6558,5.6165,1.0000,WIN,567.2679,-75.49
5738,567.2679,2291.6558,5.6727,1.0000,WIN,572.9405,-75.25
5739,572.9405,2291.6558,5.7294,1.0000,LOSS,567.2111,-75.00
5740,567.2111,2291.6558,5.6721,1.0000,WIN,572.8832,-75.25
5741,572.8832,2291.6558,5.7288,1.0000,LOSS,567.1544,-75.00
5742,567.1544,2291.6558,5.6715,1.0000,WIN,572.8260,-75.25
5743,572.8260,2291.6558,5.7283,1.0000,WIN,578.5542,-75.00
5744,578.5542,2291.6558,5.7855,1.0000,LOSS,572.7687,-74.75
5745,572.7687,2291.6558,5.7277,1.0000,LOSS,567.0410,-75.01
5746,567.0410,2291.6558,5.6704,1.0000,LOSS,561.3706,-75.26
5747,561.3706,2291.6558,5.6137,1.0000,WIN,566.9843,-75.50
5748,566.9843,2291.6558,5.6698,1.0000,LOSS,561.3144,-75.26
5749,561.3144,2291.6558,5.6131,1.0000,WIN,566.9276,-75.51
5750,566.9276,2291.6558,5.6693,1.0000,WIN,572.5969,-75.26
5751,572.5969,2291.6558,5.7260,1.0000,LOSS,566.8709,-75.01
5752,566.8709,2291.6558,5.6687,1.0000,LOSS,561.2022,-75.26
5753,561.2022,2291.6558,5.6120,1.0000,WIN,566.8142,-75.51
5754,566.8142,2291.6558,5.6681,1.0000,WIN,572.4823,-75.27
5755,572.4823,2291.6558,5.7248,1.0000,WIN,578.2072,-75.02
5756,578.2072,2291.6558,5.7821,1.0000,WIN,583.9892,-74.77
5757,583.9892,2291.6558,5.8399,1.0000,LOSS,578.1493,-74.52
5758,578.1493,2291.6558,5.7815,1.0000,WIN,583.9308,-74.77
5759,583.9308,2291.6558,5.8393,1.0000,WIN,589.7701,-74.52
5760,589.7701,2291.6558,5.8977,1.0000,LOSS,583.8724,-74.26
5761,583.8724,2291.6558,5.8387,1.0000,WIN,589.7112,-74.52
5762,589.7112,2291.6558,5.8971,1.0000,LOSS,583.8141,-74.27
5763,583.8141,2291.6558,5.8381,1.0000,LOSS,577.9759,-74.52
5764,577.9759,2291.6558,5.7798,1.0000,LOSS,572.1962,-74.78
5765,572.1962,2291.6558,5.7220,1.0000,LOSS,566.4742,-75.03
5766,566.4742,2291.6558,5.6647,1.0000,WIN,572.1389,-75.28
5767,572.1389,2291.6558,5.7214,1.0000,WIN,577.8603,-75.03
5768,577.8603,2291.6558,5.7786,1.0000,WIN,583.6389,-74.78
5769,583.6389,2291.6558,5.8364,1.0000,LOSS,577.8025,-74.53
5770,577.8025,2291.6558,5.7780,1.0000,LOSS,572.0245,-74.79
5771,572.0245,2291.6558,5.7202,1.0000,WIN,577.7448,-75.04
5772,577.7448,2291.6558,5.7774,1.0000,WIN,583.5222,-74.79
5773,583.5222,2291.6558,5.8352,1.0000,LOSS,577.6870,-74.54
5774,577.6870,2291.6558,5.7769,1.0000,LOSS,571.9101,-74.79
5775,571.9101,2291.6558,5.7191,1.0000,LOSS,566.1910,-75.04
5776,566.1910,2291.6558,5.6619,1.0000,WIN,571.8529,-75.29
5777,571.8529,2291.6558,5.7185,1.0000,WIN,577.5715,-75.05
5778,577.5715,2291.6558,5.7757,1.0000,LOSS,571.7957,-74.80
5779,571.7957,2291.6558,5.7180,1.0000,LOSS,566.0778,-75.05
5780,566.0778,2291.6558,5.6608,1.0000,LOSS,560.4170,-75.30
5781,560.4170,2291.6558,5.6042,1.0000,LOSS,554.8128,-75.55
5782,554.8128,2291.6558,5.5481,1.0000,LOSS,549.2647,-75.79
5783,549.2647,2291.6558,5.4926,1.0000,WIN,554.7574,-76.03
5784,554.7574,2291.6558,5.5476,1.0000,LOSS,549.2098,-75.79
5785,549.2098,2291.6558,5.4921,1.0000,WIN,554.7019,-76.03
5786,554.7019,2291.6558,5.5470,1.0000,LOSS,549.1549,-75.79
5787,549.1549,2291.6558,5.4915,1.0000,WIN,554.6464,-76.04
5788,554.6464,2291.6558,5.5465,1.0000,WIN,560.1929,-75.80
5789,560.1929,2291.6558,5.6019,1.0000,WIN,565.7948,-75.56
5790,565.7948,2291.6558,5.6579,1.0000,LOSS,560.1369,-75.31
5791,560.1369,2291.6558,5.6014,1.0000,LOSS,554.5355,-75.56
5792,554.5355,2291.6558,5.5454,1.0000,LOSS,548.9901,-75.80
5793,548.9901,2291.6558,5.4899,1.0000,WIN,554.4800,-76.04
5794,554.4800,2291.6558,5.5448,1.0000,LOSS,548.9352,-75.80
5795,548.9352,2291.6558,5.4894,1.0000,LOSS,543.4459,-76.05
5796,543.4459,2291.6558,5.4345,1.0000,WIN,548.8803,-76.29
5797,548.8803,2291.6558,5.4888,1.0000,LOSS,543.3915,-76.05
5798,543.3915,2291.6558,5.4339,1.0000,WIN,548.8254,-76.29
5799,548.8254,2291.6558,5.4883,1.0000,WIN,554.3137,-76.05
5800,554.3137,2291.6558,5.5431,1.0000,WIN,559.8568,-75.81
5801,559.8568,2291.6558,5.5986,1.0000,LOSS,554.2583,-75.57
5802,554.2583,2291.6558,5.5426,1.0000,WIN,559.8009,-75.81
5803,559.8009,2291.6558,5.5980,1.0000,WIN,565.3989,-75.57
5804,565.3989,2291.6558,5.6540,1.0000,WIN,571.0529,-75.33
5805,571.0529,2291.6558,5.7105,1.0000,WIN,576.7634,-75.08
5806,576.7634,2291.6558,5.7676,1.0000,LOSS,570.9957,-74.83
5807,570.9957,2291.6558,5.7100,1.0000,LOSS,565.2858,-75.08
5808,565.2858,2291.6558,5.6529,1.0000,LOSS,559.6329,-75.33
5809,559.6329,2291.6558,5.5963,1.0000,LOSS,554.0366,-75.58
5810,554.0366,2291.6558,5.5404,1.0000,WIN,559.5770,-75.82
5811,559.5770,2291.6558,5.5958,1.0000,WIN,565.1727,-75.58
5812,565.1727,2291.6558,5.6517,1.0000,LOSS,559.5210,-75.34
5813,559.5210,2291.6558,5.5952,1.0000,LOSS,553.9258,-75.58
5814,553.9258,2291.6558,5.5393,1.0000,WIN,559.4651,-75.83
5815,559.4651,2291.6558,5.5947,1.0000,LOSS,553.8704,-75.59
5816,553.8704,2291.6558,5.5387,1.0000,WIN,559.4091,-75.83
5817,559.4091,2291.6558,5.5941,1.0000,WIN,565.0032,-75.59
5818,565.0032,2291.6558,5.6500,1.0000,WIN,570.6532,-75.35
5819,570.6532,2291.6558,5.7065,1.0000,LOSS,564.9467,-75.10
5820,564.9467,2291.6558,5.6495,1.0000,WIN,570.5962,-75.35
5821,570.5962,2291.6558,5.7060,1.0000,WIN,576.3021,-75.10
5822,576.3021,2291.6558,5.7630,1.0000,LOSS,570.5391,-74.85
5823,570.5391,2291.6558,5.7054,1.0000,LOSS,564.8337,-75.10
5824,564.8337,2291.6558,5.6483,1.0000,LOSS,559.1854,-75.35
5825,559.1854,2291.6558,5.5919,1.0000,LOSS,553.5935,-75.60
5826,553.5935,2291.6558,5.5359,1.0000,LOSS,548.0576,-75.84
5827,548.0576,2291.6558,5.4806,1.0000,WIN,553.5382,-76.08
5828,553.5382,2291.6558,5.5354,1.0000,WIN,559.0735,-75.85
5829,559.0735,2291.6558,5.5907,1.0000,WIN,564.6643,-75.60
5830,564.6643,2291.6558,5.6466,1.0000,WIN,570.3109,-75.36
5831,570.3109,2291.6558,5.7031,1.0000,LOSS,564.6078,-75.11
5832,564.6078,2291.6558,5.6461,1.0000,WIN,570.2539,-75.36
5833,570.2539,2291.6558,5.7025,1.0000,WIN,575.9564,-75.12
5834,575.9564,2291.6558,5.7596,1.0000,LOSS,570.1969,-74.87
5835,570.1969,2291.6558,5.7020,1.0000,LOSS,564.4949,-75.12
5836,564.4949,2291.6558,5.6449,1.0000,LOSS,558.8500,-75.37
5837,558.8500,2291.6558,5.5885,1.0000,WIN,564.4385,-75.61
5838,564.4385,2291.6558,5.6444,1.0000,LOSS,558.7941,-75.37
5839,558.7941,2291.6558,5.5879,1.0000,LOSS,553.2061,-75.62
5840,553.2061,2291.6558,5.5321,1.0000,LOSS,547.6741,-75.86
5841,547.6741,2291.6558,5.4767,1.0000,LOSS,542.1973,-76.10
5842,542.1973,2291.6558,5.4220,1.0000,LOSS,536.7754,-76.34
5843,536.7754,2291.6558,5.3678,1.0000,WIN,542.1431,-76.58
5844,542.1431,2291.6558,5.4214,1.0000,LOSS,536.7217,-76.34
5845,536.7217,2291.6558,5.3672,1.0000,LOSS,531.3545,-76.58
5846,531.3545,2291.6558,5.3135,1.0000,WIN,536.6680,-76.81
5847,536.6680,2291.6558,5.3667,1.0000,LOSS,531.3013,-76.58
5848,531.3013,2291.6558,5.3130,1.0000,LOSS,525.9883,-76.82
5849,525.9883,2291.6558,5.2599,1.0000,WIN,531.2482,-77.05
5850,531.2482,2291.6558,5.3125,1.0000,LOSS,525.9357,-76.82
5851,525.9357,2291.6558,5.2594,1.0000,WIN,531.1951,-77.05
5852,531.1951,2291.6558,5.3120,1.0000,WIN,536.5070,-76.82
5853,536.5070,2291.6558,5.3651,1.0000,WIN,541.8721,-76.59
5854,541.8721,2291.6558,5.4187,1.0000,WIN,547.2908,-76.35
5855,547.2908,2291.6558,5.4729,1.0000,WIN,552.7637,-76.12
5856,552.7637,2291.6558,5.5276,1.0000,WIN,558.2914,-75.88
5857,558.2914,2291.6558,5.5829,1.0000,LOSS,552.7084,-75.64
5858,552.7084,2291.6558,5.5271,1.0000,WIN,558.2355,-75.88
5859,558.2355,2291.6558,5.5824,1.0000,WIN,563.8179,-75.64
5860,563.8179,2291.6558,5.6382,1.0000,LOSS,558.1797,-75.40
5861,558.1797,2291.6558,5.5818,1.0000,LOSS,552.5979,-75.64
5862,552.5979,2291.6558,5.5260,1.0000,WIN,558.1239,-75.89
5863,558.1239,2291.6558,5.5812,1.0000,LOSS,552.5426,-75.65
5864,552.5426,2291.6558,5.5254,1.0000,LOSS,547.0172,-75.89
5865,547.0172,2291.6558,5.4702,1.0000,LOSS,541.5470,-76.13
5866,541.5470,2291.6558,5.4155,1.0000,LOSS,536.1316,-76.37
5867,536.1316,2291.6558,5.3613,1.0000,LOSS,530.7703,-76.61
5868,530.7703,2291.6558,5.3077,1.0000,WIN,536.0780,-76.84
5869,536.0780,2291.6558,5.3608,1.0000,WIN,541.4387,-76.61
5870,541.4387,2291.6558,5.4144,1.0000,LOSS,536.0244,-76.37
5871,536.0244,2291.6558,5.3602,1.0000,LOSS,530.6641,-76.61
5872,530.6641,2291.6558,5.3066,1.0000,LOSS,525.3575,-76.84
5873,525.3575,2291.6558,5.2536,1.0000,LOSS,520.1039,-77.08
5874,520.1039,2291.6558,5.2010,1.0000,LOSS,514.9029,-77.30
5875,514.9029,2291.6558,5.1490,1.0000,LOSS,509.7538,-77.53
5876,509.7538,2291.6558,5.0975,1.0000,WIN,514.8514,-77.76
5877,514.8514,2291.6558,5.1485,1.0000,LOSS,509.7029,-77.53
5878,509.7029,2291.6558,5.0970,1.0000,LOSS,504.6058,-77.76
5879,504.6058,2291.6558,5.0461,1.0000,WIN,509.6519,-77.98
5880,509.6519,2291.6558,5.0965,1.0000,LOSS,504.5554,-77.76
5881,504.5554,2291.6558,5.0456,1.0000,LOSS,499.5098,-77.98
5882,499.5098,2291.6558,4.9951,1.0000,LOSS,494.5147,-78.20
5883,494.5147,2291.6558,4.9451,1.0000,WIN,499.4599,-78.42
5884,499.4599,2291.6558,4.9946,1.0000,LOSS,494.4653,-78.21
5885,494.4653,2291.6558,4.9447,1.0000,LOSS,489.5206,-78.42
5886,489.5206,2291.6558,4.8952,1.0000,LOSS,484.6254,-78.64
5887,484.6254,2291.6558,4.8463,1.0000,WIN,489.4717,-78.85
5888,489.4717,2291.6558,4.8947,1.0000,LOSS,484.5769,-78.64
5889,484.5769,2291.6558,4.8458,1.0000,WIN,489.4227,-78.85
5890,489.4227,2291.6558,4.8942,1.0000,WIN,494.3169,-78.64
5891,494.3169,2291.6558,4.9432,1.0000,LOSS,489.3738,-78.43
5892,489.3738,2291.6558,4.8937,1.0000,LOSS,484.4800,-78.65
5893,484.4800,2291.6558,4.8448,1.0000,WIN,489.3248,-78.86
5894,489.3248,2291.6558,4.8932,1.0000,WIN,494.2181,-78.65
5895,494.2181,2291.6558,4.9422,1.0000,LOSS,489.2759,-78.43
5896,489.2759,2291.6558,4.8928,1.0000,WIN,494.1687,-78.65
5897,494.1687,2291.6558,4.9417,1.0000,WIN,499.1103,-78.44
5898,499.1103,2291.6558,4.9911,1.0000,LOSS,494.1192,-78.22
5899,494.1192,2291.6558,4.9412,1.0000,WIN,499.0604,-78.44
5900,499.0604,2291.6558,4.9906,1.0000,WIN,504.0510,-78.22
5901,504.0510,2291.6558,5.0405,1.0000,WIN,509.0915,-78.00
5902,509.0915,2291.6558,5.0909,1.0000,LOSS,504.0006,-77.78
5903,504.0006,2291.6558,5.0400,1.0000,WIN,509.0406,-78.01
5904,509.0406,2291.6558,5.0904,1.0000,WIN,514.1310,-77.79
5905,514.1310,2291.6558,5.1413,1.0000,LOSS,508.9897,-77.57
5906,508.9897,2291.6558,5.0899,1.0000,WIN,514.0796,-77.79
5907,514.0796,2291.6558,5.1408,1.0000,WIN,519.2204,-77.57
5908,519.2204,2291.6558,5.1922,1.0000,WIN,524.4126,-77.34
5909,524.4126,2291.6558,5.2441,1.0000,LOSS,519.1685,-77.12
5910,519.1685,2291.6558,5.1917,1.0000,WIN,524.3602,-77.35
5911,524.3602,2291.6558,5.2436,1.0000,WIN,529.6038,-77.12
5912,529.6038,2291.6558,5.2960,1.0000,LOSS,524.3078,-76.89
5913,524.3078,2291.6558,5.2431,1.0000,WIN,529.5508,-77.12
5914,529.5508,2291.6558,5.2955,1.0000,LOSS,524.2553,-76.89
5915,524.2553,2291.6558,5.2426,1.0000,LOSS,519.0128,-77.12
5916,519.0128,2291.6558,5.1901,1.0000,LOSS,513.8226,-77.35
5917,513.8226,2291.6558,5.1382,1.0000,WIN,518.9609,-77.58
5918,518.9609,2291.6558,5.1896,1.0000,LOSS,513.7713,-77.35
5919,513.7713,2291.6558,5.1377,1.0000,WIN,518.9090,-77.58
5920,518.9090,2291.6558,5.1891,1.0000,WIN,524.0981,-77.36
5921,524.0981,2291.6558,5.2410,1.0000,LOSS,518.8571,-77.13
5922,518.8571,2291.6558,5.1886,1.0000,LOSS,513.6685,-77.36
5923,513.6685,2291.6558,5.1367,1.0000,WIN,518.8052,-77.59
5924,518.8052,2291.6558,5.1881,1.0000,LOSS,513.6171,-77.36
5925,513.6171,2291.6558,5.1362,1.0000,LOSS,508.4810,-77.59
5926,508.4810,2291.6558,5.0848,1.0000,LOSS,503.3962,-77.81
5927,503.3962,2291.6558,5.0340,1.0000,LOSS,498.3622,-78.03
5928,498.3622,2291.6558,4.9836,1.0000,WIN,503.3458,-78.25
5929,503.3458,2291.6558,5.0335,1.0000,WIN,508.3793,-78.04
5930,508.3793,2291.6558,5.0838,1.0000,WIN,513.4631,-77.82
5931,513.4631,2291.6558,5.1346,1.0000,WIN,518.5977,-77.59
5932,518.5977,2291.6558,5.1860,1.0000,LOSS,513.4117,-77.37
5933,513.4117,2291.6558,5.1341,1.0000,LOSS,508.2776,-77.60
5934,508.2776,2291.6558,5.0828,1.0000,WIN,513.3604,-77.82
5935,513.3604,2291.6558,5.1336,1.0000,WIN,518.4940,-77.60
5936,518.4940,2291.6558,5.1849,1.0000,WIN,523.6789,-77.37
5937,523.6789,2291.6558,5.2368,1.0000,WIN,528.9157,-77.15
5938,528.9157,2291.6558,5.2892,1.0000,LOSS,523.6266,-76.92
5939,523.6266,2291.6558,5.2363,1.0000,WIN,528.8628,-77.15
5940,528.8628,2291.6558,5.2886,1.0000,LOSS,523.5742,-76.92
5941,523.5742,2291.6558,5.2357,1.0000,LOSS,518.3385,-77.15
5942,518.3385,2291.6558,5.1834,1.0000,LOSS,513.1551,-77.38
5943,513.1551,2291.6558,5.1316,1.0000,LOSS,508.0235,-77.61
5944,508.0235,2291.6558,5.0802,1.0000,LOSS,502.9433,-77.83
5945,502.9433,2291.6558,5.0294,1.0000,WIN,507.9727,-78.05
5946,507.9727,2291.6558,5.0797,1.0000,LOSS,502.8930,-77.83
5947,502.8930,2291.6558,5.0289,1.0000,LOSS,497.8641,-78.06
5948,497.8641,2291.6558,4.9786,1.0000,WIN,502.8427,-78.27
5949,502.8427,2291.6558,5.0284,1.0000,WIN,507.8711,-78.06
5950,507.8711,2291.6558,5.0787,1.0000,LOSS,502.7924,-77.84
5951,502.7924,2291.6558,5.0279,1.0000,LOSS,497.7645,-78.06
5952,497.7645,2291.6558,4.9776,1.0000,WIN,502.7421,-78.28
5953,502.7421,2291.6558,5.0274,1.0000,WIN,507.7696,-78.06
5954,507.7696,2291.6558,5.0777,1.0000,WIN,512.8473,-77.84
5955,512.8473,2291.6558,5.1285,1.0000,WIN,517.9757,-77.62
5956,517.9757,2291.6558,5.1798,1.0000,WIN,523.1555,-77.40
5957,523.1555,2291.6558,5.2316,1.0000,LOSS,517.9239,-77.17
5958,517.9239,2291.6558,5.1792,1.0000,WIN,523.1032,-77.40
5959,523.1032,2291.6558,5.2310,1.0000,LOSS,517.8721,-77.17
5960,517.8721,2291.6558,5.1787,1.0000,LOSS,512.6934,-77.40
5961,512.6934,2291.6558,5.1269,1.0000,LOSS,507.5665,-77.63
5962,507.5665,2291.6558,5.0757,1.0000,WIN,512.6421,-77.85
5963,512.6421,2291.6558,5.1264,1.0000,WIN,517.7686,-77.63
5964,517.7686,2291.6558,5.1777,1.0000,WIN,522.9463,-77.41
5965,522.9463,2291.6558,5.2295,1.0000,LOSS,517.7168,-77.18
5966,517.7168,2291.6558,5.1772,1.0000,LOSS,512.5396,-77.41
5967,512.5396,2291.6558,5.1254,1.0000,LOSS,507.4142,-77.63
5968,507.4142,2291.6558,5.0741,1.0000,WIN,512.4884,-77.86
5969,512.4884,2291.6558,5.1249,1.0000,WIN,517.6133,-77.64
5970,517.6133,2291.6558,5.1761,1.0000,LOSS,512.4371,-77.41
5971,512.4371,2291.6558,5.1244,1.0000,LOSS,507.3128,-77.64
5972,507.3128,2291.6558,5.0731,1.0000,WIN,512.3859,-77.86
5973,512.3859,2291.6558,5.1239,1.0000,WIN,517.5097,-77.64
5974,517.5097,2291.6558,5.1751,1.0000,LOSS,512.3346,-77.42
5975,512.3346,2291.6558,5.1233,1.0000,LOSS,507.2113,-77.64
5976,507.2113,2291.6558,5.0721,1.0000,LOSS,502.1392,-77.87
5977,502.1392,2291.6558,5.0214,1.0000,LOSS,497.1178,-78.09
5978,497.1178,2291.6558,4.9712,1.0000,LOSS,492.1466,-78.31
5979,492.1466,2291.6558,4.9215,1.0000,LOSS,487.2251,-78.52
5980,487.2251,2291.6558,4.8723,1.0000,LOSS,482.3529,-78.74
5981,482.3529,2291.6558,4.8235,1.0000,WIN,487.1764,-78.95
5982,487.1764,2291.6558,4.8718,1.0000,WIN,492.0482,-78.74
5983,492.0482,2291.6558,4.9205,1.0000,LOSS,487.1277,-78.53
5984,487.1277,2291.6558,4.8713,1.0000,WIN,491.9990,-78.74
5985,491.9990,2291.6558,4.9200,1.0000,LOSS,487.0790,-78.53
5986,487.0790,2291.6558,4.8708,1.0000,LOSS,482.2082,-78.75
5987,482.2082,2291.6558,4.8221,1.0000,WIN,487.0303,-78.96
5988,487.0303,2291.6558,4.8703,1.0000,LOSS,482.1600,-78.75
5989,482.1600,2291.6558,4.8216,1.0000,WIN,486.9816,-78.96
5990,486.9816,2291.6558,4.8698,1.0000,LOSS,482.1118,-78.75
5991,482.1118,2291.6558,4.8211,1.0000,LOSS,477.2906,-78.96
5992,477.2906,2291.6558,4.7729,1.0000,WIN,482.0636,-79.17
5993,482.0636,2291.6558,4.8206,1.0000,LOSS,477.2429,-78.96
5994,477.2429,2291.6558,4.7724,1.0000,LOSS,472.4705,-79.17
5995,472.4705,2291.6558,4.7247,1.0000,WIN,477.1952,-79.38
5996,477.1952,2291.6558,4.7720,1.0000,LOSS,472.4232,-79.18
5997,472.4232,2291.6558,4.7242,1.0000,WIN,477.1475,-79.39
5998,477.1475,2291.6558,4.7715,1.0000,LOSS,472.3760,-79.18
5999,472.3760,2291.6558,4.7238,1.0000,WIN,477.0998,-79.39
6000,477.0998,2291.6558,4.7710,1.0000,WIN,481.8708,-79.18
6001,481.8708,2291.6558,4.8187,1.0000,WIN,486.6895,-78.97
6002,486.6895,2291.6558,4.8669,1.0000,LOSS,481.8226,-78.76
6003,481.8226,2291.6558,4.8182,1.0000,LOSS,477.0043,-78.97
6004,477.0043,2291.6558,4.7700,1.0000,WIN,481.7744,-79.19
6005,481.7744,2291.6558,4.8177,1.0000,LOSS,476.9566,-78.98
6006,476.9566,2291.6558,4.7696,1.0000,LOSS,472.1871,-79.19
6007,472.1871,2291.6558,4.7219,1.0000,WIN,476.9089,-79.40
6008,476.9089,2291.6558,4.7691,1.0000,LOSS,472.1399,-79.19
6009,472.1399,2291.6558,4.7214,1.0000,WIN,476.8613,-79.40
6010,476.8613,2291.6558,4.7686,1.0000,LOSS,472.0926,-79.19
6011,472.0926,2291.6558,4.7209,1.0000,WIN,476.8136,-79.40
6012,476.8136,2291.6558,4.7681,1.0000,WIN,481.5817,-79.19
6013,481.5817,2291.6558,4.8158,1.0000,WIN,486.3975,-78.99
6014,486.3975,2291.6558,4.8640,1.0000,WIN,491.2615,-78.78
6015,491.2615,2291.6558,4.9126,1.0000,LOSS,486.3489,-78.56
6016,486.3489,2291.6558,4.8635,1.0000,WIN,491.2124,-78.78
6017,491.2124,2291.6558,4.9121,1.0000,LOSS,486.3003,-78.57
6018,486.3003,2291.6558,4.8630,1.0000,LOSS,481.4372,-78.78
6019,481.4372,2291.6558,4.8144,1.0000,LOSS,476.6229,-78.99
6020,476.6229,2291.6558,4.7662,1.0000,LOSS,471.8566,-79.20
6021,471.8566,2291.6558,4.7186,1.0000,WIN,476.5752,-79.41
6022,476.5752,2291.6558,4.7658,1.0000,WIN,481.3410,-79.20
6023,481.3410,2291.6558,4.8134,1.0000,WIN,486.1544,-79.00
6024,486.1544,2291.6558,4.8615,1.0000,LOSS,481.2928,-78.79
6025,481.2928,2291.6558,4.8129,1.0000,LOSS,476.4799,-79.00
6026,476.4799,2291.6558,4.7648,1.0000,LOSS,471.7151,-79.21
6027,471.7151,2291.6558,4.7172,1.0000,LOSS,466.9980,-79.42
6028,466.9980,2291.6558,4.6700,1.0000,WIN,471.6679,-79.62
6029,471.6679,2291.6558,4.7167,1.0000,LOSS,466.9513,-79.42
6030,466.9513,2291.6558,4.6695,1.0000,LOSS,462.2817,-79.62
6031,462.2817,2291.6558,4.6228,1.0000,LOSS,457.6589,-79.83
6032,457.6589,2291.6558,4.5766,1.0000,LOSS,453.0823,-80.03
6033,453.0823,2291.6558,4.5308,1.0000,LOSS,448.5515,-80.23
6034,448.5515,2291.6558,4.4855,1.0000,WIN,453.0370,-80.43
6035,453.0370,2291.6558,4.5304,1.0000,WIN,457.5674,-80.23
6036,457.5674,2291.6558,4.5757,1.0000,LOSS,452.9917,-80.03
6037,452.9917,2291.6558,4.5299,1.0000,LOSS,448.4618,-80.23
6038,448.4618,2291.6558,4.4846,1.0000,LOSS,443.9772,-80.43
6039,443.9772,2291.6558,4.4398,1.0000,LOSS,439.5374,-80.63
6040,439.5374,2291.6558,4.3954,1.0000,LOSS,435.1420,-80.82
6041,435.1420,2291.6558,4.3514,1.0000,WIN,439.4935,-81.01
6042,439.4935,2291.6558,4.3949,1.0000,WIN,443.8884,-80.82
6043,443.8884,2291.6558,4.4389,1.0000,WIN,448.3273,-80.63
6044,448.3273,2291.6558,4.4833,1.0000,WIN,452.8106,-80.44
6045,452.8106,2291.6558,4.5281,1.0000,LOSS,448.2824,-80.24
6046,448.2824,2291.6558,4.4828,1.0000,LOSS,443.7996,-80.44
6047,443.7996,2291.6558,4.4380,1.0000,LOSS,439.3616,-80.63
6048,439.3616,2291.6558,4.3936,1.0000,LOSS,434.9680,-80.83
6049,434.9680,2291.6558,4.3497,1.0000,LOSS,430.6183,-81.02
6050,430.6183,2291.6558,4.3062,1.0000,LOSS,426.3121,-81.21
6051,426.3121,2291.6558,4.2631,1.0000,LOSS,422.0490,-81.40
6052,422.0490,2291.6558,4.2205,1.0000,LOSS,417.8285,-81.58
6053,417.8285,2291.6558,4.1783,1.0000,LOSS,413.6502,-81.77
6054,413.6502,2291.6558,4.1365,1.0000,WIN,417.7868,-81.95
6055,417.7868,2291.6558,4.1779,1.0000,LOSS,413.6089,-81.77
6056,413.6089,2291.6558,4.1361,1.0000,WIN,417.7450,-81.95
6057,417.7450,2291.6558,4.1774,1.0000,LOSS,413.5675,-81.77
6058,413.5675,2291.6558,4.1357,1.0000,LOSS,409.4318,-81.95
6059,409.4318,2291.6558,4.0943,1.0000,WIN,413.5262,-82.13
6060,413.5262,2291.6558,4.1353,1.0000,WIN,417.6614,-81.96
6061,417.6614,2291.6558,4.1766,1.0000,LOSS,413.4848,-81.77
6062,413.4848,2291.6558,4.1348,1.0000,LOSS,409.3500,-81.96
6063,409.3500,2291.6558,4.0935,1.0000,WIN,413.4435,-82.14
6064,413.4435,2291.6558,4.1344,1.0000,WIN,417.5779,-81.96
6065,417.5779,2291.6558,4.1758,1.0000,WIN,421.7537,-81.78
6066,421.7537,2291.6558,4.2175,1.0000,WIN,425.9712,-81.60
6067,425.9712,2291.6558,4.2597,1.0000,WIN,430.2309,-81.41
6068,430.2309,2291.6558,4.3023,1.0000,WIN,434.5332,-81.23
6069,434.5332,2291.6558,4.3453,1.0000,WIN,438.8786,-81.04
6070,438.8786,2291.6558,4.3888,1.0000,LOSS,434.4898,-80.85
6071,434.4898,2291.6558,4.3449,1.0000,WIN,438.8347,-81.04
6072,438.8347,2291.6558,4.3883,1.0000,LOSS,434.4463,-80.85
6073,434.4463,2291.6558,4.3445,1.0000,LOSS,430.1019,-81.04
6074,430.1019,2291.6558,4.3010,1.0000,WIN,434.4029,-81.23
6075,434.4029,2291.6558,4.3440,1.0000,WIN,438.7469,-81.04
6076,438.7469,2291.6558,4.3875,1.0000,LOSS,434.3595,-80.85
6077,434.3595,2291.6558,4.3436,1.0000,WIN,438.7030,-81.05
6078,438.7030,2291.6558,4.3870,1.0000,WIN,443.0901,-80.86
6079,443.0901,2291.6558,4.4309,1.0000,WIN,447.5210,-80.67
6080,447.5210,2291.6558,4.4752,1.0000,WIN,451.9962,-80.47
6081,451.9962,2291.6558,4.5200,1.0000,LOSS,447.4762,-80.28
6082,447.4762,2291.6558,4.4748,1.0000,LOSS,443.0015,-80.47
6083,443.0015,2291.6558,4.4300,1.0000,LOSS,438.5714,-80.67
6084,438.5714,2291.6558,4.3857,1.0000,WIN,442.9572,-80.86
6085,442.9572,2291.6558,4.4296,1.0000,WIN,447.3867,-80.67
6086,447.3867,2291.6558,4.4739,1.0000,LOSS,442.9129,-80.48
6087,442.9129,2291.6558,4.4291,1.0000,WIN,447.3420,-80.67
6088,447.3420,2291.6558,4.4734,1.0000,LOSS,442.8686,-80.48
6089,442.8686,2291.6558,4.4287,1.0000,LOSS,438.4399,-80.67
6090,438.4399,2291.6558,4.3844,1.0000,WIN,442.8243,-80.87
6091,442.8243,2291.6558,4.4282,1.0000,WIN,447.2525,-80.68
6092,447.2525,2291.6558,4.4725,1.0000,LOSS,442.7800,-80.48
6093,442.7800,2291.6558,4.4278,1.0000,WIN,447.2078,-80.68
6094,447.2078,2291.6558,4.4721,1.0000,WIN,451.6799,-80.49
6095,451.6799,2291.6558,4.5168,1.0000,WIN,456.1967,-80.29
6096,456.1967,2291.6558,4.5620,1.0000,WIN,460.7586,-80.09
6097,460.7586,2291.6558,4.6076,1.0000,WIN,465.3662,-79.89
6098,465.3662,2291.6558,4.6537,1.0000,LOSS,460.7126,-79.69
6099,460.7126,2291.6558,4.6071,1.0000,LOSS,456.1054,-79.90
6100,456.1054,2291.6558,4.5611,1.0000,LOSS,451.5444,-80.10
6101,451.5444,2291.6558,4.5154,1.0000,WIN,456.0598,-80.30
6102,456.0598,2291.6558,4.5606,1.0000,WIN,460.6204,-80.10
6103,460.6204,2291.6558,4.6062,1.0000,LOSS,456.0142,-79.90
6104,456.0142,2291.6558,4.5601,1.0000,WIN,460.5744,-80.10
6105,460.5744,2291.6558,4.6057,1.0000,LOSS,455.9686,-79.90
6106,455.9686,2291.6558,4.5597,1.0000,WIN,460.5283,-80.10
6107,460.5283,2291.6558,4.6053,1.0000,LOSS,455.9230,-79.90
6108,455.9230,2291.6558,4.5592,1.0000,LOSS,451.3638,-80.11
6109,451.3638,2291.6558,4.5136,1.0000,WIN,455.8774,-80.30
6110,455.8774,2291.6558,4.5588,1.0000,WIN,460.4362,-80.11
6111,460.4362,2291.6558,4.6044,1.0000,LOSS,455.8319,-79.91
6112,455.8319,2291.6558,4.5583,1.0000,LOSS,451.2735,-80.11
6113,451.2735,2291.6558,4.5127,1.0000,LOSS,446.7608,-80.31
6114,446.7608,2291.6558,4.4676,1.0000,WIN,451.2284,-80.50
6115,451.2284,2291.6558,4.5123,1.0000,WIN,455.7407,-80.31
6116,455.7407,2291.6558,4.5574,1.0000,LOSS,451.1833,-80.11
6117,451.1833,2291.6558,4.5118,1.0000,LOSS,446.6715,-80.31
6118,446.6715,2291.6558,4.4667,1.0000,LOSS,442.2047,-80.51
6119,442.2047,2291.6558,4.4220,1.0000,LOSS,437.7827,-80.70
6120,437.7827,2291.6558,4.3778,1.0000,WIN,442.1605,-80.90
6121,442.1605,2291.6558,4.4216,1.0000,WIN,446.5821,-80.71
6122,446.5821,2291.6558,4.4658,1.0000,LOSS,442.1163,-80.51
6123,442.1163,2291.6558,4.4212,1.0000,LOSS,437.6951,-80.71
6124,437.6951,2291.6558,4.3770,1.0000,LOSS,433.3182,-80.90
6125,433.3182,2291.6558,4.3332,1.0000,LOSS,428.9850,-81.09
6126,428.9850,2291.6558,4.2899,1.0000,LOSS,424.6952,-81.28
6127,424.6952,2291.6558,4.2470,1.0000,WIN,428.9421,-81.47
6128,428.9421,2291.6558,4.2894,1.0000,LOSS,424.6527,-81.28
6129,424.6527,2291.6558,4.2465,1.0000,WIN,428.8992,-81.47
6130,428.8992,2291.6558,4.2890,1.0000,WIN,433.1882,-81.28
6131,433.1882,2291.6558,4.3319,1.0000,LOSS,428.8563,-81.10
6132,428.8563,2291.6558,4.2886,1.0000,WIN,433.1449,-81.29
6133,433.1449,2291.6558,4.3314,1.0000,WIN,437.4763,-81.10
6134,437.4763,2291.6558,4.3748,1.0000,WIN,441.8511,-80.91
6135,441.8511,2291.6558,4.4185,1.0000,LOSS,437.4326,-80.72
6136,437.4326,2291.6558,4.3743,1.0000,LOSS,433.0583,-80.91
6137,433.0583,2291.6558,4.3306,1.0000,WIN,437.3888,-81.10
6138,437.3888,2291.6558,4.3739,1.0000,WIN,441.7627,-80.91
6139,441.7627,2291.6558,4.4176,1.0000,LOSS,437.3451,-80.72
6140,437.3451,2291.6558,4.3735,1.0000,WIN,441.7186,-80.92
6141,441.7186,2291.6558,4.4172,1.0000,WIN,446.1357,-80.72
6142,446.1357,2291.6558,4.4614,1.0000,WIN,450.5971,-80.53
6143,450.5971,2291.6558,4.5060,1.0000,LOSS,446.0911,-80.34
6144,446.0911,2291.6558,4.4609,1.0000,WIN,450.5520,-80.53
6145,450.5520,2291.6558,4.5055,1.0000,WIN,455.0576,-80.34
6146,455.0576,2291.6558,4.5506,1.0000,LOSS,450.5070,-80.14
6147,450.5070,2291.6558,4.5051,1.0000,LOSS,446.0019,-80.34
6148,446.0019,2291.6558,4.4600,1.0000,LOSS,441.5419,-80.54
6149,441.5419,2291.6558,4.4154,1.0000,WIN,445.9573,-80.73
6150,445.9573,2291.6558,4.4596,1.0000,LOSS,441.4977,-80.54
6151,441.4977,2291.6558,4.4150,1.0000,WIN,445.9127,-80.73
6152,445.9127,2291.6558,4.4591,1.0000,WIN,450.3718,-80.54
6153,450.3718,2291.6558,4.5037,1.0000,LOSS,445.8681,-80.35
6154,445.8681,2291.6558,4.4587,1.0000,WIN,450.3268,-80.54
6155,450.3268,2291.6558,4.5033,1.0000,LOSS,445.8235,-80.35
6156,445.8235,2291.6558,4.4582,1.0000,WIN,450.2818,-80.55
6157,450.2818,2291.6558,4.5028,1.0000,WIN,454.7846,-80.35
6158,454.7846,2291.6558,4.5478,1.0000,WIN,459.3324,-80.15
6159,459.3324,2291.6558,4.5933,1.0000,LOSS,454.7391,-79.96
6160,454.7391,2291.6558,4.5474,1.0000,LOSS,450.1917,-80.16
6161,450.1917,2291.6558,4.5019,1.0000,WIN,454.6936,-80.36
6162,454.6936,2291.6558,4.5469,1.0000,WIN,459.2406,-80.16
6163,459.2406,2291.6558,4.5924,1.0000,LOSS,454.6482,-79.96
6164,454.6482,2291.6558,4.5465,1.0000,WIN,459.1947,-80.16
6165,459.1947,2291.6558,4.5919,1.0000,WIN,463.7866,-79.96
6166,463.7866,2291.6558,4.6379,1.0000,WIN,468.4245,-79.76
6167,468.4245,2291.6558,4.6842,1.0000,WIN,473.1087,-79.56
6168,473.1087,2291.6558,4.7311,1.0000,WIN,477.8398,-79.36
6169,477.8398,2291.6558,4.7784,1.0000,LOSS,473.0614,-79.15
6170,473.0614,2291.6558,4.7306,1.0000,LOSS,468.3308,-79.36
6171,468.3308,2291.6558,4.6833,1.0000,LOSS,463.6475,-79.56
6172,463.6475,2291.6558,4.6365,1.0000,WIN,468.2840,-79.77
6173,468.2840,2291.6558,4.6828,1.0000,LOSS,463.6011,-79.57
6174,463.6011,2291.6558,4.6360,1.0000,WIN,468.2371,-79.77
6175,468.2371,2291.6558,4.6824,1.0000,LOSS,463.5548,-79.57
6176,463.5548,2291.6558,4.6355,1.0000,WIN,468.1903,-79.77
6177,468.1903,2291.6558,4.6819,1.0000,LOSS,463.5084,-79.57
6178,463.5084,2291.6558,4.6351,1.0000,WIN,468.1435,-79.77
6179,468.1435,2291.6558,4.6814,1.0000,WIN,472.8249,-79.57
6180,472.8249,2291.6558,4.7282,1.0000,WIN,477.5532,-79.37
6181,477.5532,2291.6558,4.7755,1.0000,WIN,482.3287,-79.16
6182,482.3287,2291.6558,4.8233,1.0000,LOSS,477.5054,-78.95
6183,477.5054,2291.6558,4.7751,1.0000,LOSS,472.7304,-79.16
6184,472.7304,2291.6558,4.7273,1.0000,LOSS,468.0031,-79.37
6185,468.0031,2291.6558,4.6800,1.0000,WIN,472.6831,-79.58
6186,472.6831,2291.6558,4.7268,1.0000,WIN,477.4099,-79.37
6187,477.4099,2291.6558,4.7741,1.0000,WIN,482.1840,-79.17
6188,482.1840,2291.6558,4.8218,1.0000,LOSS,477.3622,-78.96
6189,477.3622,2291.6558,4.7736,1.0000,WIN,482.1358,-79.17
6190,482.1358,2291.6558,4.8214,1.0000,LOSS,477.3144,-78.96
6191,477.3144,2291.6558,4.7731,1.0000,LOSS,472.5413,-79.17
6192,472.5413,2291.6558,4.7254,1.0000,LOSS,467.8159,-79.38
6193,467.8159,2291.6558,4.6782,1.0000,LOSS,463.1377,-79.59
6194,463.1377,2291.6558,4.6314,1.0000,WIN,467.7691,-79.79
6195,467.7691,2291.6558,4.6777,1.0000,WIN,472.4468,-79.59
6196,472.4468,2291.6558,4.7245,1.0000,WIN,477.1713,-79.38
6197,477.1713,2291.6558,4.7717,1.0000,LOSS,472.3995,-79.18
6198,472.3995,2291.6558,4.7240,1.0000,LOSS,467.6755,-79.39
6199,467.6755,2291.6558,4.6768,1.0000,WIN,472.3523,-79.59
6200,472.3523,2291.6558,4.7235,1.0000,LOSS,467.6288,-79.39
6201,467.6288,2291.6558,4.6763,1.0000,LOSS,462.9525,-79.59
6202,462.9525,2291.6558,4.6295,1.0000,LOSS,458.3230,-79.80
6203,458.3230,2291.6558,4.5832,1.0000,LOSS,453.7397,-80.00
6204,453.7397,2291.6558,4.5374,1.0000,WIN,458.2771,-80.20
6205,458.2771,2291.6558,4.5828,1.0000,WIN,462.8599,-80.00
6206,462.8599,2291.6558,4.6286,1.0000,LOSS,458.2313,-79.80
6207,458.2313,2291.6558,4.5823,1.0000,WIN,462.8136,-80.00
6208,462.8136,2291.6558,4.6281,1.0000,WIN,467.4418,-79.80
6209,467.4418,2291.6558,4.6744,1.0000,LOSS,462.7673,-79.60
6210,462.7673,2291.6558,4.6277,1.0000,WIN,467.3950,-79.81
6211,467.3950,2291.6558,4.6740,1.0000,LOSS,462.7211,-79.60
6212,462.7211,2291.6558,4.6272,1.0000,WIN,467.3483,-79.81
6213,467.3483,2291.6558,4.6735,1.0000,WIN,472.0218,-79.61
6214,472.0218,2291.6558,4.7202,1.0000,LOSS,467.3015,-79.40
6215,467.3015,2291.6558,4.6730,1.0000,LOSS,462.6285,-79.61
6216,462.6285,2291.6558,4.6263,1.0000,LOSS,458.0022,-79.81
6217,458.0022,2291.6558,4.5800,1.0000,WIN,462.5823,-80.01
6218,462.5823,2291.6558,4.6258,1.0000,LOSS,457.9564,-79.81
6219,457.9564,2291.6558,4.5796,1.0000,WIN,462.5360,-80.02
6220,462.5360,2291.6558,4.6254,1.0000,LOSS,457.9106,-79.82
6221,457.9106,2291.6558,4.5791,1.0000,WIN,462.4897,-80.02
6222,462.4897,2291.6558,4.6249,1.0000,WIN,467.1146,-79.82
6223,467.1146,2291.6558,4.6711,1.0000,LOSS,462.4435,-79.62
6224,462.4435,2291.6558,4.6244,1.0000,LOSS,457.8191,-79.82
6225,457.8191,2291.6558,4.5782,1.0000,LOSS,453.2409,-80.02
6226,453.2409,2291.6558,4.5324,1.0000,LOSS,448.7085,-80.22
6227,448.7085,2291.6558,4.4871,1.0000,LOSS,444.2214,-80.42
6228,444.2214,2291.6558,4.4422,1.0000,LOSS,439.7792,-80.62
6229,439.7792,2291.6558,4.3978,1.0000,LOSS,435.3814,-80.81
6230,435.3814,2291.6558,4.3538,1.0000,WIN,439.7352,-81.00
6231,439.7352,2291.6558,4.3974,1.0000,WIN,444.1325,-80.81
6232,444.1325,2291.6558,4.4413,1.0000,WIN,448.5739,-80.62
6233,448.5739,2291.6558,4.4857,1.0000,WIN,453.0596,-80.43
6234,453.0596,2291.6558,4.5306,1.0000,LOSS,448.5290,-80.23
6235,448.5290,2291.6558,4.4853,1.0000,WIN,453.0143,-80.43
6236,453.0143,2291.6558,4.5301,1.0000,LOSS,448.4842,-80.23
6237,448.4842,2291.6558,4.4848,1.0000,LOSS,443.9993,-80.43
6238,443.9993,2291.6558,4.4400,1.0000,WIN,448.4393,-80.63
6239,448.4393,2291.6558,4.4844,1.0000,WIN,452.9237,-80.43
6240,452.9237,2291.6558,4.5292,1.0000,WIN,457.4529,-80.24
6241,457.4529,2291.6558,4.5745,1.0000,LOSS,452.8784,-80.04
6242,452.8784,2291.6558,4.5288,1.0000,WIN,457.4072,-80.24
6243,457.4072,2291.6558,4.5741,1.0000,LOSS,452.8331,-80.04
6244,452.8331,2291.6558,4.5283,1.0000,WIN,457.3615,-80.24
6245,457.3615,2291.6558,4.5736,1.0000,LOSS,452.7878,-80.04
6246,452.7878,2291.6558,4.5279,1.0000,LOSS,448.2600,-80.24
6247,448.2600,2291.6558,4.4826,1.0000,LOSS,443.7774,-80.44
6248,443.7774,2291.6558,4.4378,1.0000,WIN,448.2151,-80.64
6249,448.2151,2291.6558,4.4822,1.0000,LOSS,443.7330,-80.44
6250,443.7330,2291.6558,4.4373,1.0000,LOSS,439.2957,-80.64
6251,439.2957,2291.6558,4.3930,1.0000,WIN,443.6886,-80.83
6252,443.6886,2291.6558,4.4369,1.0000,LOSS,439.2517,-80.64
6253,439.2517,2291.6558,4.3925,1.0000,WIN,443.6442,-80.83
6254,443.6442,2291.6558,4.4364,1.0000,WIN,448.0807,-80.64
6255,448.0807,2291.6558,4.4808,1.0000,LOSS,443.5999,-80.45
6256,443.5999,2291.6558,4.4360,1.0000,WIN,448.0359,-80.64
6257,448.0359,2291.6558,4.4804,1.0000,LOSS,443.5555,-80.45
6258,443.5555,2291.6558,4.4356,1.0000,WIN,447.9911,-80.64
6259,447.9911,2291.6558,4.4799,1.0000,LOSS,443.5112,-80.45
6260,443.5112,2291.6558,4.4351,1.0000,WIN,447.9463,-80.65
6261,447.9463,2291.6558,4.4795,1.0000,WIN,452.4257,-80.45
6262,452.4257,2291.6558,4.5243,1.0000,WIN,456.9500,-80.26
6263,456.9500,2291.6558,4.5695,1.0000,WIN,461.5195,-80.06
6264,461.5195,2291.6558,4.6152,1.0000,WIN,466.1347,-79.86
6265,466.1347,2291.6558,4.6613,1.0000,WIN,470.7960,-79.66
6266,470.7960,2291.6558,4.7080,1.0000,WIN,475.5040,-79.46
6267,475.5040,2291.6558,4.7550,1.0000,LOSS,470.7490,-79.25
6268,470.7490,2291.6558,4.7075,1.0000,WIN,475.4564,-79.46
6269,475.4564,2291.6558,4.7546,1.0000,LOSS,470.7019,-79.25
6270,470.7019,2291.6558,4.7070,1.0000,LOSS,465.9949,-79.46
6271,465.9949,2291.6558,4.6599,1.0000,WIN,470.6548,-79.67
6272,470.6548,2291.6558,4.7065,1.0000,WIN,475.3614,-79.46
6273,475.3614,2291.6558,4.7536,1.0000,WIN,480.1150,-79.26
6274,480.1150,2291.6558,4.8011,1.0000,LOSS,475.3138,-79.05
6275,475.3138,2291.6558,4.7531,1.0000,LOSS,470.5607,-79.26
6276,470.5607,2291.6558,4.7056,1.0000,LOSS,465.8551,-79.47
6277,465.8551,2291.6558,4.6586,1.0000,WIN,470.5136,-79.67
6278,470.5136,2291.6558,4.7051,1.0000,LOSS,465.8085,-79.47
6279,465.8085,2291.6558,4.6581,1.0000,LOSS,461.1504,-79.67
6280,461.1504,2291.6558,4.6115,1.0000,LOSS,456.5389,-79.88
6281,456.5389,2291.6558,4.5654,1.0000,LOSS,451.9735,-80.08
6282,451.9735,2291.6558,4.5197,1.0000,WIN,456.4932,-80.28
6283,456.4932,2291.6558,4.5649,1.0000,WIN,461.0582,-80.08
6284,461.0582,2291.6558,4.6106,1.0000,LOSS,456.4476,-79.88
6285,456.4476,2291.6558,4.5645,1.0000,LOSS,451.8831,-80.08
6286,451.8831,2291.6558,4.5188,1.0000,LOSS,447.3643,-80.28
6287,447.3643,2291.6558,4.4736,1.0000,WIN,451.8379,-80.48
6288,451.8379,2291.6558,4.5184,1.0000,LOSS,447.3196,-80.28
6289,447.3196,2291.6558,4.4732,1.0000,WIN,451.7927,-80.48
6290,451.7927,2291.6558,4.5179,1.0000,WIN,456.3107,-80.29
6291,456.3107,2291.6558,4.5631,1.0000,LOSS,451.7476,-80.09
6292,451.7476,2291.6558,4.5175,1.0000,WIN,456.2650,-80.29
6293,456.2650,2291.6558,4.5627,1.0000,LOSS,451.7024,-80.09
6294,451.7024,2291.6558,4.5170,1.0000,WIN,456.2194,-80.29
6295,456.2194,2291.6558,4.5622,1.0000,WIN,460.7816,-80.09
6296,460.7816,2291.6558,4.6078,1.0000,WIN,465.3894,-79.89
6297,465.3894,2291.6558,4.6539,1.0000,WIN,470.0433,-79.69
6298,470.0433,2291.6558,4.7004,1.0000,WIN,474.7438,-79.49
6299,474.7438,2291.6558,4.7474,1.0000,LOSS,469.9963,-79.28
6300,469.9963,2291.6558,4.7000,1.0000,WIN,474.6963,-79.49
6301,474.6963,2291.6558,4.7470,1.0000,LOSS,469.9493,-79.29
6302,469.9493,2291.6558,4.6995,1.0000,LOSS,465.2498,-79.49
6303,465.2498,2291.6558,4.6525,1.0000,WIN,469.9023,-79.70
6304,469.9023,2291.6558,4.6990,1.0000,LOSS,465.2033,-79.50
6305,465.2033,2291.6558,4.6520,1.0000,LOSS,460.5513,-79.70
6306,460.5513,2291.6558,4.6055,1.0000,WIN,465.1568,-79.90
6307,465.1568,2291.6558,4.6516,1.0000,LOSS,460.5052,-79.70
6308,460.5052,2291.6558,4.6051,1.0000,WIN,465.1103,-79.91
6309,465.1103,2291.6558,4.6511,1.0000,WIN,469.7614,-79.70
6310,469.7614,2291.6558,4.6976,1.0000,LOSS,465.0638,-79.50
6311,465.0638,2291.6558,4.6506,1.0000,WIN,469.7144,-79.71
6312,469.7144,2291.6558,4.6971,1.0000,WIN,474.4115,-79.50
6313,474.4115,2291.6558,4.7441,1.0000,LOSS,469.6674,-79.30
6314,469.6674,2291.6558,4.6967,1.0000,LOSS,464.9707,-79.51
6315,464.9707,2291.6558,4.6497,1.0000,LOSS,460.3210,-79.71
6316,460.3210,2291.6558,4.6032,1.0000,LOSS,455.7178,-79.91
6317,455.7178,2291.6558,4.5572,1.0000,LOSS,451.1606,-80.11
6318,451.1606,2291.6558,4.5116,1.0000,WIN,455.6723,-80.31
6319,455.6723,2291.6558,4.5567,1.0000,WIN,460.2290,-80.12
6320,460.2290,2291.6558,4.6023,1.0000,LOSS,455.6267,-79.92
6321,455.6267,2291.6558,4.5563,1.0000,LOSS,451.0704,-80.12
6322,451.0704,2291.6558,4.5107,1.0000,LOSS,446.5597,-80.32
6323,446.5597,2291.6558,4.4656,1.0000,WIN,451.0253,-80.51
6324,451.0253,2291.6558,4.5103,1.0000,WIN,455.5356,-80.32
6325,455.5356,2291.6558,4.5554,1.0000,LOSS,450.9802,-80.12
6326,450.9802,2291.6558,4.5098,1.0000,LOSS,446.4704,-80.32
6327,446.4704,2291.6558,4.4647,1.0000,WIN,450.9351,-80.52
6328,450.9351,2291.6558,4.5094,1.0000,WIN,455.4445,-80.32
6329,455.4445,2291.6558,4.5544,1.0000,LOSS,450.8900,-80.13
6330,450.8900,2291.6558,4.5089,1.0000,WIN,455.3989,-80.32
6331,455.3989,2291.6558,4.5540,1.0000,LOSS,450.8449,-80.13
6332,450.8449,2291.6558,4.5084,1.0000,LOSS,446.3365,-80.33
6333,446.3365,2291.6558,4.4634,1.0000,LOSS,441.8731,-80.52
6334,441.8731,2291.6558,4.4187,1.0000,LOSS,437.4544,-80.72
6335,437.4544,2291.6558,4.3745,1.0000,WIN,441.8289,-80.91
6336,441.8289,2291.6558,4.4183,1.0000,LOSS,437.4106,-80.72
6337,437.4106,2291.6558,4.3741,1.0000,WIN,441.7847,-80.91
6338,441.7847,2291.6558,4.4178,1.0000,WIN,446.2026,-80.72
6339,446.2026,2291.6558,4.4620,1.0000,WIN,450.6646,-80.53
6340,450.6646,2291.6558,4.5066,1.0000,LOSS,446.1580,-80.33
6341,446.1580,2291.6558,4.4616,1.0000,WIN,450.6196,-80.53
6342,450.6196,2291.6558,4.5062,1.0000,WIN,455.1257,-80.34
6343,455.1257,2291.6558,4.5513,1.0000,LOSS,450.5745,-80.14
6344,450.5745,2291.6558,4.5057,1.0000,WIN,455.0802,-80.34
6345,455.0802,2291.6558,4.5508,1.0000,LOSS,450.5294,-80.14
6346,450.5294,2291.6558,4.5053,1.0000,LOSS,446.0241,-80.34
6347,446.0241,2291.6558,4.4602,1.0000,WIN,450.4844,-80.54
6348,450.4844,2291.6558,4.5048,1.0000,WIN,454.9892,-80.34
6349,454.9892,2291.6558,4.5499,1.0000,WIN,459.5391,-80.15
6350,459.5391,2291.6558,4.5954,1.0000,WIN,464.1345,-79.95
6351,464.1345,2291.6558,4.6413,1.0000,LOSS,459.4932,-79.75
6352,459.4932,2291.6558,4.5949,1.0000,WIN,464.0881,-79.95
6353,464.0881,2291.6558,4.6409,1.0000,LOSS,459.4472,-79.75
6354,459.4472,2291.6558,4.5945,1.0000,WIN,464.0417,-79.95
6355,464.0417,2291.6558,4.6404,1.0000,LOSS,459.4013,-79.75
6356,459.4013,2291.6558,4.5940,1.0000,WIN,463.9953,-79.95
6357,463.9953,2291.6558,4.6400,1.0000,LOSS,459.3553,-79.75
6358,459.3553,2291.6558,4.5936,1.0000,WIN,463.9489,-79.96
6359,463.9489,2291.6558,4.6395,1.0000,LOSS,459.3094,-79.75
6360,459.3094,2291.6558,4.5931,1.0000,LOSS,454.7163,-79.96
6361,454.7163,2291.6558,4.5472,1.0000,WIN,459.2635,-80.16
6362,459.2635,2291.6558,4.5926,1.0000,WIN,463.8561,-79.96
6363,463.8561,2291.6558,4.6386,1.0000,WIN,468.4947,-79.76
6364,468.4947,2291.6558,4.6849,1.0000,WIN,473.1796,-79.56
6365,473.1796,2291.6558,4.7318,1.0000,WIN,477.9114,-79.35
6366,477.9114,2291.6558,4.7791,1.0000,WIN,482.6905,-79.15
6367,482.6905,2291.6558,4.8269,1.0000,WIN,487.5174,-78.94
6368,487.5174,2291.6558,4.8752,1.0000,WIN,492.3926,-78.73
6369,492.3926,2291.6558,4.9239,1.0000,LOSS,487.4687,-78.51
6370,487.4687,2291.6558,4.8747,1.0000,LOSS,482.5940,-78.73
6371,482.5940,2291.6558,4.8259,1.0000,WIN,487.4199,-78.94
6372,487.4199,2291.6558,4.8742,1.0000,LOSS,482.5457,-78.73
6373,482.5457,2291.6558,4.8255,1.0000,WIN,487.3712,-78.94
6374,487.3712,2291.6558,4.8737,1.0000,WIN,492.2449,-78.73
6375,492.2449,2291.6558,4.9224,1.0000,LOSS,487.3224,-78.52
6376,487.3224,2291.6558,4.8732,1.0000,LOSS,482.4492,-78.73
6377,482.4492,2291.6558,4.8245,1.0000,LOSS,477.6247,-78.95
6378,477.6247,2291.6558,4.7762,1.0000,LOSS,472.8485,-79.16
6379,472.8485,2291.6558,4.7285,1.0000,LOSS,468.1200,-79.37
6380,468.1200,2291.6558,4.6812,1.0000,WIN,472.8012,-79.57
6381,472.8012,2291.6558,4.7280,1.0000,WIN,477.5292,-79.37
6382,477.5292,2291.6558,4.7753,1.0000,LOSS,472.7539,-79.16
6383,472.7539,2291.6558,4.7275,1.0000,LOSS,468.0264,-79.37
6384,468.0264,2291.6558,4.6803,1.0000,WIN,472.7066,-79.58
6385,472.7066,2291.6558,4.7271,1.0000,LOSS,467.9796,-79.37
6386,467.9796,2291.6558,4.6798,1.0000,WIN,472.6594,-79.58
6387,472.6594,2291.6558,4.7266,1.0000,LOSS,467.9328,-79.37
6388,467.9328,2291.6558,4.6793,1.0000,LOSS,463.2534,-79.58
6389,463.2534,2291.6558,4.6325,1.0000,LOSS,458.6209,-79.79
6390,458.6209,2291.6558,4.5862,1.0000,LOSS,454.0347,-79.99
6391,454.0347,2291.6558,4.5403,1.0000,LOSS,449.4944,-80.19
6392,449.4944,2291.6558,4.4949,1.0000,WIN,453.9893,-80.39
6393,453.9893,2291.6558,4.5399,1.0000,LOSS,449.4494,-80.19
6394,449.4494,2291.6558,4.4945,1.0000,WIN,453.9439,-80.39
6395,453.9439,2291.6558,4.5394,1.0000,WIN,458.4833,-80.19
6396,458.4833,2291.6558,4.5848,1.0000,WIN,463.0682,-79.99
6397,463.0682,2291.6558,4.6307,1.0000,WIN,467.6989,-79.79
6398,467.6989,2291.6558,4.6770,1.0000,WIN,472.3758,-79.59
6399,472.3758,2291.6558,4.7238,1.0000,WIN,477.0996,-79.39
6400,477.0996,2291.6558,4.7710,1.0000,LOSS,472.3286,-79.18
6401,472.3286,2291.6558,4.7233,1.0000,WIN,477.0519,-79.39
6402,477.0519,2291.6558,4.7705,1.0000,LOSS,472.2814,-79.18
6403,472.2814,2291.6558,4.7228,1.0000,LOSS,467.5586,-79.39
6404,467.5586,2291.6558,4.6756,1.0000,LOSS,462.8830,-79.60
6405,462.8830,2291.6558,4.6288,1.0000,WIN,467.5118,-79.80
6406,467.5118,2291.6558,4.6751,1.0000,LOSS,462.8367,-79.60
6407,462.8367,2291.6558,4.6284,1.0000,WIN,467.4651,-79.80
6408,467.4651,2291.6558,4.6747,1.0000,WIN,472.1397,-79.60
6409,472.1397,2291.6558,4.7214,1.0000,WIN,476.8611,-79.40
6410,476.8611,2291.6558,4.7686,1.0000,WIN,481.6297,-79.19
6411,481.6297,2291.6558,4.8163,1.0000,LOSS,476.8134,-78.98
6412,476.8134,2291.6558,4.7681,1.0000,LOSS,472.0453,-79.19
6413,472.0453,2291.6558,4.7205,1.0000,LOSS,467.3248,-79.40
6414,467.3248,2291.6558,4.6732,1.0000,LOSS,462.6516,-79.61
6415,462.6516,2291.6558,4.6265,1.0000,WIN,467.2781,-79.81
6416,467.2781,2291.6558,4.6728,1.0000,LOSS,462.6053,-79.61
6417,462.6053,2291.6558,4.6261,1.0000,WIN,467.2314,-79.81
6418,467.2314,2291.6558,4.6723,1.0000,WIN,471.9037,-79.61
6419,471.9037,2291.6558,4.7190,1.0000,LOSS,467.1846,-79.41
6420,467.1846,2291.6558,4.6718,1.0000,WIN,471.8565,-79.61
6421,471.8565,2291.6558,4.7186,1.0000,LOSS,467.1379,-79.41
6422,467.1379,2291.6558,4.6714,1.0000,LOSS,462.4665,-79.62
6423,462.4665,2291.6558,4.6247,1.0000,LOSS,457.8419,-79.82
6424,457.8419,2291.6558,4.5784,1.0000,LOSS,453.2635,-80.02
6425,453.2635,2291.6558,4.5326,1.0000,LOSS,448.7308,-80.22
6426,448.7308,2291.6558,4.4873,1.0000,LOSS,444.2435,-80.42
6427,444.2435,2291.6558,4.4424,1.0000,WIN,448.6860,-80.61
6428,448.6860,2291.6558,4.4869,1.0000,LOSS,444.1991,-80.42
6429,444.1991,2291.6558,4.4420,1.0000,WIN,448.6411,-80.62
6430,448.6411,2291.6558,4.4864,1.0000,LOSS,444.1547,-80.42
6431,444.1547,2291.6558,4.4415,1.0000,WIN,448.5962,-80.62
6432,448.5962,2291.6558,4.4860,1.0000,LOSS,444.1103,-80.42
6433,444.1103,2291.6558,4.4411,1.0000,LOSS,439.6692,-80.62
6434,439.6692,2291.6558,4.3967,1.0000,LOSS,435.2725,-80.81
6435,435.2725,2291.6558,4.3527,1.0000,LOSS,430.9197,-81.01
6436,430.9197,2291.6558,4.3092,1.0000,WIN,435.2289,-81.20
6437,435.2289,2291.6558,4.3523,1.0000,WIN,439.5812,-81.01
6438,439.5812,2291.6558,4.3958,1.0000,LOSS,435.1854,-80.82
6439,435.1854,2291.6558,4.3519,1.0000,LOSS,430.8336,-81.01
6440,430.8336,2291.6558,4.3083,1.0000,LOSS,426.5252,-81.20
6441,426.5252,2291.6558,4.2653,1.0000,LOSS,422.2600,-81.39
6442,422.2600,2291.6558,4.2226,1.0000,LOSS,418.0374,-81.57
6443,418.0374,2291.6558,4.1804,1.0000,WIN,422.2177,-81.76
6444,422.2177,2291.6558,4.2222,1.0000,WIN,426.4399,-81.58
6445,426.4399,2291.6558,4.2644,1.0000,LOSS,422.1755,-81.39
6446,422.1755,2291.6558,4.2218,1.0000,LOSS,417.9538,-81.58
6447,417.9538,2291.6558,4.1795,1.0000,LOSS,413.7742,-81.76
6448,413.7742,2291.6558,4.1377,1.0000,LOSS,409.6365,-81.94
6449,409.6365,2291.6558,4.0964,1.0000,WIN,413.7329,-82.12
6450,413.7329,2291.6558,4.1373,1.0000,LOSS,409.5955,-81.95
6451,409.5955,2291.6558,4.0960,1.0000,WIN,413.6915,-82.13
6452,413.6915,2291.6558,4.1369,1.0000,LOSS,409.5546,-81.95
6453,409.5546,2291.6558,4.0955,1.0000,WIN,413.6501,-82.13
6454,413.6501,2291.6558,4.1365,1.0000,WIN,417.7866,-81.95
6455,417.7866,2291.6558,4.1779,1.0000,WIN,421.9645,-81.77
6456,421.9645,2291.6558,4.2196,1.0000,LOSS,417.7448,-81.59
6457,417.7448,2291.6558,4.1774,1.0000,WIN,421.9223,-81.77
6458,421.9223,2291.6558,4.2192,1.0000,WIN,426.1415,-81.59
6459,426.1415,2291.6558,4.2614,1.0000,WIN,430.4029,-81.40
6460,430.4029,2291.6558,4.3040,1.0000,LOSS,426.0989,-81.22
6461,426.0989,2291.6558,4.2610,1.0000,WIN,430.3599,-81.41
6462,430.3599,2291.6558,4.3036,1.0000,WIN,434.6635,-81.22
6463,434.6635,2291.6558,4.3466,1.0000,WIN,439.0101,-81.03
6464,439.0101,2291.6558,4.3901,1.0000,WIN,443.4002,-80.84
6465,443.4002,2291.6558,4.4340,1.0000,LOSS,438.9662,-80.65
6466,438.9662,2291.6558,4.3897,1.0000,LOSS,434.5766,-80.85
6467,434.5766,2291.6558,4.3458,1.0000,WIN,438.9223,-81.04
6468,438.9223,2291.6558,4.3892,1.0000,WIN,443.3115,-80.85
6469,443.3115,2291.6558,4.4331,1.0000,WIN,447.7447,-80.66
6470,447.7447,2291.6558,4.4774,1.0000,WIN,452.2221,-80.46
6471,452.2221,2291.6558,4.5222,1.0000,WIN,456.7443,-80.27
6472,456.7443,2291.6558,4.5674,1.0000,WIN,461.3118,-80.07
6473,461.3118,2291.6558,4.6131,1.0000,WIN,465.9249,-79.87
6474,465.9249,2291.6558,4.6592,1.0000,WIN,470.5841,-79.67
6475,470.5841,2291.6558,4.7058,1.0000,LOSS,465.8783,-79.47
6476,465.8783,2291.6558,4.6588,1.0000,LOSS,461.2195,-79.67
6477,461.2195,2291.6558,4.6122,1.0000,WIN,465.8317,-79.87
6478,465.8317,2291.6558,4.6583,1.0000,WIN,470.4900,-79.67
6479,470.4900,2291.6558,4.7049,1.0000,WIN,475.1949,-79.47
6480,475.1949,2291.6558,4.7519,1.0000,LOSS,470.4430,-79.26
6481,470.4430,2291.6558,4.7044,1.0000,LOSS,465.7385,-79.47
6482,465.7385,2291.6558,4.6574,1.0000,LOSS,461.0812,-79.68
6483,461.0812,2291.6558,4.6108,1.0000,WIN,465.6920,-79.88
6484,465.6920,2291.6558,4.6569,1.0000,LOSS,461.0350,-79.68
6485,461.0350,2291.6558,4.6104,1.0000,LOSS,456.4247,-79.88
6486,456.4247,2291.6558,4.5642,1.0000,WIN,460.9889,-80.08
6487,460.9889,2291.6558,4.6099,1.0000,WIN,465.5988,-79.88
6488,465.5988,2291.6558,4.6560,1.0000,WIN,470.2548,-79.68
6489,470.2548,2291.6558,4.7025,1.0000,WIN,474.9574,-79.48
6490,474.9574,2291.6558,4.7496,1.0000,WIN,479.7069,-79.27
6491,479.7069,2291.6558,4.7971,1.0000,LOSS,474.9099,-79.07
6492,474.9099,2291.6558,4.7491,1.0000,WIN,479.6590,-79.28
6493,479.6590,2291.6558,4.7966,1.0000,LOSS,474.8624,-79.07
6494,474.8624,2291.6558,4.7486,1.0000,LOSS,470.1138,-79.28
6495,470.1138,2291.6558,4.7011,1.0000,WIN,474.8149,-79.49
6496,474.8149,2291.6558,4.7481,1.0000,WIN,479.5630,-79.28
6497,479.5630,2291.6558,4.7956,1.0000,WIN,484.3587,-79.07
6498,484.3587,2291.6558,4.8436,1.0000,WIN,489.2023,-78.86
6499,489.2023,2291.6558,4.8920,1.0000,WIN,494.0943,-78.65
6500,494.0943,2291.6558,4.9409,1.0000,WIN,499.0352,-78.44
6501,499.0352,2291.6558,4.9904,1.0000,LOSS,494.0449,-78.22
6502,494.0449,2291.6558,4.9404,1.0000,LOSS,489.1044,-78.44
6503,489.1044,2291.6558,4.8910,1.0000,LOSS,484.2134,-78.66
6504,484.2134,2291.6558,4.8421,1.0000,LOSS,479.3712,-78.87
6505,479.3712,2291.6558,4.7937,1.0000,LOSS,474.5775,-79.08
6506,474.5775,2291.6558,4.7458,1.0000,LOSS,469.8318,-79.29
6507,469.8318,2291.6558,4.6983,1.0000,LOSS,465.1334,-79.50
6508,465.1334,2291.6558,4.6513,1.0000,WIN,469.7848,-79.70
6509,469.7848,2291.6558,4.6978,1.0000,WIN,474.4826,-79.50
6510,474.4826,2291.6558,4.7448,1.0000,WIN,479.2275,-79.30
6511,479.2275,2291.6558,4.7923,1.0000,WIN,484.0197,-79.09
6512,484.0197,2291.6558,4.8402,1.0000,WIN,488.8599,-78.88
6513,488.8599,2291.6558,4.8886,1.0000,LOSS,483.9713,-78.67
6514,483.9713,2291.6558,4.8397,1.0000,LOSS,479.1316,-78.88
6515,479.1316,2291.6558,4.7913,1.0000,LOSS,474.3403,-79.09
6516,474.3403,2291.6558,4.7434,1.0000,WIN,479.0837,-79.30
6517,479.0837,2291.6558,4.7908,1.0000,WIN,483.8745,-79.09
6518,483.8745,2291.6558,4.8387,1.0000,WIN,488.7133,-78.89
6519,488.7133,2291.6558,4.8871,1.0000,WIN,493.6004,-78.67
6520,493.6004,2291.6558,4.9360,1.0000,LOSS,488.6644,-78.46
6521,488.6644,2291.6558,4.8866,1.0000,WIN,493.5511,-78.68
6522,493.5511,2291.6558,4.9355,1.0000,WIN,498.4866,-78.46
6523,498.4866,2291.6558,4.9849,1.0000,LOSS,493.5017,-78.25
6524,493.5017,2291.6558,4.9350,1.0000,LOSS,488.5667,-78.47
6525,488.5667,2291.6558,4.8857,1.0000,WIN,493.4523,-78.68
6526,493.4523,2291.6558,4.9345,1.0000,LOSS,488.5178,-78.47
6527,488.5178,2291.6558,4.8852,1.0000,LOSS,483.6326,-78.68
6528,483.6326,2291.6558,4.8363,1.0000,WIN,488.4690,-78.90
6529,488.4690,2291.6558,4.8847,1.0000,WIN,493.3537,-78.68
6530,493.3537,2291.6558,4.9335,1.0000,WIN,498.2872,-78.47
6531,498.2872,2291.6558,4.9829,1.0000,LOSS,493.3043,-78.26
6532,493.3043,2291.6558,4.9330,1.0000,LOSS,488.3713,-78.47
6533,488.3713,2291.6558,4.8837,1.0000,WIN,493.2550,-78.69
6534,493.2550,2291.6558,4.9325,1.0000,LOSS,488.3224,-78.48
6535,488.3224,2291.6558,4.8832,1.0000,LOSS,483.4392,-78.69
6536,483.4392,2291.6558,4.8344,1.0000,WIN,488.2736,-78.90
6537,488.2736,2291.6558,4.8827,1.0000,WIN,493.1564,-78.69
6538,493.1564,2291.6558,4.9316,1.0000,LOSS,488.2248,-78.48
6539,488.2248,2291.6558,4.8822,1.0000,WIN,493.1070,-78.70
6540,493.1070,2291.6558,4.9311,1.0000,WIN,498.0381,-78.48
6541,498.0381,2291.6558,4.9804,1.0000,LOSS,493.0577,-78.27
6542,493.0577,2291.6558,4.9306,1.0000,LOSS,488.1271,-78.48
6543,488.1271,2291.6558,4.8813,1.0000,LOSS,483.2459,-78.70
6544,483.2459,2291.6558,4.8325,1.0000,WIN,488.0783,-78.91
6545,488.0783,2291.6558,4.8808,1.0000,WIN,492.9591,-78.70
6546,492.9591,2291.6558,4.9296,1.0000,LOSS,488.0295,-78.49
6547,488.0295,2291.6558,4.8803,1.0000,LOSS,483.1492,-78.70
6548,483.1492,2291.6558,4.8315,1.0000,WIN,487.9807,-78.92
6549,487.9807,2291.6558,4.8798,1.0000,LOSS,483.1009,-78.71
6550,483.1009,2291.6558,4.8310,1.0000,WIN,487.9319,-78.92
6551,487.9319,2291.6558,4.8793,1.0000,WIN,492.8112,-78.71
6552,492.8112,2291.6558,4.9281,1.0000,LOSS,487.8831,-78.50
6553,487.8831,2291.6558,4.8788,1.0000,LOSS,483.0043,-78.71
6554,483.0043,2291.6558,4.8300,1.0000,WIN,487.8343,-78.92
6555,487.8343,2291.6558,4.8783,1.0000,WIN,492.7127,-78.71
6556,492.7127,2291.6558,4.9271,1.0000,LOSS,487.7856,-78.50
6557,487.7856,2291.6558,4.8779,1.0000,LOSS,482.9077,-78.71
6558,482.9077,2291.6558,4.8291,1.0000,WIN,487.7368,-78.93
6559,487.7368,2291.6558,4.8774,1.0000,LOSS,482.8594,-78.72
6560,482.8594,2291.6558,4.8286,1.0000,WIN,487.6880,-78.93
6561,487.6880,2291.6558,4.8769,1.0000,LOSS,482.8111,-78.72
6562,482.8111,2291.6558,4.8281,1.0000,WIN,487.6392,-78.93
6563,487.6392,2291.6558,4.8764,1.0000,LOSS,482.7628,-78.72
6564,482.7628,2291.6558,4.8276,1.0000,LOSS,477.9352,-78.93
6565,477.9352,2291.6558,4.7794,1.0000,WIN,482.7146,-79.14
6566,482.7146,2291.6558,4.8271,1.0000,LOSS,477.8874,-78.94
6567,477.8874,2291.6558,4.7789,1.0000,WIN,482.6663,-79.15
6568,482.6663,2291.6558,4.8267,1.0000,WIN,487.4930,-78.94
6569,487.4930,2291.6558,4.8749,1.0000,WIN,492.3679,-78.73
6570,492.3679,2291.6558,4.9237,1.0000,WIN,497.2916,-78.51
6571,497.2916,2291.6558,4.9729,1.0000,WIN,502.2645,-78.30
6572,502.2645,2291.6558,5.0226,1.0000,WIN,507.2871,-78.08
6573,507.2871,2291.6558,5.0729,1.0000,WIN,512.3600,-77.86
6574,512.3600,2291.6558,5.1236,1.0000,LOSS,507.2364,-77.64
6575,507.2364,2291.6558,5.0724,1.0000,LOSS,502.1640,-77.87
6576,502.1640,2291.6558,5.0216,1.0000,WIN,507.1857,-78.09
6577,507.1857,2291.6558,5.0719,1.0000,WIN,512.2575,-77.87
6578,512.2575,2291.6558,5.1226,1.0000,WIN,517.3801,-77.65
6579,517.3801,2291.6558,5.1738,1.0000,WIN,522.5539,-77.42
6580,522.5539,2291.6558,5.2255,1.0000,LOSS,517.3284,-77.20
6581,517.3284,2291.6558,5.1733,1.0000,LOSS,512.1551,-77.43
6582,512.1551,2291.6558,5.1216,1.0000,WIN,517.2766,-77.65
6583,517.2766,2291.6558,5.1728,1.0000,LOSS,512.1039,-77.43
6584,512.1039,2291.6558,5.1210,1.0000,WIN,517.2249,-77.65
6585,517.2249,2291.6558,5.1722,1.0000,WIN,522.3972,-77.43
6586,522.3972,2291.6558,5.2240,1.0000,WIN,527.6211,-77.20
6587,527.6211,2291.6558,5.2762,1.0000,WIN,532.8973,-76.98
6588,532.8973,2291.6558,5.3290,1.0000,WIN,538.2263,-76.75
6589,538.2263,2291.6558,5.3823,1.0000,WIN,543.6086,-76.51
6590,543.6086,2291.6558,5.4361,1.0000,WIN,549.0447,-76.28
6591,549.0447,2291.6558,5.4904,1.0000,WIN,554.5351,-76.04
6592,554.5351,2291.6558,5.5454,1.0000,LOSS,548.9898,-75.80
6593,548.9898,2291.6558,5.4899,1.0000,WIN,554.4797,-76.04
6594,554.4797,2291.6558,5.5448,1.0000,LOSS,548.9349,-75.80
6595,548.9349,2291.6558,5.4893,1.0000,LOSS,543.4455,-76.05
6596,543.4455,2291.6558,5.4345,1.0000,WIN,548.8800,-76.29
6597,548.8800,2291.6558,5.4888,1.0000,LOSS,543.3912,-76.05
6598,543.3912,2291.6558,5.4339,1.0000,LOSS,537.9573,-76.29
6599,537.9573,2291.6558,5.3796,1.0000,WIN,543.3368,-76.53
6600,543.3368,2291.6558,5.4334,1.0000,WIN,548.7702,-76.29
6601,548.7702,2291.6558,5.4877,1.0000,WIN,554.2579,-76.05
6602,554.2579,2291.6558,5.5426,1.0000,LOSS,548.7153,-75.81
6603,548.7153,2291.6558,5.4872,1.0000,WIN,554.2025,-76.06
6604,554.2025,2291.6558,5.5420,1.0000,LOSS,548.6605,-75.82
6605,548.6605,2291.6558,5.4866,1.0000,LOSS,543.1738,-76.06
6606,543.1738,2291.6558,5.4317,1.0000,LOSS,537.7421,-76.30
6607,537.7421,2291.6558,5.3774,1.0000,WIN,543.1195,-76.53
6608,543.1195,2291.6558,5.4312,1.0000,LOSS,537.6883,-76.30
6609,537.6883,2291.6558,5.3769,1.0000,WIN,543.0652,-76.54
6610,543.0652,2291.6558,5.4307,1.0000,WIN,548.4959,-76.30
6611,548.4959,2291.6558,5.4850,1.0000,WIN,553.9808,-76.07
6612,553.9808,2291.6558,5.5398,1.0000,WIN,559.5206,-75.83
6613,559.5206,2291.6558,5.5952,1.0000,WIN,565.1158,-75.58
6614,565.1158,2291.6558,5.6512,1.0000,WIN,570.7670,-75.34
6615,570.7670,2291.6558,5.7077,1.0000,WIN,576.4747,-75.09
6616,576.4747,2291.6558,5.7647,1.0000,LOSS,570.7099,-74.84
6617,570.7099,2291.6558,5.7071,1.0000,WIN,576.4170,-75.10
6618,576.4170,2291.6558,5.7642,1.0000,WIN,582.1812,-74.85
6619,582.1812,2291.6558,5.8218,1.0000,WIN,588.0030,-74.60
6620,588.0030,2291.6558,5.8800,1.0000,WIN,593.8830,-74.34
6621,593.8830,2291.6558,5.9388,1.0000,LOSS,587.9442,-74.08
6622,587.9442,2291.6558,5.8794,1.0000,WIN,593.8236,-74.34
6623,593.8236,2291.6558,5.9382,1.0000,WIN,599.7619,-74.09
6624,599.7619,2291.6558,5.9976,1.0000,LOSS,593.7643,-73.83
6625,593.7643,2291.6558,5.9376,1.0000,LOSS,587.8266,-74.09
6626,587.8266,2291.6558,5.8783,1.0000,WIN,593.7049,-74.35
6627,593.7049,2291.6558,5.9370,1.0000,LOSS,587.7678,-74.09
6628,587.7678,2291.6558,5.8777,1.0000,LOSS,581.8902,-74.35
6629,581.8902,2291.6558,5.8189,1.0000,WIN,587.7091,-74.61
6630,587.7091,2291.6558,5.8771,1.0000,WIN,593.5862,-74.35
6631,593.5862,2291.6558,5.9359,1.0000,LOSS,587.6503,-74.10
6632,587.6503,2291.6558,5.8765,1.0000,WIN,593.5268,-74.36
6633,593.5268,2291.6558,5.9353,1.0000,WIN,599.4621,-74.10
6634,599.4621,2291.6558,5.9946,1.0000,WIN,605.4567,-73.84
6635,605.4567,2291.6558,6.0546,1.0000,WIN,611.5113,-73.58
6636,611.5113,2291.6558,6.1151,1.0000,LOSS,605.3961,-73.32
6637,605.3961,2291.6558,6.0540,1.0000,LOSS,599.3422,-73.58
6638,599.3422,2291.6558,5.9934,1.0000,WIN,605.3356,-73.85
6639,605.3356,2291.6558,6.0534,1.0000,WIN,611.3890,-73.59
6640,611.3890,2291.6558,6.1139,1.0000,WIN,617.5028,-73.32
6641,617.5028,2291.6558,6.1750,1.0000,LOSS,611.3278,-73.05
6642,611.3278,2291.6558,6.1133,1.0000,LOSS,605.2145,-73.32
6643,605.2145,2291.6558,6.0521,1.0000,WIN,611.2667,-73.59
6644,611.2667,2291.6558,6.1127,1.0000,LOSS,605.1540,-73.33
6645,605.1540,2291.6558,6.0515,1.0000,WIN,611.2056,-73.59
6646,611.2056,2291.6558,6.1121,1.0000,WIN,617.3176,-73.33
6647,617.3176,2291.6558,6.1732,1.0000,WIN,623.4908,-73.06
6648,623.4908,2291.6558,6.2349,1.0000,WIN,629.7257,-72.79
6649,629.7257,2291.6558,6.2973,1.0000,LOSS,623.4284,-72.52
6650,623.4284,2291.6558,6.2343,1.0000,LOSS,617.1942,-72.80
6651,617.1942,2291.6558,6.1719,1.0000,WIN,623.3661,-73.07
6652,623.3661,2291.6558,6.2337,1.0000,WIN,629.5998,-72.80
6653,629.5998,2291.6558,6.2960,1.0000,WIN,635.8958,-72.53
6654,635.8958,2291.6558,6.3590,1.0000,LOSS,629.5368,-72.25
6655,629.5368,2291.6558,6.2954,1.0000,WIN,635.8322,-72.53
6656,635.8322,2291.6558,6.3583,1.0000,WIN,642.1905,-72.25
6657,642.1905,2291.6558,6.4219,1.0000,LOSS,635.7686,-71.98
6658,635.7686,2291.6558,6.3577,1.0000,LOSS,629.4109,-72.26
6659,629.4109,2291.6558,6.2941,1.0000,LOSS,623.1168,-72.53
6660,623.1168,2291.6558,6.2312,1.0000,WIN,629.3480,-72.81
6661,629.3480,2291.6558,6.2935,1.0000,WIN,635.6414,-72.54
6662,635.6414,2291.6558,6.3564,1.0000,WIN,641.9978,-72.26
6663,641.9978,2291.6558,6.4200,1.0000,LOSS,635.5779,-71.99
6664,635.5779,2291.6558,6.3558,1.0000,WIN,641.9336,-72.27
6665,641.9336,2291.6558,6.4193,1.0000,LOSS,635.5143,-71.99
6666,635.5143,2291.6558,6.3551,1.0000,LOSS,629.1592,-72.27
6667,629.1592,2291.6558,6.2916,1.0000,WIN,635.4508,-72.55
6668,635.4508,2291.6558,6.3545,1.0000,LOSS,629.0963,-72.27
6669,629.0963,2291.6558,6.2910,1.0000,LOSS,622.8053,-72.55
6670,622.8053,2291.6558,6.2281,1.0000,WIN,629.0333,-72.82
6671,629.0333,2291.6558,6.2903,1.0000,WIN,635.3237,-72.55
6672,635.3237,2291.6558,6.3532,1.0000,LOSS,628.9704,-72.28
6673,628.9704,2291.6558,6.2897,1.0000,WIN,635.2601,-72.55
6674,635.2601,2291.6558,6.3526,1.0000,WIN,641.6127,-72.28
6675,641.6127,2291.6558,6.4161,1.0000,WIN,648.0289,-72.00
6676,648.0289,2291.6558,6.4803,1.0000,LOSS,641.5486,-71.72
6677,641.5486,2291.6558,6.4155,1.0000,WIN,647.9641,-72.01
6678,647.9641,2291.6558,6.4796,1.0000,WIN,654.4437,-71.73
6679,654.4437,2291.6558,6.5444,1.0000,WIN,660.9881,-71.44
6680,660.9881,2291.6558,6.6099,1.0000,WIN,667.5980,-71.16
6681,667.5980,2291.6558,6.6760,1.0000,LOSS,660.9221,-70.87
6682,660.9221,2291.6558,6.6092,1.0000,LOSS,654.3128,-71.16
6683,654.3128,2291.6558,6.5431,1.0000,WIN,660.8560,-71.45
6684,660.8560,2291.6558,6.6086,1.0000,WIN,667.4645,-71.16
6685,667.4645,2291.6558,6.6746,1.0000,WIN,674.1392,-70.87
6686,674.1392,2291.6558,6.7414,1.0000,LOSS,667.3978,-70.58
6687,667.3978,2291.6558,6.6740,1.0000,WIN,674.0717,-70.88
6688,674.0717,2291.6558,6.7407,1.0000,WIN,680.8125,-70.59
6689,680.8125,2291.6558,6.8081,1.0000,WIN,687.6206,-70.29
6690,687.6206,2291.6558,6.8762,1.0000,WIN,694.4968,-69.99
6691,694.4968,2291.6558,6.9450,1.0000,WIN,701.4418,-69.69
6692,701.4418,2291.6558,7.0144,1.0000,WIN,708.4562,-69.39
6693,708.4562,2291.6558,7.0846,1.0000,LOSS,701.3716,-69.09
6694,701.3716,2291.6558,7.0137,1.0000,LOSS,694.3579,-69.39
6695,694.3579,2291.6558,6.9436,1.0000,WIN,701.3015,-69.70
6696,701.3015,2291.6558,7.0130,1.0000,LOSS,694.2885,-69.40
6697,694.2885,2291.6558,6.9429,1.0000,WIN,701.2314,-69.70
6698,701.2314,2291.6558,7.0123,1.0000,LOSS,694.2190,-69.40
6699,694.2190,2291.6558,6.9422,1.0000,WIN,701.1612,-69.71
6700,701.1612,2291.6558,7.0116,1.0000,WIN,708.1728,-69.40
6701,708.1728,2291.6558,7.0817,1.0000,LOSS,701.0911,-69.10
6702,701.0911,2291.6558,7.0109,1.0000,WIN,708.1020,-69.41
6703,708.1020,2291.6558,7.0810,1.0000,LOSS,701.0210,-69.10
6704,701.0210,2291.6558,7.0102,1.0000,LOSS,694.0108,-69.41
6705,694.0108,2291.6558,6.9401,1.0000,LOSS,687.0707,-69.72
6706,687.0707,2291.6558,6.8707,1.0000,LOSS,680.2000,-70.02
6707,680.2000,2291.6558,6.8020,1.0000,WIN,687.0020,-70.32
6708,687.0020,2291.6558,6.8700,1.0000,WIN,693.8720,-70.02
6709,693.8720,2291.6558,6.9387,1.0000,LOSS,686.9333,-69.72
6710,686.9333,2291.6558,6.8693,1.0000,LOSS,680.0639,-70.02
6711,680.0639,2291.6558,6.8006,1.0000,WIN,686.8646,-70.32
6712,686.8646,2291.6558,6.8686,1.0000,LOSS,679.9959,-70.03
6713,679.9959,2291.6558,6.8000,1.0000,LOSS,673.1960,-70.33
6714,673.1960,2291.6558,6.7320,1.0000,WIN,679.9279,-70.62
6715,679.9279,2291.6558,6.7993,1.0000,LOSS,673.1287,-70.33
6716,673.1287,2291.6558,6.7313,1.0000,WIN,679.8599,-70.63
6717,679.8599,2291.6558,6.7986,1.0000,LOSS,673.0613,-70.33
6718,673.0613,2291.6558,6.7306,1.0000,WIN,679.7920,-70.63
6719,679.7920,2291.6558,6.7979,1.0000,LOSS,672.9940,-70.34
6720,672.9940,2291.6558,6.7299,1.0000,WIN,679.7240,-70.63
6721,679.7240,2291.6558,6.7972,1.0000,LOSS,672.9267,-70.34
6722,672.9267,2291.6558,6.7293,1.0000,WIN,679.6560,-70.64
6723,679.6560,2291.6558,6.7966,1.0000,WIN,686.4526,-70.34
6724,686.4526,2291.6558,6.8645,1.0000,WIN,693.3171,-70.05
6725,693.3171,2291.6558,6.9332,1.0000,LOSS,686.3839,-69.75
6726,686.3839,2291.6558,6.8638,1.0000,WIN,693.2478,-70.05
6727,693.2478,2291.6558,6.9325,1.0000,WIN,700.1802,-69.75
6728,700.1802,2291.6558,7.0018,1.0000,WIN,707.1820,-69.45
6729,707.1820,2291.6558,7.0718,1.0000,LOSS,700.1102,-69.14
6730,700.1102,2291.6558,7.0011,1.0000,WIN,707.1113,-69.45
6731,707.1113,2291.6558,7.0711,1.0000,LOSS,700.0402,-69.14
6732,700.0402,2291.6558,7.0004,1.0000,WIN,707.0406,-69.45
6733,707.0406,2291.6558,7.0704,1.0000,WIN,714.1110,-69.15
6734,714.1110,2291.6558,7.1411,1.0000,WIN,721.2521,-68.84
6735,721.2521,2291.6558,7.2125,1.0000,WIN,728.4647,-68.53
6736,728.4647,2291.6558,7.2846,1.0000,WIN,735.7493,-68.21
6737,735.7493,2291.6558,7.3575,1.0000,LOSS,728.3918,-67.89
6738,728.3918,2291.6558,7.2839,1.0000,WIN,735.6757,-68.22
6739,735.6757,2291.6558,7.3568,1.0000,LOSS,728.3190,-67.90
6740,728.3190,2291.6558,7.2832,1.0000,LOSS,721.0358,-68.22
6741,721.0358,2291.6558,7.2104,1.0000,LOSS,713.8254,-68.54
6742,713.8254,2291.6558,7.1383,1.0000,LOSS,706.6872,-68.85
6743,706.6872,2291.6558,7.0669,1.0000,LOSS,699.6203,-69.16
6744,699.6203,2291.6558,6.9962,1.0000,LOSS,692.6241,-69.47
6745,692.6241,2291.6558,6.9262,1.0000,LOSS,685.6979,-69.78
6746,685.6979,2291.6558,6.8570,1.0000,LOSS,678.8409,-70.08
6747,678.8409,2291.6558,6.7884,1.0000,WIN,685.6293,-70.38
6748,685.6293,2291.6558,6.8563,1.0000,WIN,692.4856,-70.08
6749,692.4856,2291.6558,6.9249,1.0000,LOSS,685.5607,-69.78
6750,685.5607,2291.6558,6.8556,1.0000,WIN,692.4163,-70.08
6751,692.4163,2291.6558,6.9242,1.0000,LOSS,685.4922,-69.79
6752,685.4922,2291.6558,6.8549,1.0000,LOSS,678.6372,-70.09
6753,678.6372,2291.6558,6.7864,1.0000,WIN,685.4236,-70.39
6754,685.4236,2291.6558,6.8542,1.0000,WIN,692.2778,-70.09
6755,692.2778,2291.6558,6.9228,1.0000,WIN,699.2006,-69.79
6756,699.2006,2291.6558,6.9920,1.0000,WIN,706.1926,-69.49
6757,706.1926,2291.6558,7.0619,1.0000,LOSS,699.1307,-69.18
6758,699.1307,2291.6558,6.9913,1.0000,WIN,706.1220,-69.49
6759,706.1220,2291.6558,7.0612,1.0000,LOSS,699.0608,-69.19
6760,699.0608,2291.6558,6.9906,1.0000,WIN,706.0514,-69.50
6761,706.0514,2291.6558,7.0605,1.0000,WIN,713.1119,-69.19
6762,713.1119,2291.6558,7.1311,1.0000,WIN,720.2430,-68.88
6763,720.2430,2291.6558,7.2024,1.0000,LOSS,713.0406,-68.57
6764,713.0406,2291.6558,7.1304,1.0000,WIN,720.1710,-68.89
6765,720.1710,2291.6558,7.2017,1.0000,LOSS,712.9693,-68.57
6766,712.9693,2291.6558,7.1297,1.0000,WIN,720.0990,-68.89
6767,720.0990,2291.6558,7.2010,1.0000,WIN,727.3000,-68.58
6768,727.3000,2291.6558,7.2730,1.0000,WIN,734.5730,-68.26
6769,734.5730,2291.6558,7.3457,1.0000,WIN,741.9187,-67.95
6770,741.9187,2291.6558,7.4192,1.0000,WIN,749.3379,-67.63
6771,749.3379,2291.6558,7.4934,1.0000,WIN,756.8313,-67.30
6772,756.8313,2291.6558,7.5683,1.0000,WIN,764.3996,-66.97
6773,764.3996,2291.6558,7.6440,1.0000,WIN,772.0436,-66.64
6774,772.0436,2291.6558,7.7204,1.0000,WIN,779.7640,-66.31
6775,779.7640,2291.6558,7.7976,1.0000,LOSS,771.9664,-65.97
6776,771.9664,2291.6558,7.7197,1.0000,LOSS,764.2467,-66.31
6777,764.2467,2291.6558,7.6425,1.0000,WIN,771.8892,-66.65
6778,771.8892,2291.6558,7.7189,1.0000,WIN,779.6081,-66.32
6779,779.6081,2291.6558,7.7961,1.0000,WIN,787.4042,-65.98
6780,787.4042,2291.6558,7.8740,1.0000,WIN,795.2782,-65.64
6781,795.2782,2291.6558,7.9528,1.0000,LOSS,787.3254,-65.30
6782,787.3254,2291.6558,7.8733,1.0000,WIN,795.1987,-65.64
6783,795.1987,2291.6558,7.9520,1.0000,LOSS,787.2467,-65.30
6784,787.2467,2291.6558,7.8725,1.0000,WIN,795.1192,-65.65
6785,795.1192,2291.6558,7.9512,1.0000,WIN,803.0703,-65.30
6786,803.0703,2291.6558,8.0307,1.0000,LOSS,795.0396,-64.96
6787,795.0396,2291.6558,7.9504,1.0000,LOSS,787.0892,-65.31
6788,787.0892,2291.6558,7.8709,1.0000,LOSS,779.2184,-65.65
6789,779.2184,2291.6558,7.7922,1.0000,LOSS,771.4262,-66.00
6790,771.4262,2291.6558,7.7143,1.0000,LOSS,763.7119,-66.34
6791,763.7119,2291.6558,7.6371,1.0000,WIN,771.3490,-66.67
6792,771.3490,2291.6558,7.7135,1.0000,WIN,779.0625,-66.34
6793,779.0625,2291.6558,7.7906,1.0000,WIN,786.8531,-66.00
6794,786.8531,2291.6558,7.8685,1.0000,WIN,794.7217,-65.66
6795,794.7217,2291.6558,7.9472,1.0000,WIN,802.6689,-65.32
6796,802.6689,2291.6558,8.0267,1.0000,LOSS,794.6422,-64.97
6797,794.6422,2291.6558,7.9464,1.0000,WIN,802.5886,-65.32
6798,802.5886,2291.6558,8.0259,1.0000,LOSS,794.5627,-64.98
6799,794.5627,2291.6558,7.9456,1.0000,LOSS,786.6171,-65.33
6800,786.6171,2291.6558,7.8662,1.0000,LOSS,778.7509,-65.67
6801,778.7509,2291.6558,7.7875,1.0000,LOSS,770.9634,-66.02
6802,770.9634,2291.6558,7.7096,1.0000,WIN,778.6731,-66.36
6803,778.6731,2291.6558,7.7867,1.0000,WIN,786.4598,-66.02
6804,786.4598,2291.6558,7.8646,1.0000,WIN,794.3244,-65.68
6805,794.3244,2291.6558,7.9432,1.0000,LOSS,786.3811,-65.34
6806,786.3811,2291.6558,7.8638,1.0000,LOSS,778.5173,-65.69
6807,778.5173,2291.6558,7.7852,1.0000,WIN,786.3025,-66.03
6808,786.3025,2291.6558,7.8630,1.0000,LOSS,778.4395,-65.69
6809,778.4395,2291.6558,7.7844,1.0000,WIN,786.2239,-66.03
6810,786.2239,2291.6558,7.8622,1.0000,WIN,794.0861,-65.69
6811,794.0861,2291.6558,7.9409,1.0000,LOSS,786.1453,-65.35
6812,786.1453,2291.6558,7.8615,1.0000,WIN,794.0067,-65.70
6813,794.0067,2291.6558,7.9401,1.0000,WIN,801.9468,-65.35
6814,801.9468,2291.6558,8.0195,1.0000,LOSS,793.9273,-65.01
6815,793.9273,2291.6558,7.9393,1.0000,LOSS,785.9880,-65.36
6816,785.9880,2291.6558,7.8599,1.0000,WIN,793.8479,-65.70
6817,793.8479,2291.6558,7.9385,1.0000,WIN,801.7864,-65.36
6818,801.7864,2291.6558,8.0179,1.0000,LOSS,793.7685,-65.01
6819,793.7685,2291.6558,7.9377,1.0000,LOSS,785.8308,-65.36
6820,785.8308,2291.6558,7.8583,1.0000,WIN,793.6892,-65.71
6821,793.6892,2291.6558,7.9369,1.0000,LOSS,785.7523,-65.37
6822,785.7523,2291.6558,7.8575,1.0000,WIN,793.6098,-65.71
6823,793.6098,2291.6558,7.9361,1.0000,WIN,801.5459,-65.37
6824,801.5459,2291.6558,8.0155,1.0000,WIN,809.5613,-65.02
6825,809.5613,2291.6558,8.0956,1.0000,LOSS,801.4657,-64.67
6826,801.4657,2291.6558,8.0147,1.0000,LOSS,793.4511,-65.03
6827,793.4511,2291.6558,7.9345,1.0000,WIN,801.3856,-65.38
6828,801.3856,2291.6558,8.0139,1.0000,LOSS,793.3717,-65.03
6829,793.3717,2291.6558,7.9337,1.0000,WIN,801.3054,-65.38
6830,801.3054,2291.6558,8.0131,1.0000,LOSS,793.2924,-65.03
6831,793.2924,2291.6558,7.9329,1.0000,WIN,801.2253,-65.38
6832,801.2253,2291.6558,8.0123,1.0000,WIN,809.2376,-65.04
6833,809.2376,2291.6558,8.0924,1.0000,WIN,817.3299,-64.69
6834,817.3299,2291.6558,8.1733,1.0000,LOSS,809.1566,-64.33
6835,809.1566,2291.6558,8.0916,1.0000,LOSS,801.0651,-64.69
6836,801.0651,2291.6558,8.0107,1.0000,WIN,809.0757,-65.04
6837,809.0757,2291.6558,8.0908,1.0000,LOSS,800.9850,-64.69
6838,800.9850,2291.6558,8.0098,1.0000,LOSS,792.9751,-65.05
6839,792.9751,2291.6558,7.9298,1.0000,WIN,800.9049,-65.40
6840,800.9049,2291.6558,8.0090,1.0000,LOSS,792.8958,-65.05
6841,792.8958,2291.6558,7.9290,1.0000,LOSS,784.9669,-65.40
6842,784.9669,2291.6558,7.8497,1.0000,WIN,792.8165,-65.75
6843,792.8165,2291.6558,7.9282,1.0000,WIN,800.7447,-65.40
6844,800.7447,2291.6558,8.0074,1.0000,WIN,808.7521,-65.06
6845,808.7521,2291.6558,8.0875,1.0000,LOSS,800.6646,-64.71
6846,800.6646,2291.6558,8.0066,1.0000,LOSS,792.6580,-65.06
6847,792.6580,2291.6558,7.9266,1.0000,LOSS,784.7314,-65.41
6848,784.7314,2291.6558,7.8473,1.0000,WIN,792.5787,-65.76
6849,792.5787,2291.6558,7.9258,1.0000,LOSS,784.6529,-65.41
6850,784.6529,2291.6558,7.8465,1.0000,LOSS,776.8064,-65.76
6851,776.8064,2291.6558,7.7681,1.0000,LOSS,769.0383,-66.10
6852,769.0383,2291.6558,7.6904,1.0000,LOSS,761.3479,-66.44
6853,761.3479,2291.6558,7.6135,1.0000,WIN,768.9614,-66.78
6854,768.9614,2291.6558,7.6896,1.0000,LOSS,761.2718,-66.45
6855,761.2718,2291.6558,7.6127,1.0000,LOSS,753.6591,-66.78
6856,753.6591,2291.6558,7.5366,1.0000,LOSS,746.1225,-67.11
6857,746.1225,2291.6558,7.4612,1.0000,LOSS,738.6613,-67.44
6858,738.6613,2291.6558,7.3866,1.0000,WIN,746.0479,-67.77
6859,746.0479,2291.6558,7.4605,1.0000,LOSS,738.5874,-67.45
6860,738.5874,2291.6558,7.3859,1.0000,WIN,745.9733,-67.77
6861,745.9733,2291.6558,7.4597,1.0000,WIN,753.4330,-67.45
6862,753.4330,2291.6558,7.5343,1.0000,WIN,760.9674,-67.12
6863,760.9674,2291.6558,7.6097,1.0000,LOSS,753.3577,-66.79
6864,753.3577,2291.6558,7.5336,1.0000,LOSS,745.8241,-67.13
6865,745.8241,2291.6558,7.4582,1.0000,LOSS,738.3659,-67.45
6866,738.3659,2291.6558,7.3837,1.0000,LOSS,730.9822,-67.78
6867,730.9822,2291.6558,7.3098,1.0000,WIN,738.2920,-68.10
6868,738.2920,2291.6558,7.3829,1.0000,WIN,745.6749,-67.78
6869,745.6749,2291.6558,7.4567,1.0000,LOSS,738.2182,-67.46
6870,738.2182,2291.6558,7.3822,1.0000,WIN,745.6004,-67.79
6871,745.6004,2291.6558,7.4560,1.0000,LOSS,738.1444,-67.46
6872,738.1444,2291.6558,7.3814,1.0000,WIN,745.5258,-67.79
6873,745.5258,2291.6558,7.4553,1.0000,LOSS,738.0706,-67.47
6874,738.0706,2291.6558,7.3807,1.0000,LOSS,730.6899,-67.79
6875,730.6899,2291.6558,7.3069,1.0000,LOSS,723.3830,-68.12
6876,723.3830,2291.6558,7.2338,1.0000,LOSS,716.1491,-68.43
6877,716.1491,2291.6558,7.1615,1.0000,WIN,723.3106,-68.75
6878,723.3106,2291.6558,7.2331,1.0000,WIN,730.5437,-68.44
6879,730.5437,2291.6558,7.3054,1.0000,LOSS,723.2383,-68.12
6880,723.2383,2291.6558,7.2324,1.0000,LOSS,716.0059,-68.44
6881,716.0059,2291.6558,7.1601,1.0000,WIN,723.1660,-68.76
6882,723.1660,2291.6558,7.2317,1.0000,WIN,730.3976,-68.44
6883,730.3976,2291.6558,7.3040,1.0000,WIN,737.7016,-68.13
6884,737.7016,2291.6558,7.3770,1.0000,LOSS,730.3246,-67.81
6885,730.3246,2291.6558,7.3032,1.0000,LOSS,723.0213,-68.13
6886,723.0213,2291.6558,7.2302,1.0000,WIN,730.2515,-68.45
6887,730.2515,2291.6558,7.3025,1.0000,WIN,737.5541,-68.13
6888,737.5541,2291.6558,7.3755,1.0000,LOSS,730.1785,-67.82
6889,730.1785,2291.6558,7.3018,1.0000,WIN,737.4803,-68.14
6890,737.4803,2291.6558,7.3748,1.0000,WIN,744.8551,-67.82
6891,744.8551,2291.6558,7.4486,1.0000,WIN,752.3037,-67.50
6892,752.3037,2291.6558,7.5230,1.0000,WIN,759.8267,-67.17
6893,759.8267,2291.6558,7.5983,1.0000,WIN,767.4250,-66.84
6894,767.4250,2291.6558,7.6742,1.0000,WIN,775.0992,-66.51
6895,775.0992,2291.6558,7.7510,1.0000,WIN,782.8502,-66.18
6896,782.8502,2291.6558,7.8285,1.0000,WIN,790.6787,-65.84
6897,790.6787,2291.6558,7.9068,1.0000,LOSS,782.7719,-65.50
6898,782.7719,2291.6558,7.8277,1.0000,LOSS,774.9442,-65.84
6899,774.9442,2291.6558,7.7494,1.0000,LOSS,767.1948,-66.18
6900,767.1948,2291.6558,7.6719,1.0000,LOSS,759.5228,-66.52
6901,759.5228,2291.6558,7.5952,1.0000,WIN,767.1180,-66.86
6902,767.1180,2291.6558,7.6712,1.0000,WIN,774.7892,-66.53
6903,774.7892,2291.6558,7.7479,1.0000,LOSS,767.0413,-66.19
6904,767.0413,2291.6558,7.6704,1.0000,LOSS,759.3709,-66.53
6905,759.3709,2291.6558,7.5937,1.0000,LOSS,751.7772,-66.86
6906,751.7772,2291.6558,7.5178,1.0000,WIN,759.2950,-67.20
6907,759.2950,2291.6558,7.5929,1.0000,WIN,766.8879,-66.87
6908,766.8879,2291.6558,7.6689,1.0000,WIN,774.5568,-66.54
6909,774.5568,2291.6558,7.7456,1.0000,WIN,782.3024,-66.20
6910,782.3024,2291.6558,7.8230,1.0000,LOSS,774.4794,-65.86
6911,774.4794,2291.6558,7.7448,1.0000,WIN,782.2241,-66.20
6912,782.2241,2291.6558,7.8222,1.0000,WIN,790.0464,-65.87
6913,790.0464,2291.6558,7.9005,1.0000,LOSS,782.1459,-65.53
6914,782.1459,2291.6558,7.8215,1.0000,LOSS,774.3245,-65.87
6915,774.3245,2291.6558,7.7432,1.0000,WIN,782.0677,-66.21
6916,782.0677,2291.6558,7.8207,1.0000,WIN,789.8884,-65.87
6917,789.8884,2291.6558,7.8989,1.0000,WIN,797.7873,-65.53
6918,797.7873,2291.6558,7.9779,1.0000,WIN,805.7651,-65.19
6919,805.7651,2291.6558,8.0577,1.0000,WIN,813.8228,-64.84
6920,813.8228,2291.6558,8.1382,1.0000,WIN,821.9610,-64.49
6921,821.9610,2291.6558,8.2196,1.0000,LOSS,813.7414,-64.13
6922,813.7414,2291.6558,8.1374,1.0000,LOSS,805.6040,-64.49
6923,805.6040,2291.6558,8.0560,1.0000,LOSS,797.5480,-64.85
6924,797.5480,2291.6558,7.9755,1.0000,LOSS,789.5725,-65.20
6925,789.5725,2291.6558,7.8957,1.0000,WIN,797.4682,-65.55
6926,797.4682,2291.6558,7.9747,1.0000,LOSS,789.4935,-65.20
6927,789.4935,2291.6558,7.8949,1.0000,WIN,797.3885,-65.55
6928,797.3885,2291.6558,7.9739,1.0000,LOSS,789.4146,-65.20
6929,789.4146,2291.6558,7.8941,1.0000,LOSS,781.5204,-65.55
6930,781.5204,2291.6558,7.8152,1.0000,LOSS,773.7052,-65.90
6931,773.7052,2291.6558,7.7371,1.0000,LOSS,765.9682,-66.24
6932,765.9682,2291.6558,7.6597,1.0000,LOSS,758.3085,-66.58
6933,758.3085,2291.6558,7.5831,1.0000,WIN,765.8916,-66.91
6934,765.8916,2291.6558,7.6589,1.0000,LOSS,758.2327,-66.58
6935,758.2327,2291.6558,7.5823,1.0000,WIN,765.8150,-66.91
6936,765.8150,2291.6558,7.6581,1.0000,WIN,773.4731,-66.58
6937,773.4731,2291.6558,7.7347,1.0000,LOSS,765.7384,-66.25
6938,765.7384,2291.6558,7.6574,1.0000,LOSS,758.0810,-66.59
6939,758.0810,2291.6558,7.5808,1.0000,WIN,765.6618,-66.92
6940,765.6618,2291.6558,7.6566,1.0000,LOSS,758.0052,-66.59
6941,758.0052,2291.6558,7.5801,1.0000,WIN,765.5853,-66.92
6942,765.5853,2291.6558,7.6559,1.0000,LOSS,757.9294,-66.59
6943,757.9294,2291.6558,7.5793,1.0000,WIN,765.5087,-66.93
6944,765.5087,2291.6558,7.6551,1.0000,WIN,773.1638,-66.60
6945,773.1638,2291.6558,7.7316,1.0000,WIN,780.8954,-66.26
6946,780.8954,2291.6558,7.8090,1.0000,LOSS,773.0865,-65.92
6947,773.0865,2291.6558,7.7309,1.0000,LOSS,765.3556,-66.27
6948,765.3556,2291.6558,7.6536,1.0000,LOSS,757.7021,-66.60
6949,757.7021,2291.6558,7.5770,1.0000,WIN,765.2791,-66.94
6950,765.2791,2291.6558,7.6528,1.0000,LOSS,757.6263,-66.61
6951,757.6263,2291.6558,7.5763,1.0000,LOSS,750.0500,-66.94
6952,750.0500,2291.6558,7.5005,1.0000,LOSS,742.5495,-67.27
6953,742.5495,2291.6558,7.4255,1.0000,WIN,749.9750,-67.60
6954,749.9750,2291.6558,7.4998,1.0000,WIN,757.4748,-67.27
6955,757.4748,2291.6558,7.5747,1.0000,LOSS,749.9000,-66.95
6956,749.9000,2291.6558,7.4990,1.0000,WIN,757.3990,-67.28
6957,757.3990,2291.6558,7.5740,1.0000,WIN,764.9730,-66.95
6958,764.9730,2291.6558,7.6497,1.0000,WIN,772.6227,-66.62
6959,772.6227,2291.6558,7.7262,1.0000,LOSS,764.8965,-66.29
6960,764.8965,2291.6558,7.6490,1.0000,LOSS,757.2475,-66.62
6961,757.2475,2291.6558,7.5725,1.0000,WIN,764.8200,-66.96
6962,764.8200,2291.6558,7.6482,1.0000,WIN,772.4682,-66.63
6963,772.4682,2291.6558,7.7247,1.0000,LOSS,764.7435,-66.29
6964,764.7435,2291.6558,7.6474,1.0000,LOSS,757.0961,-66.63
6965,757.0961,2291.6558,7.5710,1.0000,LOSS,749.5251,-66.96
6966,749.5251,2291.6558,7.4953,1.0000,LOSS,742.0299,-67.29
6967,742.0299,2291.6558,7.4203,1.0000,LOSS,734.6096,-67.62
6968,734.6096,2291.6558,7.3461,1.0000,WIN,741.9557,-67.94
6969,741.9557,2291.6558,7.4196,1.0000,WIN,749.3752,-67.62
6970,749.3752,2291.6558,7.4938,1.0000,WIN,756.8690,-67.30
6971,756.8690,2291.6558,7.5687,1.0000,WIN,764.4377,-66.97
6972,764.4377,2291.6558,7.6444,1.0000,LOSS,756.7933,-66.64
6973,756.7933,2291.6558,7.5679,1.0000,LOSS,749.2254,-66.98
6974,749.2254,2291.6558,7.4923,1.0000,WIN,756.7176,-67.31
6975,756.7176,2291.6558,7.5672,1.0000,WIN,764.2848,-66.98
6976,764.2848,2291.6558,7.6428,1.0000,LOSS,756.6420,-66.65
6977,756.6420,2291.6558,7.5664,1.0000,LOSS,749.0755,-66.98
6978,749.0755,2291.6558,7.4908,1.0000,LOSS,741.5848,-67.31
6979,741.5848,2291.6558,7.4158,1.0000,WIN,749.0006,-67.64
6980,749.0006,2291.6558,7.4900,1.0000,WIN,756.4906,-67.32
6981,756.4906,2291.6558,7.5649,1.0000,WIN,764.0555,-66.99
6982,764.0555,2291.6558,7.6406,1.0000,LOSS,756.4150,-66.66
6983,756.4150,2291.6558,7.5641,1.0000,WIN,763.9791,-66.99
6984,763.9791,2291.6558,7.6398,1.0000,LOSS,756.3393,-66.66
6985,756.3393,2291.6558,7.5634,1.0000,LOSS,748.7760,-67.00
6986,748.7760,2291.6558,7.4878,1.0000,WIN,756.2637,-67.33
6987,756.2637,2291.6558,7.5626,1.0000,LOSS,748.7011,-67.00
6988,748.7011,2291.6558,7.4870,1.0000,WIN,756.1881,-67.33
6989,756.1881,2291.6558,7.5619,1.0000,LOSS,748.6262,-67.00
6990,748.6262,2291.6558,7.4863,1.0000,LOSS,741.1399,-67.33
6991,741.1399,2291.6558,7.4114,1.0000,WIN,748.5513,-67.66
6992,748.5513,2291.6558,7.4855,1.0000,WIN,756.0369,-67.34
6993,756.0369,2291.6558,7.5604,1.0000,WIN,763.5972,-67.01
6994,763.5972,2291.6558,7.6360,1.0000,WIN,771.2332,-66.68
6995,771.2332,2291.6558,7.7123,1.0000,WIN,778.9455,-66.35
6996,778.9455,2291.6558,7.7895,1.0000,WIN,786.7350,-66.01
6997,786.7350,2291.6558,7.8673,1.0000,LOSS,778.8676,-65.67
6998,778.8676,2291.6558,7.7887,1.0000,LOSS,771.0790,-66.01
6999,771.0790,2291.6558,7.7108,1.0000,LOSS,763.3682,-66.35
7000,763.3682,2291.6558,7.6337,1.0000,LOSS,755.7345,-66.69
7001,755.7345,2291.6558,7.5573,1.0000,WIN,763.2918,-67.02
7002,763.2918,2291.6558,7.6329,1.0000,WIN,770.9248,-66.69
7003,770.9248,2291.6558,7.7092,1.0000,WIN,778.6340,-66.36
7004,778.6340,2291.6558,7.7863,1.0000,WIN,786.4203,-66.02
7005,786.4203,2291.6558,7.8642,1.0000,LOSS,778.5561,-65.68
7006,778.5561,2291.6558,7.7856,1.0000,WIN,786.3417,-66.03
7007,786.3417,2291.6558,7.8634,1.0000,LOSS,778.4783,-65.69
7008,778.4783,2291.6558,7.7848,1.0000,WIN,786.2631,-66.03
7009,786.2631,2291.6558,7.8626,1.0000,WIN,794.1257,-65.69
7010,794.1257,2291.6558,7.9413,1.0000,WIN,802.0670,-65.35
7011,802.0670,2291.6558,8.0207,1.0000,LOSS,794.0463,-65.00
7012,794.0463,2291.6558,7.9405,1.0000,WIN,801.9867,-65.35
7013,801.9867,2291.6558,8.0199,1.0000,WIN,810.0066,-65.00
7014,810.0066,2291.6558,8.1001,1.0000,LOSS,801.9065,-64.65
7015,801.9065,2291.6558,8.0191,1.0000,WIN,809.9256,-65.01
7016,809.9256,2291.6558,8.0993,1.0000,WIN,818.0249,-64.66
7017,818.0249,2291.6558,8.1802,1.0000,LOSS,809.8446,-64.30
7018,809.8446,2291.6558,8.0984,1.0000,LOSS,801.7462,-64.66
7019,801.7462,2291.6558,8.0175,1.0000,WIN,809.7636,-65.01
7020,809.7636,2291.6558,8.0976,1.0000,LOSS,801.6660,-64.66
7021,801.6660,2291.6558,8.0167,1.0000,WIN,809.6827,-65.02
7022,809.6827,2291.6558,8.0968,1.0000,WIN,817.7795,-64.67
7023,817.7795,2291.6558,8.1778,1.0000,WIN,825.9573,-64.31
7024,825.9573,2291.6558,8.2596,1.0000,LOSS,817.6977,-63.96
7025,817.6977,2291.6558,8.1770,1.0000,WIN,825.8747,-64.32
7026,825.8747,2291.6558,8.2587,1.0000,WIN,834.1334,-63.96
7027,834.1334,2291.6558,8.3413,1.0000,LOSS,825.7921,-63.60
7028,825.7921,2291.6558,8.2579,1.0000,LOSS,817.5342,-63.97
7029,817.5342,2291.6558,8.1753,1.0000,LOSS,809.3588,-64.33
7030,809.3588,2291.6558,8.0936,1.0000,LOSS,801.2652,-64.68
7031,801.2652,2291.6558,8.0127,1.0000,LOSS,793.2526,-65.04
7032,793.2526,2291.6558,7.9325,1.0000,LOSS,785.3201,-65.39
7033,785.3201,2291.6558,7.8532,1.0000,WIN,793.1733,-65.73
7034,793.1733,2291.6558,7.9317,1.0000,WIN,801.1050,-65.39
7035,801.1050,2291.6558,8.0110,1.0000,LOSS,793.0939,-65.04
7036,793.0939,2291.6558,7.9309,1.0000,WIN,801.0249,-65.39
7037,801.0249,2291.6558,8.0102,1.0000,WIN,809.0351,-65.05
7038,809.0351,2291.6558,8.0904,1.0000,LOSS,800.9448,-64.70
7039,800.9448,2291.6558,8.0094,1.0000,WIN,808.9542,-65.05
7040,808.9542,2291.6558,8.0895,1.0000,WIN,817.0438,-64.70
7041,817.0438,2291.6558,8.1704,1.0000,LOSS,808.8733,-64.35
7042,808.8733,2291.6558,8.0887,1.0000,LOSS,800.7846,-64.70
7043,800.7846,2291.6558,8.0078,1.0000,WIN,808.7925,-65.06
7044,808.7925,2291.6558,8.0879,1.0000,LOSS,800.7045,-64.71
7045,800.7045,2291.6558,8.0070,1.0000,WIN,808.7116,-65.06
7046,808.7116,2291.6558,8.0871,1.0000,LOSS,800.6245,-64.71
7047,800.6245,2291.6558,8.0062,1.0000,LOSS,792.6182,-65.06
7048,792.6182,2291.6558,7.9262,1.0000,LOSS,784.6920,-65.41
7049,784.6920,2291.6558,7.8469,1.0000,WIN,792.5390,-65.76
7050,792.5390,2291.6558,7.9254,1.0000,WIN,800.4643,-65.42
7051,800.4643,2291.6558,8.0046,1.0000,WIN,808.4690,-65.07
7052,808.4690,2291.6558,8.0847,1.0000,WIN,816.5537,-64.72
7053,816.5537,2291.6558,8.1655,1.0000,WIN,824.7192,-64.37
7054,824.7192,2291.6558,8.2472,1.0000,WIN,832.9664,-64.01
7055,832.9664,2291.6558,8.3297,1.0000,WIN,841.2961,-63.65
7056,841.2961,2291.6558,8.4130,1.0000,LOSS,832.8831,-63.29
7057,832.8831,2291.6558,8.3288,1.0000,LOSS,824.5543,-63.66
7058,824.5543,2291.6558,8.2455,1.0000,WIN,832.7998,-64.02
7059,832.7998,2291.6558,8.3280,1.0000,WIN,841.1278,-63.66
7060,841.1278,2291.6558,8.4113,1.0000,WIN,849.5391,-63.30
7061,849.5391,2291.6558,8.4954,1.0000,WIN,858.0345,-62.93
7062,858.0345,2291.6558,8.5803,1.0000,LOSS,849.4541,-62.56
7063,849.4541,2291.6558,8.4945,1.0000,LOSS,840.9596,-62.93
7064,840.9596,2291.6558,8.4096,1.0000,LOSS,832.5500,-63.30
7065,832.5500,2291.6558,8.3255,1.0000,LOSS,824.2245,-63.67
7066,824.2245,2291.6558,8.2422,1.0000,LOSS,815.9823,-64.03
7067,815.9823,2291.6558,8.1598,1.0000,WIN,824.1421,-64.39
7068,824.1421,2291.6558,8.2414,1.0000,WIN,832.3835,-64.04
7069,832.3835,2291.6558,8.3238,1.0000,WIN,840.7073,-63.68
7070,840.7073,2291.6558,8.4071,1.0000,WIN,849.1144,-63.31
7071,849.1144,2291.6558,8.4911,1.0000,WIN,857.6056,-62.95
7072,857.6056,2291.6558,8.5761,1.0000,WIN,866.1816,-62.58
7073,866.1816,2291.6558,8.6618,1.0000,WIN,874.8434,-62.20
7074,874.8434,2291.6558,8.7484,1.0000,LOSS,866.0950,-61.82
7075,866.0950,2291.6558,8.6609,1.0000,WIN,874.7559,-62.21
7076,874.7559,2291.6558,8.7476,1.0000,WIN,883.5035,-61.83
7077,883.5035,2291.6558,8.8350,1.0000,WIN,892.3385,-61.45
7078,892.3385,2291.6558,8.9234,1.0000,LOSS,883.4151,-61.06
7079,883.4151,2291.6558,8.8342,1.0000,LOSS,874.5810,-61.45
7080,874.5810,2291.6558,8.7458,1.0000,LOSS,865.8352,-61.84
7081,865.8352,2291.6558,8.6584,1.0000,WIN,874.4935,-62.22
7082,874.4935,2291.6558,8.7449,1.0000,LOSS,865.7486,-61.84
7083,865.7486,2291.6558,8.6575,1.0000,WIN,874.4061,-62.22
7084,874.4061,2291.6558,8.7441,1.0000,LOSS,865.6620,-61.84
7085,865.6620,2291.6558,8.6566,1.0000,WIN,874.3186,-62.23
7086,874.3186,2291.6558,8.7432,1.0000,WIN,883.0618,-61.85
7087,883.0618,2291.6558,8.8306,1.0000,WIN,891.8925,-61.47
7088,891.8925,2291.6558,8.9189,1.0000,LOSS,882.9735,-61.08
7089,882.9735,2291.6558,8.8297,1.0000,LOSS,874.1438,-61.47
7090,874.1438,2291.6558,8.7414,1.0000,WIN,882.8852,-61.86
7091,882.8852,2291.6558,8.8289,1.0000,LOSS,874.0564,-61.47
7092,874.0564,2291.6558,8.7406,1.0000,LOSS,865.3158,-61.86
7093,865.3158,2291.6558,8.6532,1.0000,LOSS,856.6627,-62.24
7094,856.6627,2291.6558,8.5666,1.0000,WIN,865.2293,-62.62
7095,865.2293,2291.6558,8.6523,1.0000,LOSS,856.5770,-62.24
7096,856.5770,2291.6558,8.5658,1.0000,LOSS,848.0112,-62.62
7097,848.0112,2291.6558,8.4801,1.0000,WIN,856.4913,-63.00
7098,856.4913,2291.6558,8.5649,1.0000,WIN,865.0562,-62.63
7099,865.0562,2291.6558,8.6506,1.0000,WIN,873.7068,-62.25
7100,873.7068,2291.6558,8.7371,1.0000,WIN,882.4439,-61.87
7101,882.4439,2291.6558,8.8244,1.0000,LOSS,873.6194,-61.49
7102,873.6194,2291.6558,8.7362,1.0000,WIN,882.3556,-61.88
7103,882.3556,2291.6558,8.8236,1.0000,WIN,891.1792,-61.50
7104,891.1792,2291.6558,8.9118,1.0000,WIN,900.0910,-61.11
7105,900.0910,2291.6558,9.0009,1.0000,LOSS,891.0901,-60.72
7106,891.0901,2291.6558,8.9109,1.0000,WIN,900.0010,-61.12
7107,900.0010,2291.6558,9.0000,1.0000,WIN,909.0010,-60.73
7108,909.0010,2291.6558,9.0900,1.0000,WIN,918.0910,-60.33
7109,918.0910,2291.6558,9.1809,1.0000,LOSS,908.9101,-59.94
7110,908.9101,2291.6558,9.0891,1.0000,LOSS,899.8210,-60.34
7111,899.8210,2291.6558,8.9982,1.0000,LOSS,890.8228,-60.73
7112,890.8228,2291.6558,8.9082,1.0000,WIN,899.7310,-61.13
7113,899.7310,2291.6558,8.9973,1.0000,LOSS,890.7337,-60.74
7114,890.7337,2291.6558,8.9073,1.0000,LOSS,881.8264,-61.13
7115,881.8264,2291.6558,8.8183,1.0000,WIN,890.6446,-61.52
7116,890.6446,2291.6558,8.9064,1.0000,WIN,899.5511,-61.14
7117,899.5511,2291.6558,8.9955,1.0000,LOSS,890.5556,-60.75
7118,890.5556,2291.6558,8.9056,1.0000,LOSS,881.6500,-61.14
7119,881.6500,2291.6558,8.8165,1.0000,LOSS,872.8335,-61.53
7120,872.8335,2291.6558,8.7283,1.0000,LOSS,864.1052,-61.91
7121,864.1052,2291.6558,8.6411,1.0000,LOSS,855.4641,-62.29
7122,855.4641,2291.6558,8.5546,1.0000,LOSS,846.9095,-62.67
7123,846.9095,2291.6558,8.4691,1.0000,LOSS,838.4404,-63.04
7124,838.4404,2291.6558,8.3844,1.0000,LOSS,830.0560,-63.41
7125,830.0560,2291.6558,8.3006,1.0000,WIN,838.3565,-63.78
7126,838.3565,2291.6558,8.3836,1.0000,WIN,846.7401,-63.42
7127,846.7401,2291.6558,8.4674,1.0000,WIN,855.2075,-63.05
7128,855.2075,2291.6558,8.5521,1.0000,LOSS,846.6554,-62.68
7129,846.6554,2291.6558,8.4666,1.0000,LOSS,838.1889,-63.05
7130,838.1889,2291.6558,8.3819,1.0000,WIN,846.5708,-63.42
7131,846.5708,2291.6558,8.4657,1.0000,LOSS,838.1050,-63.06
7132,838.1050,2291.6558,8.3811,1.0000,WIN,846.4861,-63.43
7133,846.4861,2291.6558,8.4649,1.0000,LOSS,838.0212,-63.06
7134,838.0212,2291.6558,8.3802,1.0000,LOSS,829.6410,-63.43
7135,829.6410,2291.6558,8.2964,1.0000,WIN,837.9374,-63.80
7136,837.9374,2291.6558,8.3794,1.0000,LOSS,829.5581,-63.44
7137,829.5581,2291.6558,8.2956,1.0000,WIN,837.8536,-63.80
7138,837.8536,2291.6558,8.3785,1.0000,WIN,846.2322,-63.44
7139,846.2322,2291.6558,8.4623,1.0000,WIN,854.6945,-63.07
7140,854.6945,2291.6558,8.5469,1.0000,WIN,863.2414,-62.70
7141,863.2414,2291.6558,8.6324,1.0000,LOSS,854.6090,-62.33
7142,854.6090,2291.6558,8.5461,1.0000,WIN,863.1551,-62.71
7143,863.1551,2291.6558,8.6316,1.0000,WIN,871.7867,-62.33
7144,871.7867,2291.6558,8.7179,1.0000,LOSS,863.0688,-61.96
7145,863.0688,2291.6558,8.6307,1.0000,LOSS,854.4381,-62.34
7146,854.4381,2291.6558,8.5444,1.0000,LOSS,845.8937,-62.72
7147,845.8937,2291.6558,8.4589,1.0000,LOSS,837.4348,-63.09
7148,837.4348,2291.6558,8.3743,1.0000,LOSS,829.0605,-63.46
7149,829.0605,2291.6558,8.2906,1.0000,LOSS,820.7698,-63.82
7150,820.7698,2291.6558,8.2077,1.0000,LOSS,812.5621,-64.18
7151,812.5621,2291.6558,8.1256,1.0000,WIN,820.6878,-64.54
7152,820.6878,2291.6558,8.2069,1.0000,WIN,828.8946,-64.19
7153,828.8946,2291.6558,8.2889,1.0000,WIN,837.1836,-63.83
7154,837.1836,2291.6558,8.3718,1.0000,LOSS,828.8118,-63.47
7155,828.8118,2291.6558,8.2881,1.0000,LOSS,820.5236,-63.83
7156,820.5236,2291.6558,8.2052,1.0000,LOSS,812.3184,-64.20
7157,812.3184,2291.6558,8.1232,1.0000,LOSS,804.1952,-64.55
7158,804.1952,2291.6558,8.0420,1.0000,WIN,812.2372,-64.91
7159,812.2372,2291.6558,8.1224,1.0000,LOSS,804.1148,-64.56
7160,804.1148,2291.6558,8.0411,1.0000,WIN,812.1559,-64.91
7161,812.1559,2291.6558,8.1216,1.0000,WIN,820.2775,-64.56
7162,820.2775,2291.6558,8.2028,1.0000,LOSS,812.0747,-64.21
7163,812.0747,2291.6558,8.1207,1.0000,WIN,820.1955,-64.56
7164,820.1955,2291.6558,8.2020,1.0000,WIN,828.3974,-64.21
7165,828.3974,2291.6558,8.2840,1.0000,LOSS,820.1135,-63.85
7166,820.1135,2291.6558,8.2011,1.0000,LOSS,811.9123,-64.21
7167,811.9123,2291.6558,8.1191,1.0000,WIN,820.0314,-64.57
7168,820.0314,2291.6558,8.2003,1.0000,LOSS,811.8311,-64.22
7169,811.8311,2291.6558,8.1183,1.0000,LOSS,803.7128,-64.57
7170,803.7128,2291.6558,8.0371,1.0000,LOSS,795.6757,-64.93
7171,795.6757,2291.6558,7.9568,1.0000,WIN,803.6325,-65.28
7172,803.6325,2291.6558,8.0363,1.0000,WIN,811.6688,-64.93
7173,811.6688,2291.6558,8.1167,1.0000,WIN,819.7855,-64.58
7174,819.7855,2291.6558,8.1979,1.0000,WIN,827.9833,-64.23
7175,827.9833,2291.6558,8.2798,1.0000,LOSS,819.7035,-63.87
7176,819.7035,2291.6558,8.1970,1.0000,LOSS,811.5065,-64.23
7177,811.5065,2291.6558,8.1151,1.0000,LOSS,803.3914,-64.59
7178,803.3914,2291.6558,8.0339,1.0000,WIN,811.4253,-64.94
7179,811.4253,2291.6558,8.1143,1.0000,LOSS,803.3110,-64.59
7180,803.3110,2291.6558,8.0331,1.0000,WIN,811.3442,-64.95
7181,811.3442,2291.6558,8.1134,1.0000,WIN,819.4576,-64.60
7182,819.4576,2291.6558,8.1946,1.0000,WIN,827.6522,-64.24
7183,827.6522,2291.6558,8.2765,1.0000,LOSS,819.3757,-63.88
7184,819.3757,2291.6558,8.1938,1.0000,LOSS,811.1819,-64.25
7185,811.1819,2291.6558,8.1118,1.0000,WIN,819.2937,-64.60
7186,819.2937,2291.6558,8.1929,1.0000,LOSS,811.1008,-64.25
7187,811.1008,2291.6558,8.1110,1.0000,WIN,819.2118,-64.61
7188,819.2118,2291.6558,8.1921,1.0000,LOSS,811.0197,-64.25
7189,811.0197,2291.6558,8.1102,1.0000,WIN,819.1299,-64.61
7190,819.1299,2291.6558,8.1913,1.0000,LOSS,810.9386,-64.26
7191,810.9386,2291.6558,8.1094,1.0000,WIN,819.0480,-64.61
7192,819.0480,2291.6558,8.1905,1.0000,LOSS,810.8575,-64.26
7193,810.8575,2291.6558,8.1086,1.0000,LOSS,802.7489,-64.62
7194,802.7489,2291.6558,8.0275,1.0000,LOSS,794.7214,-64.97
7195,794.7214,2291.6558,7.9472,1.0000,LOSS,786.7742,-65.32
7196,786.7742,2291.6558,7.8677,1.0000,WIN,794.6419,-65.67
7197,794.6419,2291.6558,7.9464,1.0000,LOSS,786.6955,-65.32
7198,786.6955,2291.6558,7.8670,1.0000,LOSS,778.8286,-65.67
7199,778.8286,2291.6558,7.7883,1.0000,LOSS,771.0403,-66.01
7200,771.0403,2291.6558,7.7104,1.0000,WIN,778.7507,-66.35
7201,778.7507,2291.6558,7.7875,1.0000,WIN,786.5382,-66.02
7202,786.5382,2291.6558,7.8654,1.0000,WIN,794.4036,-65.68
7203,794.4036,2291.6558,7.9440,1.0000,LOSS,786.4595,-65.33
7204,786.4595,2291.6558,7.8646,1.0000,WIN,794.3241,-65.68
7205,794.3241,2291.6558,7.9432,1.0000,WIN,802.2674,-65.34
7206,802.2674,2291.6558,8.0227,1.0000,LOSS,794.2447,-64.99
7207,794.2447,2291.6558,7.9424,1.0000,WIN,802.1871,-65.34
7208,802.1871,2291.6558,8.0219,1.0000,LOSS,794.1653,-65.00
7209,794.1653,2291.6558,7.9417,1.0000,WIN,802.1069,-65.35
7210,802.1069,2291.6558,8.0211,1.0000,LOSS,794.0859,-65.00
7211,794.0859,2291.6558,7.9409,1.0000,LOSS,786.1450,-65.35
7212,786.1450,2291.6558,7.8614,1.0000,WIN,794.0064,-65.70
7213,794.0064,2291.6558,7.9401,1.0000,WIN,801.9465,-65.35
7214,801.9465,2291.6558,8.0195,1.0000,LOSS,793.9270,-65.01
7215,793.9270,2291.6558,7.9393,1.0000,WIN,801.8663,-65.36
7216,801.8663,2291.6558,8.0187,1.0000,WIN,809.8850,-65.01
7217,809.8850,2291.6558,8.0988,1.0000,WIN,817.9838,-64.66
7218,817.9838,2291.6558,8.1798,1.0000,LOSS,809.8040,-64.31
7219,809.8040,2291.6558,8.0980,1.0000,LOSS,801.7059,-64.66
7220,801.7059,2291.6558,8.0171,1.0000,LOSS,793.6889,-65.02
7221,793.6889,2291.6558,7.9369,1.0000,LOSS,785.7520,-65.37
7222,785.7520,2291.6558,7.8575,1.0000,WIN,793.6095,-65.71
7223,793.6095,2291.6558,7.9361,1.0000,WIN,801.5456,-65.37
7224,801.5456,2291.6558,8.0155,1.0000,LOSS,793.5302,-65.02
7225,793.5302,2291.6558,7.9353,1.0000,WIN,801.4655,-65.37
7226,801.4655,2291.6558,8.0147,1.0000,LOSS,793.4508,-65.03
7227,793.4508,2291.6558,7.9345,1.0000,LOSS,785.5163,-65.38
7228,785.5163,2291.6558,7.8552,1.0000,LOSS,777.6611,-65.72
7229,777.6611,2291.6558,7.7766,1.0000,WIN,785.4377,-66.07
7230,785.4377,2291.6558,7.8544,1.0000,WIN,793.2921,-65.73
7231,793.2921,2291.6558,7.9329,1.0000,LOSS,785.3592,-65.38
7232,785.3592,2291.6558,7.8536,1.0000,WIN,793.2128,-65.73
7233,793.2128,2291.6558,7.9321,1.0000,WIN,801.1449,-65.39
7234,801.1449,2291.6558,8.0114,1.0000,LOSS,793.1335,-65.04
7235,793.1335,2291.6558,7.9313,1.0000,WIN,801.0648,-65.39
7236,801.0648,2291.6558,8.0106,1.0000,WIN,809.0755,-65.04
7237,809.0755,2291.6558,8.0908,1.0000,WIN,817.1662,-64.69
7238,817.1662,2291.6558,8.1717,1.0000,WIN,825.3379,-64.34
7239,825.3379,2291.6558,8.2534,1.0000,LOSS,817.0845,-63.99
7240,817.0845,2291.6558,8.1708,1.0000,LOSS,808.9137,-64.35
7241,808.9137,2291.6558,8.0891,1.0000,WIN,817.0028,-64.70
7242,817.0028,2291.6558,8.1700,1.0000,WIN,825.1728,-64.35
7243,825.1728,2291.6558,8.2517,1.0000,WIN,833.4245,-63.99
7244,833.4245,2291.6558,8.3342,1.0000,WIN,841.7588,-63.63
7245,841.7588,2291.6558,8.4176,1.0000,WIN,850.1764,-63.27
7246,850.1764,2291.6558,8.5018,1.0000,WIN,858.6781,-62.90
7247,858.6781,2291.6558,8.5868,1.0000,LOSS,850.0914,-62.53
7248,850.0914,2291.6558,8.5009,1.0000,LOSS,841.5904,-62.90
7249,841.5904,2291.6558,8.4159,1.0000,WIN,850.0063,-63.28
7250,850.0063,2291.6558,8.5001,1.0000,LOSS,841.5063,-62.91
7251,841.5063,2291.6558,8.4151,1.0000,WIN,849.9213,-63.28
7252,849.9213,2291.6558,8.4992,1.0000,LOSS,841.4221,-62.91
7253,841.4221,2291.6558,8.4142,1.0000,LOSS,833.0079,-63.28
7254,833.0079,2291.6558,8.3301,1.0000,LOSS,824.6778,-63.65
7255,824.6778,2291.6558,8.2468,1.0000,WIN,832.9246,-64.01
7256,832.9246,2291.6558,8.3292,1.0000,WIN,841.2539,-63.65
7257,841.2539,2291.6558,8.4125,1.0000,WIN,849.6664,-63.29
7258,849.6664,2291.6558,8.4967,1.0000,LOSS,841.1697,-62.92
7259,841.1697,2291.6558,8.4117,1.0000,LOSS,832.7580,-63.29
7260,832.7580,2291.6558,8.3276,1.0000,LOSS,824.4305,-63.66
7261,824.4305,2291.6558,8.2443,1.0000,LOSS,816.1862,-64.02
7262,816.1862,2291.6558,8.1619,1.0000,LOSS,808.0243,-64.38
7263,808.0243,2291.6558,8.0802,1.0000,LOSS,799.9440,-64.74
7264,799.9440,2291.6558,7.9994,1.0000,LOSS,791.9446,-65.09
7265,791.9446,2291.6558,7.9194,1.0000,WIN,799.8641,-65.44
7266,799.8641,2291.6558,7.9986,1.0000,LOSS,791.8654,-65.10
7267,791.8654,2291.6558,7.9187,1.0000,LOSS,783.9468,-65.45
7268,783.9468,2291.6558,7.8395,1.0000,LOSS,776.1073,-65.79
7269,776.1073,2291.6558,7.7611,1.0000,LOSS,768.3462,-66.13
7270,768.3462,2291.6558,7.6835,1.0000,WIN,776.0297,-66.47
7271,776.0297,2291.6558,7.7603,1.0000,WIN,783.7900,-66.14
7272,783.7900,2291.6558,7.8379,1.0000,WIN,791.6279,-65.80
7273,791.6279,2291.6558,7.9163,1.0000,LOSS,783.7116,-65.46
7274,783.7116,2291.6558,7.8371,1.0000,WIN,791.5487,-65.80
7275,791.5487,2291.6558,7.9155,1.0000,WIN,799.4642,-65.46
7276,799.4642,2291.6558,7.9946,1.0000,WIN,807.4588,-65.11
7277,807.4588,2291.6558,8.0746,1.0000,WIN,815.5334,-64.77
7278,815.5334,2291.6558,8.1553,1.0000,LOSS,807.3781,-64.41
7279,807.3781,2291.6558,8.0738,1.0000,LOSS,799.3043,-64.77
7280,799.3043,2291.6558,7.9930,1.0000,LOSS,791.3113,-65.12
7281,791.3113,2291.6558,7.9131,1.0000,WIN,799.2244,-65.47
7282,799.2244,2291.6558,7.9922,1.0000,WIN,807.2166,-65.12
7283,807.2166,2291.6558,8.0722,1.0000,LOSS,799.1445,-64.78
7284,799.1445,2291.6558,7.9914,1.0000,LOSS,791.1530,-65.13
7285,791.1530,2291.6558,7.9115,1.0000,LOSS,783.2415,-65.48
7286,783.2415,2291.6558,7.8324,1.0000,WIN,791.0739,-65.82
7287,791.0739,2291.6558,7.9107,1.0000,LOSS,783.1632,-65.48
7288,783.1632,2291.6558,7.8316,1.0000,WIN,790.9948,-65.83
7289,790.9948,2291.6558,7.9099,1.0000,WIN,798.9047,-65.48
7290,798.9047,2291.6558,7.9890,1.0000,WIN,806.8938,-65.14
7291,806.8938,2291.6558,8.0689,1.0000,LOSS,798.8249,-64.79
7292,798.8249,2291.6558,7.9882,1.0000,LOSS,790.8366,-65.14
7293,790.8366,2291.6558,7.9084,1.0000,LOSS,782.9282,-65.49
7294,782.9282,2291.6558,7.8293,1.0000,WIN,790.7575,-65.84
7295,790.7575,2291.6558,7.9076,1.0000,LOSS,782.8499,-65.49
7296,782.8499,2291.6558,7.8285,1.0000,LOSS,775.0214,-65.84
7297,775.0214,2291.6558,7.7502,1.0000,WIN,782.7717,-66.18
7298,782.7717,2291.6558,7.8277,1.0000,WIN,790.5994,-65.84
7299,790.5994,2291.6558,7.9060,1.0000,WIN,798.5054,-65.50
7300,798.5054,2291.6558,7.9851,1.0000,LOSS,790.5203,-65.16
7301,790.5203,2291.6558,7.9052,1.0000,LOSS,782.6151,-65.50
7302,782.6151,2291.6558,7.8262,1.0000,LOSS,774.7890,-65.85
7303,774.7890,2291.6558,7.7479,1.0000,LOSS,767.0411,-66.19
7304,767.0411,2291.6558,7.6704,1.0000,WIN,774.7115,-66.53
7305,774.7115,2291.6558,7.7471,1.0000,WIN,782.4586,-66.19
7306,782.4586,2291.6558,7.8246,1.0000,WIN,790.2832,-65.86
7307,790.2832,2291.6558,7.9028,1.0000,WIN,798.1860,-65.51
7308,798.1860,2291.6558,7.9819,1.0000,WIN,806.1679,-65.17
7309,806.1679,2291.6558,8.0617,1.0000,WIN,814.2296,-64.82
7310,814.2296,2291.6558,8.1423,1.0000,LOSS,806.0873,-64.47
7311,806.0873,2291.6558,8.0609,1.0000,WIN,814.1481,-64.83
7312,814.1481,2291.6558,8.1415,1.0000,WIN,822.2896,-64.47
7313,822.2896,2291.6558,8.2229,1.0000,WIN,830.5125,-64.12
7314,830.5125,2291.6558,8.3051,1.0000,WIN,838.8176,-63.76
7315,838.8176,2291.6558,8.3882,1.0000,LOSS,830.4295,-63.40
7316,830.4295,2291.6558,8.3043,1.0000,LOSS,822.1252,-63.76
7317,822.1252,2291.6558,8.2213,1.0000,LOSS,813.9039,-64.13
7318,813.9039,2291.6558,8.1390,1.0000,LOSS,805.7649,-64.48
7319,805.7649,2291.6558,8.0576,1.0000,LOSS,797.7072,-64.84
7320,797.7072,2291.6558,7.9771,1.0000,LOSS,789.7302,-65.19
7321,789.7302,2291.6558,7.8973,1.0000,WIN,797.6275,-65.54
7322,797.6275,2291.6558,7.9763,1.0000,LOSS,789.6512,-65.19
7323,789.6512,2291.6558,7.8965,1.0000,LOSS,781.7547,-65.54
7324,781.7547,2291.6558,7.8175,1.0000,LOSS,773.9371,-65.89
7325,773.9371,2291.6558,7.7394,1.0000,WIN,781.6765,-66.23
7326,781.6765,2291.6558,7.8168,1.0000,WIN,789.4933,-65.89
7327,789.4933,2291.6558,7.8949,1.0000,WIN,797.3882,-65.55
7328,797.3882,2291.6558,7.9739,1.0000,LOSS,789.4143,-65.20
7329,789.4143,2291.6558,7.8941,1.0000,LOSS,781.5202,-65.55
7330,781.5202,2291.6558,7.8152,1.0000,WIN,789.3354,-65.90
7331,789.3354,2291.6558,7.8934,1.0000,WIN,797.2287,-65.56
7332,797.2287,2291.6558,7.9723,1.0000,LOSS,789.2564,-65.21
7333,789.2564,2291.6558,7.8926,1.0000,LOSS,781.3639,-65.56
7334,781.3639,2291.6558,7.8136,1.0000,WIN,789.1775,-65.90
7335,789.1775,2291.6558,7.8918,1.0000,LOSS,781.2857,-65.56
7336,781.2857,2291.6558,7.8129,1.0000,LOSS,773.4729,-65.91
7337,773.4729,2291.6558,7.7347,1.0000,LOSS,765.7381,-66.25
7338,765.7381,2291.6558,7.6574,1.0000,WIN,773.3955,-66.59
7339,773.3955,2291.6558,7.7340,1.0000,LOSS,765.6616,-66.25
7340,765.6616,2291.6558,7.6566,1.0000,LOSS,758.0050,-66.59
7341,758.0050,2291.6558,7.5800,1.0000,WIN,765.5850,-66.92
7342,765.5850,2291.6558,7.6559,1.0000,WIN,773.2409,-66.59
7343,773.2409,2291.6558,7.7324,1.0000,WIN,780.9733,-66.26
7344,780.9733,2291.6558,7.8097,1.0000,LOSS,773.1635,-65.92
7345,773.1635,2291.6558,7.7316,1.0000,LOSS,765.4319,-66.26
7346,765.4319,2291.6558,7.6543,1.0000,LOSS,757.7776,-66.60
7347,757.7776,2291.6558,7.5778,1.0000,LOSS,750.1998,-66.93
7348,750.1998,2291.6558,7.5020,1.0000,LOSS,742.6978,-67.26
7349,742.6978,2291.6558,7.4270,1.0000,WIN,750.1248,-67.59
7350,750.1248,2291.6558,7.5012,1.0000,LOSS,742.6235,-67.27
7351,742.6235,2291.6558,7.4262,1.0000,WIN,750.0498,-67.59
7352,750.0498,2291.6558,7.5005,1.0000,WIN,757.5503,-67.27
7353,757.5503,2291.6558,7.5755,1.0000,LOSS,749.9748,-66.94
7354,749.9748,2291.6558,7.4997,1.0000,LOSS,742.4750,-67.27
7355,742.4750,2291.6558,7.4248,1.0000,LOSS,735.0503,-67.60
7356,735.0503,2291.6558,7.3505,1.0000,WIN,742.4008,-67.92
7357,742.4008,2291.6558,7.4240,1.0000,WIN,749.8248,-67.60
7358,749.8248,2291.6558,7.4982,1.0000,WIN,757.3230,-67.28
7359,757.3230,2291.6558,7.5732,1.0000,LOSS,749.7498,-66.95
7360,749.7498,2291.6558,7.4975,1.0000,WIN,757.2473,-67.28
7361,757.2473,2291.6558,7.5725,1.0000,WIN,764.8198,-66.96
7362,764.8198,2291.6558,7.6482,1.0000,LOSS,757.1716,-66.63
7363,757.1716,2291.6558,7.5717,1.0000,WIN,764.7433,-66.96
7364,764.7433,2291.6558,7.6474,1.0000,WIN,772.3907,-66.63
7365,772.3907,2291.6558,7.7239,1.0000,WIN,780.1146,-66.30
7366,780.1146,2291.6558,7.8011,1.0000,WIN,787.9158,-65.96
7367,787.9158,2291.6558,7.8792,1.0000,LOSS,780.0366,-65.62
7368,780.0366,2291.6558,7.8004,1.0000,LOSS,772.2362,-65.96
7369,772.2362,2291.6558,7.7224,1.0000,LOSS,764.5139,-66.30
7370,764.5139,2291.6558,7.6451,1.0000,LOSS,756.8687,-66.64
7371,756.8687,2291.6558,7.5687,1.0000,WIN,764.4374,-66.97
7372,764.4374,2291.6558,7.6444,1.0000,WIN,772.0818,-66.64
7373,772.0818,2291.6558,7.7208,1.0000,WIN,779.8026,-66.31
7374,779.8026,2291.6558,7.7980,1.0000,LOSS,772.0046,-65.97
7375,772.0046,2291.6558,7.7200,1.0000,WIN,779.7246,-66.31
7376,779.7246,2291.6558,7.7972,1.0000,LOSS,771.9274,-65.98
7377,771.9274,2291.6558,7.7193,1.0000,WIN,779.6467,-66.32
7378,779.6467,2291.6558,7.7965,1.0000,LOSS,771.8502,-65.98
7379,771.8502,2291.6558,7.7185,1.0000,LOSS,764.1317,-66.32
7380,764.1317,2291.6558,7.6413,1.0000,LOSS,756.4904,-66.66
7381,756.4904,2291.6558,7.5649,1.0000,LOSS,748.9255,-66.99
7382,748.9255,2291.6558,7.4893,1.0000,LOSS,741.4362,-67.32
7383,741.4362,2291.6558,7.4144,1.0000,LOSS,734.0219,-67.65
7384,734.0219,2291.6558,7.3402,1.0000,LOSS,726.6816,-67.97
7385,726.6816,2291.6558,7.2668,1.0000,WIN,733.9485,-68.29
7386,733.9485,2291.6558,7.3395,1.0000,LOSS,726.6090,-67.97
7387,726.6090,2291.6558,7.2661,1.0000,LOSS,719.3429,-68.29
7388,719.3429,2291.6558,7.1934,1.0000,WIN,726.5363,-68.61
7389,726.5363,2291.6558,7.2654,1.0000,LOSS,719.2710,-68.30
7390,719.2710,2291.6558,7.1927,1.0000,WIN,726.4637,-68.61
7391,726.4637,2291.6558,7.2646,1.0000,WIN,733.7283,-68.30
7392,733.7283,2291.6558,7.3373,1.0000,LOSS,726.3910,-67.98
7393,726.3910,2291.6558,7.2639,1.0000,LOSS,719.1271,-68.30
7394,719.1271,2291.6558,7.1913,1.0000,WIN,726.3184,-68.62
7395,726.3184,2291.6558,7.2632,1.0000,LOSS,719.0552,-68.31
7396,719.0552,2291.6558,7.1906,1.0000,WIN,726.2457,-68.62
7397,726.2457,2291.6558,7.2625,1.0000,WIN,733.5082,-68.31
7398,733.5082,2291.6558,7.3351,1.0000,WIN,740.8433,-67.99
7399,740.8433,2291.6558,7.4084,1.0000,LOSS,733.4349,-67.67
7400,733.4349,2291.6558,7.3343,1.0000,WIN,740.7692,-68.00
7401,740.7692,2291.6558,7.4077,1.0000,LOSS,733.3615,-67.68
7402,733.3615,2291.6558,7.3336,1.0000,LOSS,726.0279,-68.00
7403,726.0279,2291.6558,7.2603,1.0000,WIN,733.2882,-68.32
7404,733.2882,2291.6558,7.3329,1.0000,WIN,740.6211,-68.00
7405,740.6211,2291.6558,7.4062,1.0000,WIN,748.0273,-67.68
7406,748.0273,2291.6558,7.4803,1.0000,LOSS,740.5470,-67.36
7407,740.5470,2291.6558,7.4055,1.0000,LOSS,733.1415,-67.69
7408,733.1415,2291.6558,7.3314,1.0000,WIN,740.4729,-68.01
7409,740.4729,2291.6558,7.4047,1.0000,LOSS,733.0682,-67.69
7410,733.0682,2291.6558,7.3307,1.0000,WIN,740.3989,-68.01
7411,740.3989,2291.6558,7.4040,1.0000,LOSS,732.9949,-67.69
7412,732.9949,2291.6558,7.3299,1.0000,LOSS,725.6650,-68.01
7413,725.6650,2291.6558,7.2566,1.0000,WIN,732.9216,-68.33
7414,732.9216,2291.6558,7.3292,1.0000,WIN,740.2508,-68.02
7415,740.2508,2291.6558,7.4025,1.0000,LOSS,732.8483,-67.70
7416,732.8483,2291.6558,7.3285,1.0000,WIN,740.1768,-68.02
7417,740.1768,2291.6558,7.4018,1.0000,LOSS,732.7750,-67.70
7418,732.7750,2291.6558,7.3278,1.0000,LOSS,725.4473,-68.02
7419,725.4473,2291.6558,7.2545,1.0000,WIN,732.7017,-68.34
7420,732.7017,2291.6558,7.3270,1.0000,LOSS,725.3747,-68.03
7421,725.3747,2291.6558,7.2537,1.0000,WIN,732.6285,-68.35
7422,732.6285,2291.6558,7.3263,1.0000,LOSS,725.3022,-68.03
7423,725.3022,2291.6558,7.2530,1.0000,WIN,732.5552,-68.35
7424,732.5552,2291.6558,7.3256,1.0000,LOSS,725.2297,-68.03
7425,725.2297,2291.6558,7.2523,1.0000,LOSS,717.9774,-68.35
7426,717.9774,2291.6558,7.1798,1.0000,LOSS,710.7976,-68.67
7427,710.7976,2291.6558,7.1080,1.0000,WIN,717.9056,-68.98
7428,717.9056,2291.6558,7.1791,1.0000,LOSS,710.7265,-68.67
7429,710.7265,2291.6558,7.1073,1.0000,LOSS,703.6192,-68.99
7430,703.6192,2291.6558,7.0362,1.0000,LOSS,696.5831,-69.30
7431,696.5831,2291.6558,6.9658,1.0000,WIN,703.5489,-69.60
7432,703.5489,2291.6558,7.0355,1.0000,WIN,710.5844,-69.30
7433,710.5844,2291.6558,7.1058,1.0000,WIN,717.6902,-68.99
7434,717.6902,2291.6558,7.1769,1.0000,WIN,724.8671,-68.68
7435,724.8671,2291.6558,7.2487,1.0000,WIN,732.1158,-68.37
7436,732.1158,2291.6558,7.3212,1.0000,LOSS,724.7946,-68.05
7437,724.7946,2291.6558,7.2479,1.0000,LOSS,717.5467,-68.37
7438,717.5467,2291.6558,7.1755,1.0000,LOSS,710.3712,-68.69
7439,710.3712,2291.6558,7.1037,1.0000,WIN,717.4749,-69.00
7440,717.4749,2291.6558,7.1747,1.0000,LOSS,710.3002,-68.69
7441,710.3002,2291.6558,7.1030,1.0000,LOSS,703.1972,-69.00
7442,703.1972,2291.6558,7.0320,1.0000,LOSS,696.1652,-69.31
7443,696.1652,2291.6558,6.9617,1.0000,LOSS,689.2036,-69.62
7444,689.2036,2291.6558,6.8920,1.0000,LOSS,682.3115,-69.93
7445,682.3115,2291.6558,6.8231,1.0000,LOSS,675.4884,-70.23
7446,675.4884,2291.6558,6.7549,1.0000,LOSS,668.7335,-70.52
7447,668.7335,2291.6558,6.6873,1.0000,LOSS,662.0462,-70.82
7448,662.0462,2291.6558,6.6205,1.0000,WIN,668.6667,-71.11
7449,668.6667,2291.6558,6.6867,1.0000,LOSS,661.9800,-70.82
7450,661.9800,2291.6558,6.6198,1.0000,WIN,668.5998,-71.11
7451,668.5998,2291.6558,6.6860,1.0000,LOSS,661.9138,-70.82
7452,661.9138,2291.6558,6.6191,1.0000,LOSS,655.2946,-71.12
7453,655.2946,2291.6558,6.5529,1.0000,LOSS,648.7417,-71.41
7454,648.7417,2291.6558,6.4874,1.0000,LOSS,642.2543,-71.69
7455,642.2543,2291.6558,6.4225,1.0000,LOSS,635.8317,-71.97
7456,635.8317,2291.6558,6.3583,1.0000,WIN,642.1901,-72.25
7457,642.1901,2291.6558,6.4219,1.0000,WIN,648.6120,-71.98
7458,648.6120,2291.6558,6.4861,1.0000,WIN,655.0981,-71.70
7459,655.0981,2291.6558,6.5510,1.0000,LOSS,648.5471,-71.41
7460,648.5471,2291.6558,6.4855,1.0000,LOSS,642.0616,-71.70
7461,642.0616,2291.6558,6.4206,1.0000,WIN,648.4822,-71.98
7462,648.4822,2291.6558,6.4848,1.0000,WIN,654.9671,-71.70
7463,654.9671,2291.6558,6.5497,1.0000,LOSS,648.4174,-71.42
7464,648.4174,2291.6558,6.4842,1.0000,WIN,654.9016,-71.71
7465,654.9016,2291.6558,6.5490,1.0000,LOSS,648.3526,-71.42
7466,648.3526,2291.6558,6.4835,1.0000,LOSS,641.8690,-71.71
7467,641.8690,2291.6558,6.4187,1.0000,LOSS,635.4503,-71.99
7468,635.4503,2291.6558,6.3545,1.0000,LOSS,629.0958,-72.27
7469,629.0958,2291.6558,6.2910,1.0000,LOSS,622.8049,-72.55
7470,622.8049,2291.6558,6.2280,1.0000,LOSS,616.5768,-72.82
7471,616.5768,2291.6558,6.1658,1.0000,LOSS,610.4111,-73.09
7472,610.4111,2291.6558,6.1041,1.0000,LOSS,604.3069,-73.36
7473,604.3069,2291.6558,6.0431,1.0000,WIN,610.3500,-73.63
7474,610.3500,2291.6558,6.1035,1.0000,LOSS,604.2465,-73.37
7475,604.2465,2291.6558,6.0425,1.0000,LOSS,598.2041,-73.63
7476,598.2041,2291.6558,5.9820,1.0000,LOSS,592.2220,-73.90
7477,592.2220,2291.6558,5.9222,1.0000,LOSS,586.2998,-74.16
7478,586.2998,2291.6558,5.8630,1.0000,LOSS,580.4368,-74.42
7479,580.4368,2291.6558,5.8044,1.0000,LOSS,574.6324,-74.67
7480,574.6324,2291.6558,5.7463,1.0000,LOSS,568.8861,-74.93
7481,568.8861,2291.6558,5.6889,1.0000,WIN,574.5750,-75.18
7482,574.5750,2291.6558,5.7457,1.0000,WIN,580.3207,-74.93
7483,580.3207,2291.6558,5.8032,1.0000,LOSS,574.5175,-74.68
7484,574.5175,2291.6558,5.7452,1.0000,WIN,580.2627,-74.93
7485,580.2627,2291.6558,5.8026,1.0000,WIN,586.0653,-74.68
7486,586.0653,2291.6558,5.8607,1.0000,WIN,591.9260,-74.43
7487,591.9260,2291.6558,5.9193,1.0000,WIN,597.8452,-74.17
7488,597.8452,2291.6558,5.9785,1.0000,WIN,603.8237,-73.91
7489,603.8237,2291.6558,6.0382,1.0000,WIN,609.8619,-73.65
7490,609.8619,2291.6558,6.0986,1.0000,WIN,615.9605,-73.39
7491,615.9605,2291.6558,6.1596,1.0000,WIN,622.1201,-73.12
7492,622.1201,2291.6558,6.2212,1.0000,WIN,628.3413,-72.85
7493,628.3413,2291.6558,6.2834,1.0000,WIN,634.6247,-72.58
7494,634.6247,2291.6558,6.3462,1.0000,LOSS,628.2785,-72.31
7495,628.2785,2291.6558,6.2828,1.0000,WIN,634.5613,-72.58
7496,634.5613,2291.6558,6.3456,1.0000,WIN,640.9069,-72.31
7497,640.9069,2291.6558,6.4091,1.0000,WIN,647.3160,-72.03
7498,647.3160,2291.6558,6.4732,1.0000,WIN,653.7891,-71.75
7499,653.7891,2291.6558,6.5379,1.0000,WIN,660.3270,-71.47
7500,660.3270,2291.6558,6.6033,1.0000,WIN,666.9303,-71.19
7501,666.9303,2291.6558,6.6693,1.0000,WIN,673.5996,-70.90
7502,673.5996,2291.6558,6.7360,1.0000,WIN,680.3356,-70.61
7503,680.3356,2291.6558,6.8034,1.0000,WIN,687.1389,-70.31
7504,687.1389,2291.6558,6.8714,1.0000,LOSS,680.2676,-70.02
7505,680.2676,2291.6558,6.8027,1.0000,LOSS,673.4649,-70.32
7506,673.4649,2291.6558,6.7346,1.0000,WIN,680.1995,-70.61
7507,680.1995,2291.6558,6.8020,1.0000,LOSS,673.3975,-70.32
7508,673.3975,2291.6558,6.7340,1.0000,WIN,680.1315,-70.62
7509,680.1315,2291.6558,6.8013,1.0000,LOSS,673.3302,-70.32
7510,673.3302,2291.6558,6.7333,1.0000,LOSS,666.5969,-70.62
7511,666.5969,2291.6558,6.6660,1.0000,LOSS,659.9309,-70.91
7512,659.9309,2291.6558,6.5993,1.0000,WIN,666.5302,-71.20
7513,666.5302,2291.6558,6.6653,1.0000,WIN,673.1955,-70.91
7514,673.1955,2291.6558,6.7320,1.0000,WIN,679.9275,-70.62
7515,679.9275,2291.6558,6.7993,1.0000,LOSS,673.1282,-70.33
7516,673.1282,2291.6558,6.7313,1.0000,WIN,679.8595,-70.63
7517,679.8595,2291.6558,6.7986,1.0000,LOSS,673.0609,-70.33
7518,673.0609,2291.6558,6.7306,1.0000,WIN,679.7915,-70.63
7519,679.7915,2291.6558,6.7979,1.0000,WIN,686.5894,-70.34
7520,686.5894,2291.6558,6.8659,1.0000,LOSS,679.7235,-70.04
7521,679.7235,2291.6558,6.7972,1.0000,WIN,686.5208,-70.34
7522,686.5208,2291.6558,6.8652,1.0000,WIN,693.3860,-70.04
7523,693.3860,2291.6558,6.9339,1.0000,WIN,700.3198,-69.74
7524,700.3198,2291.6558,7.0032,1.0000,LOSS,693.3166,-69.44
7525,693.3166,2291.6558,6.9332,1.0000,LOSS,686.3835,-69.75
7526,686.3835,2291.6558,6.8638,1.0000,LOSS,679.5196,-70.05
7527,679.5196,2291.6558,6.7952,1.0000,LOSS,672.7244,-70.35
7528,672.7244,2291.6558,6.7272,1.0000,WIN,679.4517,-70.64
7529,679.4517,2291.6558,6.7945,1.0000,LOSS,672.6572,-70.35
7530,672.6572,2291.6558,6.7266,1.0000,WIN,679.3837,-70.65
7531,679.3837,2291.6558,6.7938,1.0000,WIN,686.1776,-70.35
7532,686.1776,2291.6558,6.8618,1.0000,WIN,693.0393,-70.06
7533,693.0393,2291.6558,6.9304,1.0000,LOSS,686.1090,-69.76
7534,686.1090,2291.6558,6.8611,1.0000,LOSS,679.2479,-70.06
7535,679.2479,2291.6558,6.7925,1.0000,LOSS,672.4554,-70.36
7536,672.4554,2291.6558,6.7246,1.0000,WIN,679.1799,-70.66
7537,679.1799,2291.6558,6.7918,1.0000,WIN,685.9717,-70.36
7538,685.9717,2291.6558,6.8597,1.0000,LOSS,679.1120,-70.07
7539,679.1120,2291.6558,6.7911,1.0000,LOSS,672.3209,-70.37
7540,672.3209,2291.6558,6.7232,1.0000,LOSS,665.5977,-70.66
7541,665.5977,2291.6558,6.6560,1.0000,LOSS,658.9417,-70.96
7542,658.9417,2291.6558,6.5894,1.0000,WIN,665.5311,-71.25
7543,665.5311,2291.6558,6.6553,1.0000,LOSS,658.8758,-70.96
7544,658.8758,2291.6558,6.5888,1.0000,LOSS,652.2871,-71.25
7545,652.2871,2291.6558,6.5229,1.0000,LOSS,645.7642,-71.54
7546,645.7642,2291.6558,6.4576,1.0000,LOSS,639.3066,-71.82
7547,639.3066,2291.6558,6.3931,1.0000,WIN,645.6996,-72.10
7548,645.6996,2291.6558,6.4570,1.0000,WIN,652.1566,-71.82
7549,652.1566,2291.6558,6.5216,1.0000,WIN,658.6782,-71.54
7550,658.6782,2291.6558,6.5868,1.0000,LOSS,652.0914,-71.26
7551,652.0914,2291.6558,6.5209,1.0000,LOSS,645.5705,-71.54
7552,645.5705,2291.6558,6.4557,1.0000,WIN,652.0262,-71.83
7553,652.0262,2291.6558,6.5203,1.0000,LOSS,645.5059,-71.55
7554,645.5059,2291.6558,6.4551,1.0000,LOSS,639.0509,-71.83
7555,639.0509,2291.6558,6.3905,1.0000,LOSS,632.6604,-72.11
7556,632.6604,2291.6558,6.3266,1.0000,WIN,638.9870,-72.39
7557,638.9870,2291.6558,6.3899,1.0000,WIN,645.3768,-72.12
7558,645.3768,2291.6558,6.4538,1.0000,LOSS,638.9231,-71.84
7559,638.9231,2291.6558,6.3892,1.0000,LOSS,632.5338,-72.12
7560,632.5338,2291.6558,6.3253,1.0000,WIN,638.8592,-72.40
7561,638.8592,2291.6558,6.3886,1.0000,LOSS,632.4706,-72.12
7562,632.4706,2291.6558,6.3247,1.0000,WIN,638.7953,-72.40
7563,638.7953,2291.6558,6.3880,1.0000,WIN,645.1832,-72.13
7564,645.1832,2291.6558,6.4518,1.0000,LOSS,638.7314,-71.85
7565,638.7314,2291.6558,6.3873,1.0000,WIN,645.1187,-72.13
7566,645.1187,2291.6558,6.4512,1.0000,WIN,651.5699,-71.85
7567,651.5699,2291.6558,6.5157,1.0000,LOSS,645.0542,-71.57
7568,645.0542,2291.6558,6.4505,1.0000,LOSS,638.6037,-71.85
7569,638.6037,2291.6558,6.3860,1.0000,LOSS,632.2176,-72.13
7570,632.2176,2291.6558,6.3222,1.0000,WIN,638.5398,-72.41
7571,638.5398,2291.6558,6.3854,1.0000,WIN,644.9252,-72.14
7572,644.9252,2291.6558,6.4493,1.0000,LOSS,638.4760,-71.86
7573,638.4760,2291.6558,6.3848,1.0000,LOSS,632.0912,-72.14
7574,632.0912,2291.6558,6.3209,1.0000,WIN,638.4121,-72.42
7575,638.4121,2291.6558,6.3841,1.0000,LOSS,632.0280,-72.14
7576,632.0280,2291.6558,6.3203,1.0000,LOSS,625.7077,-72.42
7577,625.7077,2291.6558,6.2571,1.0000,WIN,631.9648,-72.70
7578,631.9648,2291.6558,6.3196,1.0000,WIN,638.2844,-72.42
7579,638.2844,2291.6558,6.3828,1.0000,WIN,644.6673,-72.15
7580,644.6673,2291.6558,6.4467,1.0000,WIN,651.1139,-71.87
7581,651.1139,2291.6558,6.5111,1.0000,LOSS,644.6028,-71.59
7582,644.6028,2291.6558,6.4460,1.0000,LOSS,638.1568,-71.87
7583,638.1568,2291.6558,6.3816,1.0000,WIN,644.5383,-72.15
7584,644.5383,2291.6558,6.4454,1.0000,LOSS,638.0930,-71.87
7585,638.0930,2291.6558,6.3809,1.0000,LOSS,631.7120,-72.16
7586,631.7120,2291.6558,6.3171,1.0000,LOSS,625.3949,-72.43
7587,625.3949,2291.6558,6.2539,1.0000,LOSS,619.1410,-72.71
7588,619.1410,2291.6558,6.1914,1.0000,LOSS,612.9496,-72.98
7589,612.9496,2291.6558,6.1295,1.0000,WIN,619.0790,-73.25
7590,619.0790,2291.6558,6.1908,1.0000,LOSS,612.8883,-72.99
7591,612.8883,2291.6558,6.1289,1.0000,LOSS,606.7594,-73.26
7592,606.7594,2291.6558,6.0676,1.0000,LOSS,600.6918,-73.52
7593,600.6918,2291.6558,6.0069,1.0000,WIN,606.6987,-73.79
7594,606.6987,2291.6558,6.0670,1.0000,WIN,612.7657,-73.53
7595,612.7657,2291.6558,6.1277,1.0000,WIN,618.8933,-73.26
7596,618.8933,2291.6558,6.1889,1.0000,WIN,625.0823,-72.99
7597,625.0823,2291.6558,6.2508,1.0000,LOSS,618.8315,-72.72
7598,618.8315,2291.6558,6.1883,1.0000,LOSS,612.6431,-73.00
7599,612.6431,2291.6558,6.1264,1.0000,WIN,618.7696,-73.27
7600,618.7696,2291.6558,6.1877,1.0000,LOSS,612.5819,-73.00
7601,612.5819,2291.6558,6.1258,1.0000,WIN,618.7077,-73.27
7602,618.7077,2291.6558,6.1871,1.0000,LOSS,612.5206,-73.00
7603,612.5206,2291.6558,6.1252,1.0000,LOSS,606.3954,-73.27
7604,606.3954,2291.6558,6.0640,1.0000,WIN,612.4594,-73.54
7605,612.4594,2291.6558,6.1246,1.0000,LOSS,606.3348,-73.27
7606,606.3348,2291.6558,6.0633,1.0000,LOSS,600.2714,-73.54
7607,600.2714,2291.6558,6.0027,1.0000,WIN,606.2741,-73.81
7608,606.2741,2291.6558,6.0627,1.0000,WIN,612.3369,-73.54
7609,612.3369,2291.6558,6.1234,1.0000,WIN,618.4602,-73.28
7610,618.4602,2291.6558,6.1846,1.0000,LOSS,612.2756,-73.01
7611,612.2756,2291.6558,6.1228,1.0000,WIN,618.3984,-73.28
7612,618.3984,2291.6558,6.1840,1.0000,LOSS,612.2144,-73.02
7613,612.2144,2291.6558,6.1221,1.0000,WIN,618.3366,-73.29
7614,618.3366,2291.6558,6.1834,1.0000,LOSS,612.1532,-73.02
7615,612.1532,2291.6558,6.1215,1.0000,LOSS,606.0317,-73.29
7616,606.0317,2291.6558,6.0603,1.0000,LOSS,599.9713,-73.55
7617,599.9713,2291.6558,5.9997,1.0000,WIN,605.9711,-73.82
7618,605.9711,2291.6558,6.0597,1.0000,WIN,612.0308,-73.56
7619,612.0308,2291.6558,6.1203,1.0000,LOSS,605.9105,-73.29
7620,605.9105,2291.6558,6.0591,1.0000,WIN,611.9696,-73.56
7621,611.9696,2291.6558,6.1197,1.0000,LOSS,605.8499,-73.30
7622,605.8499,2291.6558,6.0585,1.0000,LOSS,599.7914,-73.56
7623,599.7914,2291.6558,5.9979,1.0000,LOSS,593.7935,-73.83
7624,593.7935,2291.6558,5.9379,1.0000,LOSS,587.8555,-74.09
7625,587.8555,2291.6558,5.8786,1.0000,WIN,593.7341,-74.35
7626,593.7341,2291.6558,5.9373,1.0000,LOSS,587.7967,-74.09
7627,587.7967,2291.6558,5.8780,1.0000,LOSS,581.9188,-74.35
7628,581.9188,2291.6558,5.8192,1.0000,LOSS,576.0996,-74.61
7629,576.0996,2291.6558,5.7610,1.0000,LOSS,570.3386,-74.86
7630,570.3386,2291.6558,5.7034,1.0000,LOSS,564.6352,-75.11
7631,564.6352,2291.6558,5.6464,1.0000,WIN,570.2816,-75.36
7632,570.2816,2291.6558,5.7028,1.0000,WIN,575.9844,-75.11
7633,575.9844,2291.6558,5.7598,1.0000,LOSS,570.2245,-74.87
7634,570.2245,2291.6558,5.7022,1.0000,LOSS,564.5223,-75.12
7635,564.5223,2291.6558,5.6452,1.0000,LOSS,558.8771,-75.37
7636,558.8771,2291.6558,5.5888,1.0000,WIN,564.4658,-75.61
7637,564.4658,2291.6558,5.6447,1.0000,WIN,570.1105,-75.37
7638,570.1105,2291.6558,5.7011,1.0000,WIN,575.8116,-75.12
7639,575.8116,2291.6558,5.7581,1.0000,WIN,581.5697,-74.87
7640,581.5697,2291.6558,5.8157,1.0000,WIN,587.3854,-74.62
7641,587.3854,2291.6558,5.8739,1.0000,WIN,593.2593,-74.37
7642,593.2593,2291.6558,5.9326,1.0000,WIN,599.1919,-74.11
7643,599.1919,2291.6558,5.9919,1.0000,LOSS,593.1999,-73.85
7644,593.1999,2291.6558,5.9320,1.0000,LOSS,587.2679,-74.11
7645,587.2679,2291.6558,5.8727,1.0000,WIN,593.1406,-74.37
7646,593.1406,2291.6558,5.9314,1.0000,WIN,599.0720,-74.12
7647,599.0720,2291.6558,5.9907,1.0000,WIN,605.0627,-73.86
7648,605.0627,2291.6558,6.0506,1.0000,LOSS,599.0121,-73.60
7649,599.0121,2291.6558,5.9901,1.0000,WIN,605.0022,-73.86
7650,605.0022,2291.6558,6.0500,1.0000,LOSS,598.9522,-73.60
7651,598.9522,2291.6558,5.9895,1.0000,WIN,604.9417,-73.86
7652,604.9417,2291.6558,6.0494,1.0000,WIN,610.9912,-73.60
7653,610.9912,2291.6558,6.1099,1.0000,LOSS,604.8812,-73.34
7654,604.8812,2291.6558,6.0488,1.0000,LOSS,598.8324,-73.61
7655,598.8324,2291.6558,5.9883,1.0000,LOSS,592.8441,-73.87
7656,592.8441,2291.6558,5.9284,1.0000,LOSS,586.9157,-74.13
7657,586.9157,2291.6558,5.8692,1.0000,WIN,592.7848,-74.39
7658,592.7848,2291.6558,5.9278,1.0000,WIN,598.7127,-74.13
7659,598.7127,2291.6558,5.9871,1.0000,WIN,604.6998,-73.87
7660,604.6998,2291.6558,6.0470,1.0000,LOSS,598.6528,-73.61
7661,598.6528,2291.6558,5.9865,1.0000,LOSS,592.6663,-73.88
7662,592.6663,2291.6558,5.9267,1.0000,WIN,598.5929,-74.14
7663,598.5929,2291.6558,5.9859,1.0000,WIN,604.5789,-73.88
7664,604.5789,2291.6558,6.0458,1.0000,WIN,610.6246,-73.62
7665,610.6246,2291.6558,6.1062,1.0000,LOSS,604.5184,-73.35
7666,604.5184,2291.6558,6.0452,1.0000,LOSS,598.4732,-73.62
7667,598.4732,2291.6558,5.9847,1.0000,LOSS,592.4885,-73.88
7668,592.4885,2291.6558,5.9249,1.0000,LOSS,586.5636,-74.15
7669,586.5636,2291.6558,5.8656,1.0000,LOSS,580.6980,-74.40
7670,580.6980,2291.6558,5.8070,1.0000,LOSS,574.8910,-74.66
7671,574.8910,2291.6558,5.7489,1.0000,LOSS,569.1421,-74.91
7672,569.1421,2291.6558,5.6914,1.0000,WIN,574.8335,-75.16
7673,574.8335,2291.6558,5.7483,1.0000,LOSS,569.0852,-74.92
7674,569.0852,2291.6558,5.6909,1.0000,WIN,574.7760,-75.17
7675,574.7760,2291.6558,5.7478,1.0000,WIN,580.5238,-74.92
7676,580.5238,2291.6558,5.8052,1.0000,LOSS,574.7185,-74.67
7677,574.7185,2291.6558,5.7472,1.0000,WIN,580.4657,-74.92
7678,580.4657,2291.6558,5.8047,1.0000,LOSS,574.6611,-74.67
7679,574.6611,2291.6558,5.7466,1.0000,WIN,580.4077,-74.92
7680,580.4077,2291.6558,5.8041,1.0000,LOSS,574.6036,-74.67
7681,574.6036,2291.6558,5.7460,1.0000,LOSS,568.8576,-74.93
7682,568.8576,2291.6558,5.6886,1.0000,LOSS,563.1690,-75.18
7683,563.1690,2291.6558,5.6317,1.0000,WIN,568.8007,-75.43
7684,568.8007,2291.6558,5.6880,1.0000,LOSS,563.1127,-75.18
7685,563.1127,2291.6558,5.6311,1.0000,WIN,568.7438,-75.43
7686,568.7438,2291.6558,5.6874,1.0000,LOSS,563.0564,-75.18
7687,563.0564,2291.6558,5.6306,1.0000,WIN,568.6869,-75.43
7688,568.6869,2291.6558,5.6869,1.0000,WIN,574.3738,-75.18
7689,574.3738,2291.6558,5.7437,1.0000,WIN,580.1175,-74.94
7690,580.1175,2291.6558,5.8012,1.0000,LOSS,574.3164,-74.69
7691,574.3164,2291.6558,5.7432,1.0000,LOSS,568.5732,-74.94
7692,568.5732,2291.6558,5.6857,1.0000,WIN,574.2589,-75.19
7693,574.2589,2291.6558,5.7426,1.0000,LOSS,568.5163,-74.94
7694,568.5163,2291.6558,5.6852,1.0000,LOSS,562.8312,-75.19
7695,562.8312,2291.6558,5.6283,1.0000,WIN,568.4595,-75.44
7696,568.4595,2291.6558,5.6846,1.0000,WIN,574.1441,-75.19
7697,574.1441,2291.6558,5.7414,1.0000,WIN,579.8855,-74.95
7698,579.8855,2291.6558,5.7989,1.0000,WIN,585.6844,-74.70
7699,585.6844,2291.6558,5.8568,1.0000,WIN,591.5412,-74.44
7700,591.5412,2291.6558,5.9154,1.0000,WIN,597.4566,-74.19
7701,597.4566,2291.6558,5.9746,1.0000,LOSS,591.4821,-73.93
7702,591.4821,2291.6558,5.9148,1.0000,WIN,597.3969,-74.19
7703,597.3969,2291.6558,5.9740,1.0000,WIN,603.3709,-73.93
7704,603.3709,2291.6558,6.0337,1.0000,LOSS,597.3371,-73.67
7705,597.3371,2291.6558,5.9734,1.0000,WIN,603.3105,-73.93
7706,603.3105,2291.6558,6.0331,1.0000,WIN,609.3436,-73.67
7707,609.3436,2291.6558,6.0934,1.0000,LOSS,603.2502,-73.41
7708,603.2502,2291.6558,6.0325,1.0000,WIN,609.2827,-73.68
7709,609.2827,2291.6558,6.0928,1.0000,WIN,615.3755,-73.41
7710,615.3755,2291.6558,6.1538,1.0000,WIN,621.5293,-73.15
7711,621.5293,2291.6558,6.2153,1.0000,WIN,627.7446,-72.88
7712,627.7446,2291.6558,6.2774,1.0000,LOSS,621.4671,-72.61
7713,621.4671,2291.6558,6.2147,1.0000,LOSS,615.2524,-72.88
7714,615.2524,2291.6558,6.1525,1.0000,LOSS,609.0999,-73.15
7715,609.0999,2291.6558,6.0910,1.0000,WIN,615.1909,-73.42
7716,615.1909,2291.6558,6.1519,1.0000,LOSS,609.0390,-73.16
7717,609.0390,2291.6558,6.0904,1.0000,LOSS,602.9486,-73.42
7718,602.9486,2291.6558,6.0295,1.0000,WIN,608.9781,-73.69
7719,608.9781,2291.6558,6.0898,1.0000,WIN,615.0679,-73.43
7720,615.0679,2291.6558,6.1507,1.0000,WIN,621.2186,-73.16
7721,621.2186,2291.6558,6.2122,1.0000,WIN,627.4307,-72.89
7722,627.4307,2291.6558,6.2743,1.0000,WIN,633.7051,-72.62
7723,633.7051,2291.6558,6.3371,1.0000,LOSS,627.3680,-72.35
7724,627.3680,2291.6558,6.2737,1.0000,LOSS,621.0943,-72.62
7725,621.0943,2291.6558,6.2109,1.0000,LOSS,614.8834,-72.90
7726,614.8834,2291.6558,6.1488,1.0000,LOSS,608.7345,-73.17
7727,608.7345,2291.6558,6.0873,1.0000,LOSS,602.6472,-73.44
7728,602.6472,2291.6558,6.0265,1.0000,WIN,608.6737,-73.70
7729,608.6737,2291.6558,6.0867,1.0000,LOSS,602.5869,-73.44
7730,602.5869,2291.6558,6.0259,1.0000,LOSS,596.5611,-73.71
7731,596.5611,2291.6558,5.9656,1.0000,WIN,602.5267,-73.97
7732,602.5267,2291.6558,6.0253,1.0000,LOSS,596.5014,-73.71
7733,596.5014,2291.6558,5.9650,1.0000,LOSS,590.5364,-73.97
7734,590.5364,2291.6558,5.9054,1.0000,LOSS,584.6310,-74.23
7735,584.6310,2291.6558,5.8463,1.0000,LOSS,578.7847,-74.49
7736,578.7847,2291.6558,5.7878,1.0000,WIN,584.5726,-74.74
7737,584.5726,2291.6558,5.8457,1.0000,LOSS,578.7268,-74.49
7738,578.7268,2291.6558,5.7873,1.0000,LOSS,572.9396,-74.75
7739,572.9396,2291.6558,5.7294,1.0000,WIN,578.6690,-75.00
7740,578.6690,2291.6558,5.7867,1.0000,LOSS,572.8823,-74.75
7741,572.8823,2291.6558,5.7288,1.0000,LOSS,567.1535,-75.00
7742,567.1535,2291.6558,5.6715,1.0000,LOSS,561.4819,-75.25
7743,561.4819,2291.6558,5.6148,1.0000,WIN,567.0967,-75.50
7744,567.0967,2291.6558,5.6710,1.0000,WIN,572.7677,-75.25
7745,572.7677,2291.6558,5.7277,1.0000,WIN,578.4954,-75.01
7746,578.4954,2291.6558,5.7850,1.0000,WIN,584.2803,-74.76
7747,584.2803,2291.6558,5.8428,1.0000,WIN,590.1231,-74.50
7748,590.1231,2291.6558,5.9012,1.0000,LOSS,584.2219,-74.25
7749,584.2219,2291.6558,5.8422,1.0000,LOSS,578.3797,-74.51
7750,578.3797,2291.6558,5.7838,1.0000,WIN,584.1635,-74.76
7751,584.1635,2291.6558,5.8416,1.0000,LOSS,578.3219,-74.51
7752,578.3219,2291.6558,5.7832,1.0000,WIN,584.1051,-74.76
7753,584.1051,2291.6558,5.8411,1.0000,LOSS,578.2640,-74.51
7754,578.2640,2291.6558,5.7826,1.0000,WIN,584.0467,-74.77
7755,584.0467,2291.6558,5.8405,1.0000,LOSS,578.2062,-74.51
7756,578.2062,2291.6558,5.7821,1.0000,WIN,583.9883,-74.77
7757,583.9883,2291.6558,5.8399,1.0000,LOSS,578.1484,-74.52
7758,578.1484,2291.6558,5.7815,1.0000,LOSS,572.3669,-74.77
7759,572.3669,2291.6558,5.7237,1.0000,LOSS,566.6432,-75.02
7760,566.6432,2291.6558,5.6664,1.0000,WIN,572.3097,-75.27
7761,572.3097,2291.6558,5.7231,1.0000,WIN,578.0328,-75.03
7762,578.0328,2291.6558,5.7803,1.0000,LOSS,572.2524,-74.78
7763,572.2524,2291.6558,5.7225,1.0000,WIN,577.9750,-75.03
7764,577.9750,2291.6558,5.7797,1.0000,LOSS,572.1952,-74.78
7765,572.1952,2291.6558,5.7220,1.0000,WIN,577.9172,-75.03
7766,577.9172,2291.6558,5.7792,1.0000,WIN,583.6963,-74.78
7767,583.6963,2291.6558,5.8370,1.0000,LOSS,577.8594,-74.53
7768,577.8594,2291.6558,5.7786,1.0000,WIN,583.6380,-74.78
7769,583.6380,2291.6558,5.8364,1.0000,LOSS,577.8016,-74.53
7770,577.8016,2291.6558,5.7780,1.0000,LOSS,572.0236,-74.79
7771,572.0236,2291.6558,5.7202,1.0000,LOSS,566.3033,-75.04
7772,566.3033,2291.6558,5.6630,1.0000,WIN,571.9664,-75.29
7773,571.9664,2291.6558,5.7197,1.0000,WIN,577.6860,-75.04
7774,577.6860,2291.6558,5.7769,1.0000,WIN,583.4629,-74.79
7775,583.4629,2291.6558,5.8346,1.0000,LOSS,577.6283,-74.54
7776,577.6283,2291.6558,5.7763,1.0000,LOSS,571.8520,-74.79
7777,571.8520,2291.6558,5.7185,1.0000,WIN,577.5705,-75.05
7778,577.5705,2291.6558,5.7757,1.0000,LOSS,571.7948,-74.80
7779,571.7948,2291.6558,5.7179,1.0000,LOSS,566.0768,-75.05
7780,566.0768,2291.6558,5.6608,1.0000,WIN,571.7376,-75.30
7781,571.7376,2291.6558,5.7174,1.0000,LOSS,566.0202,-75.05
7782,566.0202,2291.6558,5.6602,1.0000,LOSS,560.3600,-75.30
7783,560.3600,2291.6558,5.6036,1.0000,WIN,565.9636,-75.55
7784,565.9636,2291.6558,5.6596,1.0000,LOSS,560.3040,-75.30
7785,560.3040,2291.6558,5.6030,1.0000,LOSS,554.7010,-75.55
7786,554.7010,2291.6558,5.5470,1.0000,LOSS,549.1539,-75.79
7787,549.1539,2291.6558,5.4915,1.0000,LOSS,543.6624,-76.04
7788,543.6624,2291.6558,5.4366,1.0000,LOSS,538.2258,-76.28
7789,538.2258,2291.6558,5.3823,1.0000,WIN,543.6080,-76.51
7790,543.6080,2291.6558,5.4361,1.0000,LOSS,538.1720,-76.28
7791,538.1720,2291.6558,5.3817,1.0000,WIN,543.5537,-76.52
7792,543.5537,2291.6558,5.4355,1.0000,LOSS,538.1181,-76.28
7793,538.1181,2291.6558,5.3812,1.0000,WIN,543.4993,-76.52
7794,543.4993,2291.6558,5.4350,1.0000,LOSS,538.0643,-76.28
7795,538.0643,2291.6558,5.3806,1.0000,LOSS,532.6837,-76.52
7796,532.6837,2291.6558,5.3268,1.0000,WIN,538.0105,-76.76
7797,538.0105,2291.6558,5.3801,1.0000,WIN,543.3906,-76.52
7798,543.3906,2291.6558,5.4339,1.0000,LOSS,537.9567,-76.29
7799,537.9567,2291.6558,5.3796,1.0000,WIN,543.3363,-76.53
7800,543.3363,2291.6558,5.4334,1.0000,WIN,548.7697,-76.29
7801,548.7697,2291.6558,5.4877,1.0000,LOSS,543.2820,-76.05
7802,543.2820,2291.6558,5.4328,1.0000,WIN,548.7148,-76.29
7803,548.7148,2291.6558,5.4871,1.0000,WIN,554.2019,-76.06
7804,554.2019,2291.6558,5.5420,1.0000,LOSS,548.6599,-75.82
7805,548.6599,2291.6558,5.4866,1.0000,LOSS,543.1733,-76.06
7806,543.1733,2291.6558,5.4317,1.0000,WIN,548.6050,-76.30
7807,548.6050,2291.6558,5.4861,1.0000,LOSS,543.1190,-76.06
7808,543.1190,2291.6558,5.4312,1.0000,LOSS,537.6878,-76.30
7809,537.6878,2291.6558,5.3769,1.0000,WIN,543.0647,-76.54
7810,543.0647,2291.6558,5.4306,1.0000,WIN,548.4953,-76.30
7811,548.4953,2291.6558,5.4850,1.0000,WIN,553.9803,-76.07
7812,553.9803,2291.6558,5.5398,1.0000,WIN,559.5201,-75.83
7813,559.5201,2291.6558,5.5952,1.0000,LOSS,553.9249,-75.58
7814,553.9249,2291.6558,5.5392,1.0000,LOSS,548.3856,-75.83
7815,548.3856,2291.6558,5.4839,1.0000,LOSS,542.9018,-76.07
7816,542.9018,2291.6558,5.4290,1.0000,LOSS,537.4728,-76.31
7817,537.4728,2291.6558,5.3747,1.0000,LOSS,532.0980,-76.55
7818,532.0980,2291.6558,5.3210,1.0000,WIN,537.4190,-76.78
7819,537.4190,2291.6558,5.3742,1.0000,WIN,542.7932,-76.55
7820,542.7932,2291.6558,5.4279,1.0000,WIN,548.2211,-76.31
7821,548.2211,2291.6558,5.4822,1.0000,LOSS,542.7389,-76.08
7822,542.7389,2291.6558,5.4274,1.0000,WIN,548.1663,-76.32
7823,548.1663,2291.6558,5.4817,1.0000,WIN,553.6480,-76.08
7824,553.6480,2291.6558,5.5365,1.0000,WIN,559.1844,-75.84
7825,559.1844,2291.6558,5.5918,1.0000,LOSS,553.5926,-75.60
7826,553.5926,2291.6558,5.5359,1.0000,LOSS,548.0567,-75.84
7827,548.0567,2291.6558,5.4806,1.0000,WIN,553.5372,-76.08
7828,553.5372,2291.6558,5.5354,1.0000,WIN,559.0726,-75.85
7829,559.0726,2291.6558,5.5907,1.0000,LOSS,553.4819,-75.60
7830,553.4819,2291.6558,5.5348,1.0000,LOSS,547.9471,-75.85
7831,547.9471,2291.6558,5.4795,1.0000,WIN,553.4265,-76.09
7832,553.4265,2291.6558,5.5343,1.0000,LOSS,547.8923,-75.85
7833,547.8923,2291.6558,5.4789,1.0000,LOSS,542.4134,-76.09
7834,542.4134,2291.6558,5.4241,1.0000,LOSS,536.9892,-76.33
7835,536.9892,2291.6558,5.3699,1.0000,LOSS,531.6193,-76.57
7836,531.6193,2291.6558,5.3162,1.0000,WIN,536.9355,-76.80
7837,536.9355,2291.6558,5.3694,1.0000,LOSS,531.5662,-76.57
7838,531.5662,2291.6558,5.3157,1.0000,WIN,536.8818,-76.80
7839,536.8818,2291.6558,5.3688,1.0000,WIN,542.2506,-76.57
7840,542.2506,2291.6558,5.4225,1.0000,WIN,547.6732,-76.34
7841,547.6732,2291.6558,5.4767,1.0000,WIN,553.1499,-76.10
7842,553.1499,2291.6558,5.5315,1.0000,LOSS,547.6184,-75.86
7843,547.6184,2291.6558,5.4762,1.0000,WIN,553.0946,-76.10
7844,553.0946,2291.6558,5.5309,1.0000,LOSS,547.5636,-75.86
7845,547.5636,2291.6558,5.4756,1.0000,LOSS,542.0880,-76.11
7846,542.0880,2291.6558,5.4209,1.0000,LOSS,536.6671,-76.35
7847,536.6671,2291.6558,5.3667,1.0000,WIN,542.0338,-76.58
7848,542.0338,2291.6558,5.4203,1.0000,LOSS,536.6134,-76.35
7849,536.6134,2291.6558,5.3661,1.0000,LOSS,531.2473,-76.58
7850,531.2473,2291.6558,5.3125,1.0000,WIN,536.5598,-76.82
7851,536.5598,2291.6558,5.3656,1.0000,WIN,541.9254,-76.59
7852,541.9254,2291.6558,5.4193,1.0000,LOSS,536.5061,-76.35
7853,536.5061,2291.6558,5.3651,1.0000,LOSS,531.1411,-76.59
7854,531.1411,2291.6558,5.3114,1.0000,LOSS,525.8297,-76.82
7855,525.8297,2291.6558,5.2583,1.0000,LOSS,520.5714,-77.05
7856,520.5714,2291.6558,5.2057,1.0000,LOSS,515.3656,-77.28
7857,515.3656,2291.6558,5.1537,1.0000,LOSS,510.2120,-77.51
7858,510.2120,2291.6558,5.1021,1.0000,LOSS,505.1099,-77.74
7859,505.1099,2291.6558,5.0511,1.0000,WIN,510.1610,-77.96
7860,510.1610,2291.6558,5.1016,1.0000,LOSS,505.0594,-77.74
7861,505.0594,2291.6558,5.0506,1.0000,LOSS,500.0088,-77.96
7862,500.0088,2291.6558,5.0001,1.0000,LOSS,495.0087,-78.18
7863,495.0087,2291.6558,4.9501,1.0000,LOSS,490.0586,-78.40
7864,490.0586,2291.6558,4.9006,1.0000,LOSS,485.1580,-78.62
7865,485.1580,2291.6558,4.8516,1.0000,WIN,490.0096,-78.83
7866,490.0096,2291.6558,4.9001,1.0000,WIN,494.9097,-78.62
7867,494.9097,2291.6558,4.9491,1.0000,LOSS,489.9606,-78.40
7868,489.9606,2291.6558,4.8996,1.0000,WIN,494.8602,-78.62
7869,494.8602,2291.6558,4.9486,1.0000,WIN,499.8088,-78.41
7870,499.8088,2291.6558,4.9981,1.0000,LOSS,494.8107,-78.19
7871,494.8107,2291.6558,4.9481,1.0000,WIN,499.7588,-78.41
7872,499.7588,2291.6558,4.9976,1.0000,WIN,504.7564,-78.19
7873,504.7564,2291.6558,5.0476,1.0000,LOSS,499.7088,-77.97
7874,499.7088,2291.6558,4.9971,1.0000,WIN,504.7059,-78.19
7875,504.7059,2291.6558,5.0471,1.0000,LOSS,499.6589,-77.98
7876,499.6589,2291.6558,4.9966,1.0000,LOSS,494.6623,-78.20
7877,494.6623,2291.6558,4.9466,1.0000,LOSS,489.7156,-78.41
7878,489.7156,2291.6558,4.8972,1.0000,WIN,494.6128,-78.63
7879,494.6128,2291.6558,4.9461,1.0000,LOSS,489.6667,-78.42
7880,489.6667,2291.6558,4.8967,1.0000,LOSS,484.7700,-78.63
7881,484.7700,2291.6558,4.8477,1.0000,WIN,489.6177,-78.85
7882,489.6177,2291.6558,4.8962,1.0000,WIN,494.5139,-78.63
7883,494.5139,2291.6558,4.9451,1.0000,WIN,499.4590,-78.42
7884,499.4590,2291.6558,4.9946,1.0000,LOSS,494.4644,-78.21
7885,494.4644,2291.6558,4.9446,1.0000,LOSS,489.5198,-78.42
7886,489.5198,2291.6558,4.8952,1.0000,WIN,494.4150,-78.64
7887,494.4150,2291.6558,4.9441,1.0000,WIN,499.3591,-78.43
7888,499.3591,2291.6558,4.9936,1.0000,WIN,504.3527,-78.21
7889,504.3527,2291.6558,5.0435,1.0000,LOSS,499.3092,-77.99
7890,499.3092,2291.6558,4.9931,1.0000,WIN,504.3023,-78.21
7891,504.3023,2291.6558,5.0430,1.0000,WIN,509.3453,-77.99
7892,509.3453,2291.6558,5.0935,1.0000,WIN,514.4388,-77.77
7893,514.4388,2291.6558,5.1444,1.0000,LOSS,509.2944,-77.55
7894,509.2944,2291.6558,5.0929,1.0000,LOSS,504.2014,-77.78
7895,504.2014,2291.6558,5.0420,1.0000,WIN,509.2435,-78.00
7896,509.2435,2291.6558,5.0924,1.0000,WIN,514.3359,-77.78
7897,514.3359,2291.6558,5.1434,1.0000,LOSS,509.1925,-77.56
7898,509.1925,2291.6558,5.0919,1.0000,LOSS,504.1006,-77.78
7899,504.1006,2291.6558,5.0410,1.0000,WIN,509.1416,-78.00
7900,509.1416,2291.6558,5.0914,1.0000,WIN,514.2330,-77.78
7901,514.2330,2291.6558,5.1423,1.0000,LOSS,509.0907,-77.56
7902,509.0907,2291.6558,5.0909,1.0000,WIN,514.1816,-77.79
7903,514.1816,2291.6558,5.1418,1.0000,LOSS,509.0398,-77.56
7904,509.0398,2291.6558,5.0904,1.0000,WIN,514.1302,-77.79
7905,514.1302,2291.6558,5.1413,1.0000,LOSS,508.9889,-77.57
7906,508.9889,2291.6558,5.0899,1.0000,LOSS,503.8990,-77.79
7907,503.8990,2291.6558,5.0390,1.0000,WIN,508.9380,-78.01
7908,508.9380,2291.6558,5.0894,1.0000,WIN,514.0274,-77.79
7909,514.0274,2291.6558,5.1403,1.0000,WIN,519.1676,-77.57
7910,519.1676,2291.6558,5.1917,1.0000,LOSS,513.9760,-77.35
7911,513.9760,2291.6558,5.1398,1.0000,WIN,519.1157,-77.57
7912,519.1157,2291.6558,5.1912,1.0000,LOSS,513.9246,-77.35
7913,513.9246,2291.6558,5.1392,1.0000,WIN,519.0638,-77.57
7914,519.0638,2291.6558,5.1906,1.0000,LOSS,513.8732,-77.35
7915,513.8732,2291.6558,5.1387,1.0000,WIN,519.0119,-77.58
7916,519.0119,2291.6558,5.1901,1.0000,LOSS,513.8218,-77.35
7917,513.8218,2291.6558,5.1382,1.0000,WIN,518.9600,-77.58
7918,518.9600,2291.6558,5.1896,1.0000,LOSS,513.7704,-77.35
7919,513.7704,2291.6558,5.1377,1.0000,LOSS,508.6327,-77.58
7920,508.6327,2291.6558,5.0863,1.0000,LOSS,503.5464,-77.81
7921,503.5464,2291.6558,5.0355,1.0000,WIN,508.5818,-78.03
7922,508.5818,2291.6558,5.0858,1.0000,LOSS,503.4960,-77.81
7923,503.4960,2291.6558,5.0350,1.0000,WIN,508.5310,-78.03
7924,508.5310,2291.6558,5.0853,1.0000,LOSS,503.4457,-77.81
7925,503.4457,2291.6558,5.0345,1.0000,LOSS,498.4112,-78.03
7926,498.4112,2291.6558,4.9841,1.0000,WIN,503.3953,-78.25
7927,503.3953,2291.6558,5.0340,1.0000,LOSS,498.3614,-78.03
7928,498.3614,2291.6558,4.9836,1.0000,LOSS,493.3778,-78.25
7929,493.3778,2291.6558,4.9338,1.0000,WIN,498.3115,-78.47
7930,498.3115,2291.6558,4.9831,1.0000,WIN,503.2946,-78.26
7931,503.2946,2291.6558,5.0329,1.0000,LOSS,498.2617,-78.04
7932,498.2617,2291.6558,4.9826,1.0000,LOSS,493.2791,-78.26
7933,493.2791,2291.6558,4.9328,1.0000,LOSS,488.3463,-78.47
7934,488.3463,2291.6558,4.8835,1.0000,LOSS,483.4628,-78.69
7935,483.4628,2291.6558,4.8346,1.0000,WIN,488.2975,-78.90
7936,488.2975,2291.6558,4.8830,1.0000,WIN,493.1804,-78.69
7937,493.1804,2291.6558,4.9318,1.0000,WIN,498.1122,-78.48
7938,498.1122,2291.6558,4.9811,1.0000,LOSS,493.1311,-78.26
7939,493.1311,2291.6558,4.9313,1.0000,WIN,498.0624,-78.48
7940,498.0624,2291.6558,4.9806,1.0000,WIN,503.0431,-78.27
7941,503.0431,2291.6558,5.0304,1.0000,WIN,508.0735,-78.05
7942,508.0735,2291.6558,5.0807,1.0000,LOSS,502.9927,-77.83
7943,502.9927,2291.6558,5.0299,1.0000,LOSS,497.9628,-78.05
7944,497.9628,2291.6558,4.9796,1.0000,LOSS,492.9832,-78.27
7945,492.9832,2291.6558,4.9298,1.0000,WIN,497.9130,-78.49
7946,497.9130,2291.6558,4.9791,1.0000,WIN,502.8922,-78.27
7947,502.8922,2291.6558,5.0289,1.0000,WIN,507.9211,-78.06
7948,507.9211,2291.6558,5.0792,1.0000,LOSS,502.8419,-77.84
7949,502.8419,2291.6558,5.0284,1.0000,LOSS,497.8134,-78.06
7950,497.8134,2291.6558,4.9781,1.0000,LOSS,492.8353,-78.28
7951,492.8353,2291.6558,4.9284,1.0000,LOSS,487.9070,-78.49
7952,487.9070,2291.6558,4.8791,1.0000,WIN,492.7860,-78.71
7953,492.7860,2291.6558,4.9279,1.0000,WIN,497.7139,-78.50
7954,497.7139,2291.6558,4.9771,1.0000,LOSS,492.7368,-78.28
7955,492.7368,2291.6558,4.9274,1.0000,LOSS,487.8094,-78.50
7956,487.8094,2291.6558,4.8781,1.0000,LOSS,482.9313,-78.71
7957,482.9313,2291.6558,4.8293,1.0000,LOSS,478.1020,-78.93
7958,478.1020,2291.6558,4.7810,1.0000,LOSS,473.3210,-79.14
7959,473.3210,2291.6558,4.7332,1.0000,LOSS,468.5877,-79.35
7960,468.5877,2291.6558,4.6859,1.0000,WIN,473.2736,-79.55
7961,473.2736,2291.6558,4.7327,1.0000,LOSS,468.5409,-79.35
7962,468.5409,2291.6558,4.6854,1.0000,LOSS,463.8555,-79.55
7963,463.8555,2291.6558,4.6386,1.0000,LOSS,459.2169,-79.76
7964,459.2169,2291.6558,4.5922,1.0000,WIN,463.8091,-79.96
7965,463.8091,2291.6558,4.6381,1.0000,WIN,468.4472,-79.76
7966,468.4472,2291.6558,4.6845,1.0000,LOSS,463.7627,-79.56
7967,463.7627,2291.6558,4.6376,1.0000,WIN,468.4003,-79.76
7968,468.4003,2291.6558,4.6840,1.0000,WIN,473.0843,-79.56
7969,473.0843,2291.6558,4.7308,1.0000,WIN,477.8152,-79.36
7970,477.8152,2291.6558,4.7782,1.0000,WIN,482.5933,-79.15
7971,482.5933,2291.6558,4.8259,1.0000,LOSS,477.7674,-78.94
7972,477.7674,2291.6558,4.7777,1.0000,WIN,482.5451,-79.15
7973,482.5451,2291.6558,4.8255,1.0000,WIN,487.3705,-78.94
7974,487.3705,2291.6558,4.8737,1.0000,WIN,492.2442,-78.73
7975,492.2442,2291.6558,4.9224,1.0000,LOSS,487.3218,-78.52
7976,487.3218,2291.6558,4.8732,1.0000,LOSS,482.4486,-78.73
7977,482.4486,2291.6558,4.8245,1.0000,LOSS,477.6241,-78.95
7978,477.6241,2291.6558,4.7762,1.0000,LOSS,472.8478,-79.16
7979,472.8478,2291.6558,4.7285,1.0000,WIN,477.5763,-79.37
7980,477.5763,2291.6558,4.7758,1.0000,LOSS,472.8006,-79.16
7981,472.8006,2291.6558,4.7280,1.0000,WIN,477.5286,-79.37
7982,477.5286,2291.6558,4.7753,1.0000,LOSS,472.7533,-79.16
7983,472.7533,2291.6558,4.7275,1.0000,LOSS,468.0258,-79.37
7984,468.0258,2291.6558,4.6803,1.0000,WIN,472.7060,-79.58
7985,472.7060,2291.6558,4.7271,1.0000,LOSS,467.9789,-79.37
7986,467.9789,2291.6558,4.6798,1.0000,WIN,472.6587,-79.58
7987,472.6587,2291.6558,4.7266,1.0000,WIN,477.3853,-79.37
7988,477.3853,2291.6558,4.7739,1.0000,LOSS,472.6115,-79.17
7989,472.6115,2291.6558,4.7261,1.0000,WIN,477.3376,-79.38
7990,477.3376,2291.6558,4.7734,1.0000,LOSS,472.5642,-79.17
7991,472.5642,2291.6558,4.7256,1.0000,WIN,477.2899,-79.38
7992,477.2899,2291.6558,4.7729,1.0000,WIN,482.0628,-79.17
7993,482.0628,2291.6558,4.8206,1.0000,WIN,486.8834,-78.96
7994,486.8834,2291.6558,4.8688,1.0000,WIN,491.7522,-78.75
7995,491.7522,2291.6558,4.9175,1.0000,WIN,496.6697,-78.54
7996,496.6697,2291.6558,4.9667,1.0000,LOSS,491.7030,-78.33
7997,491.7030,2291.6558,4.9170,1.0000,WIN,496.6201,-78.54
7998,496.6201,2291.6558,4.9662,1.0000,WIN,501.5863,-78.33
7999,501.5863,2291.6558,5.0159,1.0000,WIN,506.6021,-78.11
8000,506.6021,2291.6558,5.0660,1.0000,LOSS,501.5361,-77.89
8001,501.5361,2291.6558,5.0154,1.0000,WIN,506.5515,-78.11
8002,506.5515,2291.6558,5.0655,1.0000,WIN,511.6170,-77.90
8003,511.6170,2291.6558,5.1162,1.0000,LOSS,506.5008,-77.67
8004,506.5008,2291.6558,5.0650,1.0000,LOSS,501.4358,-77.90
8005,501.4358,2291.6558,5.0144,1.0000,WIN,506.4502,-78.12
8006,506.4502,2291.6558,5.0645,1.0000,LOSS,501.3857,-77.90
8007,501.3857,2291.6558,5.0139,1.0000,WIN,506.3995,-78.12
8008,506.3995,2291.6558,5.0640,1.0000,WIN,511.4635,-77.90
8009,511.4635,2291.6558,5.1146,1.0000,LOSS,506.3489,-77.68
8010,506.3489,2291.6558,5.0635,1.0000,WIN,511.4124,-77.90
8011,511.4124,2291.6558,5.1141,1.0000,WIN,516.5265,-77.68
8012,516.5265,2291.6558,5.1653,1.0000,WIN,521.6918,-77.46
8013,521.6918,2291.6558,5.2169,1.0000,LOSS,516.4748,-77.24
8014,516.4748,2291.6558,5.1647,1.0000,LOSS,511.3101,-77.46
8015,511.3101,2291.6558,5.1131,1.0000,WIN,516.4232,-77.69
8016,516.4232,2291.6558,5.1642,1.0000,LOSS,511.2590,-77.47
8017,511.2590,2291.6558,5.1126,1.0000,LOSS,506.1464,-77.69
8018,506.1464,2291.6558,5.0615,1.0000,LOSS,501.0849,-77.91
8019,501.0849,2291.6558,5.0108,1.0000,WIN,506.0958,-78.13
8020,506.0958,2291.6558,5.0610,1.0000,WIN,511.1567,-77.92
8021,511.1567,2291.6558,5.1116,1.0000,LOSS,506.0451,-77.69
8022,506.0451,2291.6558,5.0605,1.0000,LOSS,500.9847,-77.92
8023,500.9847,2291.6558,5.0098,1.0000,LOSS,495.9748,-78.14
8024,495.9748,2291.6558,4.9597,1.0000,WIN,500.9346,-78.36
8025,500.9346,2291.6558,5.0093,1.0000,WIN,505.9439,-78.14
8026,505.9439,2291.6558,5.0594,1.0000,WIN,511.0034,-77.92
8027,511.0034,2291.6558,5.1100,1.0000,WIN,516.1134,-77.70
8028,516.1134,2291.6558,5.1611,1.0000,WIN,521.2746,-77.48
8029,521.2746,2291.6558,5.2127,1.0000,WIN,526.4873,-77.25
8030,526.4873,2291.6558,5.2649,1.0000,WIN,531.7522,-77.03
8031,531.7522,2291.6558,5.3175,1.0000,LOSS,526.4346,-76.80
8032,526.4346,2291.6558,5.2643,1.0000,LOSS,521.1703,-77.03
8033,521.1703,2291.6558,5.2117,1.0000,LOSS,515.9586,-77.26
8034,515.9586,2291.6558,5.1596,1.0000,WIN,521.1182,-77.49
8035,521.1182,2291.6558,5.2112,1.0000,WIN,526.3294,-77.26
8036,526.3294,2291.6558,5.2633,1.0000,WIN,531.5927,-77.03
8037,531.5927,2291.6558,5.3159,1.0000,LOSS,526.2767,-76.80
8038,526.2767,2291.6558,5.2628,1.0000,LOSS,521.0140,-77.04
8039,521.0140,2291.6558,5.2101,1.0000,WIN,526.2241,-77.26
8040,526.2241,2291.6558,5.2622,1.0000,WIN,531.4863,-77.04
8041,531.4863,2291.6558,5.3149,1.0000,LOSS,526.1715,-76.81
8042,526.1715,2291.6558,5.2617,1.0000,WIN,531.4332,-77.04
8043,531.4332,2291.6558,5.3143,1.0000,LOSS,526.1189,-76.81
8044,526.1189,2291.6558,5.2612,1.0000,LOSS,520.8577,-77.04
8045,520.8577,2291.6558,5.2086,1.0000,LOSS,515.6491,-77.27
8046,515.6491,2291.6558,5.1565,1.0000,LOSS,510.4926,-77.50
8047,510.4926,2291.6558,5.1049,1.0000,WIN,515.5975,-77.72
8048,515.5975,2291.6558,5.1560,1.0000,WIN,520.7535,-77.50
8049,520.7535,2291.6558,5.2075,1.0000,WIN,525.9610,-77.28
8050,525.9610,2291.6558,5.2596,1.0000,WIN,531.2207,-77.05
8051,531.2207,2291.6558,5.3122,1.0000,WIN,536.5329,-76.82
8052,536.5329,2291.6558,5.3653,1.0000,LOSS,531.1675,-76.59
8053,531.1675,2291.6558,5.3117,1.0000,WIN,536.4792,-76.82
8054,536.4792,2291.6558,5.3648,1.0000,LOSS,531.1144,-76.59
8055,531.1144,2291.6558,5.3111,1.0000,LOSS,525.8033,-76.82
8056,525.8033,2291.6558,5.2580,1.0000,LOSS,520.5452,-77.06
8057,520.5452,2291.6558,5.2055,1.0000,LOSS,515.3398,-77.29
8058,515.3398,2291.6558,5.1534,1.0000,LOSS,510.1864,-77.51
8059,510.1864,2291.6558,5.1019,1.0000,LOSS,505.0845,-77.74
8060,505.0845,2291.6558,5.0508,1.0000,LOSS,500.0337,-77.96
8061,500.0337,2291.6558,5.0003,1.0000,WIN,505.0340,-78.18
8062,505.0340,2291.6558,5.0503,1.0000,WIN,510.0844,-77.96
8063,510.0844,2291.6558,5.1008,1.0000,LOSS,504.9835,-77.74
8064,504.9835,2291.6558,5.0498,1.0000,LOSS,499.9337,-77.96
8065,499.9337,2291.6558,4.9993,1.0000,WIN,504.9330,-78.18
8066,504.9330,2291.6558,5.0493,1.0000,WIN,509.9823,-77.97
8067,509.9823,2291.6558,5.0998,1.0000,WIN,515.0822,-77.75
8068,515.0822,2291.6558,5.1508,1.0000,WIN,520.2330,-77.52
8069,520.2330,2291.6558,5.2023,1.0000,WIN,525.4353,-77.30
8070,525.4353,2291.6558,5.2544,1.0000,LOSS,520.1810,-77.07
8071,520.1810,2291.6558,5.2018,1.0000,LOSS,514.9792,-77.30
8072,514.9792,2291.6558,5.1498,1.0000,WIN,520.1289,-77.53
8073,520.1289,2291.6558,5.2013,1.0000,LOSS,514.9277,-77.30
8074,514.9277,2291.6558,5.1493,1.0000,WIN,520.0769,-77.53
8075,520.0769,2291.6558,5.2008,1.0000,WIN,525.2777,-77.31
8076,525.2777,2291.6558,5.2528,1.0000,WIN,530.5305,-77.08
8077,530.5305,2291.6558,5.3053,1.0000,LOSS,525.2252,-76.85
8078,525.2252,2291.6558,5.2523,1.0000,WIN,530.4774,-77.08
8079,530.4774,2291.6558,5.3048,1.0000,WIN,535.7822,-76.85
8080,535.7822,2291.6558,5.3578,1.0000,LOSS,530.4244,-76.62
8081,530.4244,2291.6558,5.3042,1.0000,LOSS,525.1201,-76.85
8082,525.1201,2291.6558,5.2512,1.0000,WIN,530.3713,-77.09
8083,530.3713,2291.6558,5.3037,1.0000,WIN,535.6751,-76.86
8084,535.6751,2291.6558,5.3568,1.0000,LOSS,530.3183,-76.62
8085,530.3183,2291.6558,5.3032,1.0000,LOSS,525.0151,-76.86
8086,525.0151,2291.6558,5.2502,1.0000,LOSS,519.7650,-77.09
8087,519.7650,2291.6558,5.1976,1.0000,WIN,524.9626,-77.32
8088,524.9626,2291.6558,5.2496,1.0000,LOSS,519.7130,-77.09
8089,519.7130,2291.6558,5.1971,1.0000,WIN,524.9101,-77.32
8090,524.9101,2291.6558,5.2491,1.0000,LOSS,519.6610,-77.09
8091,519.6610,2291.6558,5.1966,1.0000,LOSS,514.4644,-77.32
8092,514.4644,2291.6558,5.1446,1.0000,LOSS,509.3198,-77.55
8093,509.3198,2291.6558,5.0932,1.0000,LOSS,504.2266,-77.78
8094,504.2266,2291.6558,5.0423,1.0000,WIN,509.2688,-78.00
8095,509.2688,2291.6558,5.0927,1.0000,WIN,514.3615,-77.78
8096,514.3615,2291.6558,5.1436,1.0000,LOSS,509.2179,-77.56
8097,509.2179,2291.6558,5.0922,1.0000,WIN,514.3101,-77.78
8098,514.3101,2291.6558,5.1431,1.0000,WIN,519.4532,-77.56
8099,519.4532,2291.6558,5.1945,1.0000,WIN,524.6477,-77.33
8100,524.6477,2291.6558,5.2465,1.0000,LOSS,519.4012,-77.11
8101,519.4012,2291.6558,5.1940,1.0000,WIN,524.5953,-77.34
8102,524.5953,2291.6558,5.2460,1.0000,WIN,529.8412,-77.11
8103,529.8412,2291.6558,5.2984,1.0000,WIN,535.1396,-76.88
8104,535.1396,2291.6558,5.3514,1.0000,WIN,540.4910,-76.65
8105,540.4910,2291.6558,5.4049,1.0000,WIN,545.8959,-76.41
8106,545.8959,2291.6558,5.4590,1.0000,WIN,551.3549,-76.18
8107,551.3549,2291.6558,5.5135,1.0000,LOSS,545.8413,-75.94
8108,545.8413,2291.6558,5.4584,1.0000,WIN,551.2997,-76.18
8109,551.2997,2291.6558,5.5130,1.0000,WIN,556.8127,-75.94
8110,556.8127,2291.6558,5.5681,1.0000,LOSS,551.2446,-75.70
8111,551.2446,2291.6558,5.5124,1.0000,LOSS,545.7322,-75.95
8112,545.7322,2291.6558,5.4573,1.0000,LOSS,540.2749,-76.19
8113,540.2749,2291.6558,5.4027,1.0000,WIN,545.6776,-76.42
8114,545.6776,2291.6558,5.4568,1.0000,WIN,551.1344,-76.19
8115,551.1344,2291.6558,5.5113,1.0000,LOSS,545.6230,-75.95
8116,545.6230,2291.6558,5.4562,1.0000,LOSS,540.1668,-76.19
8117,540.1668,2291.6558,5.4017,1.0000,LOSS,534.7651,-76.43
8118,534.7651,2291.6558,5.3477,1.0000,LOSS,529.4175,-76.66
8119,529.4175,2291.6558,5.2942,1.0000,WIN,534.7117,-76.90
8120,534.7117,2291.6558,5.3471,1.0000,LOSS,529.3645,-76.67
8121,529.3645,2291.6558,5.2936,1.0000,WIN,534.6582,-76.90
8122,534.6582,2291.6558,5.3466,1.0000,WIN,540.0048,-76.67
8123,540.0048,2291.6558,5.4000,1.0000,WIN,545.4048,-76.44
8124,545.4048,2291.6558,5.4540,1.0000,LOSS,539.9508,-76.20
8125,539.9508,2291.6558,5.3995,1.0000,LOSS,534.5513,-76.44
8126,534.5513,2291.6558,5.3455,1.0000,WIN,539.8968,-76.67
8127,539.8968,2291.6558,5.3990,1.0000,WIN,545.2957,-76.44
8128,545.2957,2291.6558,5.4530,1.0000,WIN,550.7487,-76.21
8129,550.7487,2291.6558,5.5075,1.0000,WIN,556.2562,-75.97
8130,556.2562,2291.6558,5.5626,1.0000,LOSS,550.6936,-75.73
8131,550.6936,2291.6558,5.5069,1.0000,LOSS,545.1867,-75.97
8132,545.1867,2291.6558,5.4519,1.0000,WIN,550.6386,-76.21
8133,550.6386,2291.6558,5.5064,1.0000,LOSS,545.1322,-75.97
8134,545.1322,2291.6558,5.4513,1.0000,WIN,550.5835,-76.21
8135,550.5835,2291.6558,5.5058,1.0000,WIN,556.0893,-75.97
8136,556.0893,2291.6558,5.5609,1.0000,LOSS,550.5284,-75.73
8137,550.5284,2291.6558,5.5053,1.0000,WIN,556.0337,-75.98
8138,556.0337,2291.6558,5.5603,1.0000,LOSS,550.4734,-75.74
8139,550.4734,2291.6558,5.5047,1.0000,WIN,555.9781,-75.98
8140,555.9781,2291.6558,5.5598,1.0000,LOSS,550.4183,-75.74
8141,550.4183,2291.6558,5.5042,1.0000,LOSS,544.9141,-75.98
8142,544.9141,2291.6558,5.4491,1.0000,WIN,550.3633,-76.22
8143,550.3633,2291.6558,5.5036,1.0000,LOSS,544.8597,-75.98
8144,544.8597,2291.6558,5.4486,1.0000,LOSS,539.4111,-76.22
8145,539.4111,2291.6558,5.3941,1.0000,WIN,544.8052,-76.46
8146,544.8052,2291.6558,5.4481,1.0000,LOSS,539.3571,-76.23
8147,539.3571,2291.6558,5.3936,1.0000,WIN,544.7507,-76.46
8148,544.7507,2291.6558,5.4475,1.0000,WIN,550.1982,-76.23
8149,550.1982,2291.6558,5.5020,1.0000,LOSS,544.6962,-75.99
8150,544.6962,2291.6558,5.4470,1.0000,LOSS,539.2493,-76.23
8151,539.2493,2291.6558,5.3925,1.0000,LOSS,533.8568,-76.47
8152,533.8568,2291.6558,5.3386,1.0000,LOSS,528.5182,-76.70
8153,528.5182,2291.6558,5.2852,1.0000,WIN,533.8034,-76.94
8154,533.8034,2291.6558,5.3380,1.0000,WIN,539.1414,-76.71
8155,539.1414,2291.6558,5.3914,1.0000,LOSS,533.7500,-76.47
8156,533.7500,2291.6558,5.3375,1.0000,LOSS,528.4125,-76.71
8157,528.4125,2291.6558,5.2841,1.0000,WIN,533.6966,-76.94
8158,533.6966,2291.6558,5.3370,1.0000,LOSS,528.3597,-76.71
8159,528.3597,2291.6558,5.2836,1.0000,WIN,533.6432,-76.94
8160,533.6432,2291.6558,5.3364,1.0000,WIN,538.9797,-76.71
8161,538.9797,2291.6558,5.3898,1.0000,LOSS,533.5899,-76.48
8162,533.5899,2291.6558,5.3359,1.0000,WIN,538.9258,-76.72
8163,538.9258,2291.6558,5.3893,1.0000,WIN,544.3150,-76.48
8164,544.3150,2291.6558,5.4432,1.0000,LOSS,538.8719,-76.25
8165,538.8719,2291.6558,5.3887,1.0000,LOSS,533.4832,-76.49
8166,533.4832,2291.6558,5.3348,1.0000,WIN,538.8180,-76.72
8167,538.8180,2291.6558,5.3882,1.0000,LOSS,533.4298,-76.49
8168,533.4298,2291.6558,5.3343,1.0000,WIN,538.7641,-76.72
8169,538.7641,2291.6558,5.3876,1.0000,LOSS,533.3765,-76.49
8170,533.3765,2291.6558,5.3338,1.0000,LOSS,528.0427,-76.73
8171,528.0427,2291.6558,5.2804,1.0000,WIN,533.3231,-76.96
8172,533.3231,2291.6558,5.3332,1.0000,WIN,538.6564,-76.73
8173,538.6564,2291.6558,5.3866,1.0000,LOSS,533.2698,-76.49
8174,533.2698,2291.6558,5.3327,1.0000,LOSS,527.9371,-76.73
8175,527.9371,2291.6558,5.2794,1.0000,WIN,533.2165,-76.96
8176,533.2165,2291.6558,5.3322,1.0000,WIN,538.5486,-76.73
8177,538.5486,2291.6558,5.3855,1.0000,WIN,543.9341,-76.50
8178,543.9341,2291.6558,5.4393,1.0000,LOSS,538.4948,-76.26
8179,538.4948,2291.6558,5.3849,1.0000,LOSS,533.1098,-76.50
8180,533.1098,2291.6558,5.3311,1.0000,WIN,538.4409,-76.74
8181,538.4409,2291.6558,5.3844,1.0000,WIN,543.8254,-76.50
8182,543.8254,2291.6558,5.4383,1.0000,LOSS,538.3871,-76.27
8183,538.3871,2291.6558,5.3839,1.0000,LOSS,533.0032,-76.51
8184,533.0032,2291.6558,5.3300,1.0000,LOSS,527.6732,-76.74
8185,527.6732,2291.6558,5.2767,1.0000,LOSS,522.3965,-76.97
8186,522.3965,2291.6558,5.2240,1.0000,LOSS,517.1725,-77.20
8187,517.1725,2291.6558,5.1717,1.0000,WIN,522.3442,-77.43
8188,522.3442,2291.6558,5.2234,1.0000,LOSS,517.1208,-77.21
8189,517.1208,2291.6558,5.1712,1.0000,WIN,522.2920,-77.43
8190,522.2920,2291.6558,5.2229,1.0000,WIN,527.5149,-77.21
8191,527.5149,2291.6558,5.2751,1.0000,WIN,532.7901,-76.98
8192,532.7901,2291.6558,5.3279,1.0000,LOSS,527.4622,-76.75
8193,527.4622,2291.6558,5.2746,1.0000,LOSS,522.1875,-76.98
8194,522.1875,2291.6558,5.2219,1.0000,WIN,527.4094,-77.21
8195,527.4094,2291.6558,5.2741,1.0000,WIN,532.6835,-76.99
8196,532.6835,2291.6558,5.3268,1.0000,WIN,538.0103,-76.76
8197,538.0103,2291.6558,5.3801,1.0000,LOSS,532.6302,-76.52
8198,532.6302,2291.6558,5.3263,1.0000,LOSS,527.3039,-76.76
8199,527.3039,2291.6558,5.2730,1.0000,LOSS,522.0309,-76.99
8200,522.0309,2291.6558,5.2203,1.0000,WIN,527.2512,-77.22
8201,527.2512,2291.6558,5.2725,1.0000,LOSS,521.9787,-76.99
8202,521.9787,2291.6558,5.2198,1.0000,WIN,527.1985,-77.22
8203,527.1985,2291.6558,5.2720,1.0000,WIN,532.4705,-76.99
8204,532.4705,2291.6558,5.3247,1.0000,LOSS,527.1458,-76.76
8205,527.1458,2291.6558,5.2715,1.0000,LOSS,521.8743,-77.00
8206,521.8743,2291.6558,5.2187,1.0000,WIN,527.0930,-77.23
8207,527.0930,2291.6558,5.2709,1.0000,WIN,532.3640,-77.00
8208,532.3640,2291.6558,5.3236,1.0000,LOSS,527.0403,-76.77
8209,527.0403,2291.6558,5.2704,1.0000,WIN,532.3107,-77.00
8210,532.3107,2291.6558,5.3231,1.0000,LOSS,526.9876,-76.77
8211,526.9876,2291.6558,5.2699,1.0000,WIN,532.2575,-77.00
8212,532.2575,2291.6558,5.3226,1.0000,WIN,537.5801,-76.77
8213,537.5801,2291.6558,5.3758,1.0000,WIN,542.9559,-76.54
8214,542.9559,2291.6558,5.4296,1.0000,WIN,548.3854,-76.31
8215,548.3854,2291.6558,5.4839,1.0000,LOSS,542.9016,-76.07
8216,542.9016,2291.6558,5.4290,1.0000,WIN,548.3306,-76.31
8217,548.3306,2291.6558,5.4833,1.0000,LOSS,542.8473,-76.07
8218,542.8473,2291.6558,5.4285,1.0000,LOSS,537.4188,-76.31
8219,537.4188,2291.6558,5.3742,1.0000,LOSS,532.0446,-76.55
8220,532.0446,2291.6558,5.3204,1.0000,WIN,537.3651,-76.78
8221,537.3651,2291.6558,5.3737,1.0000,LOSS,531.9914,-76.55
8222,531.9914,2291.6558,5.3199,1.0000,WIN,537.3113,-76.79
8223,537.3113,2291.6558,5.3731,1.0000,LOSS,531.9382,-76.55
8224,531.9382,2291.6558,5.3194,1.0000,LOSS,526.6189,-76.79
8225,526.6189,2291.6558,5.2662,1.0000,LOSS,521.3527,-77.02
8226,521.3527,2291.6558,5.2135,1.0000,LOSS,516.1391,-77.25
8227,516.1391,2291.6558,5.1614,1.0000,LOSS,510.9777,-77.48
8228,510.9777,2291.6558,5.1098,1.0000,LOSS,505.8680,-77.70
8229,505.8680,2291.6558,5.0587,1.0000,WIN,510.9266,-77.93
8230,510.9266,2291.6558,5.1093,1.0000,LOSS,505.8174,-77.70
8231,505.8174,2291.6558,5.0582,1.0000,WIN,510.8756,-77.93
8232,510.8756,2291.6558,5.1088,1.0000,WIN,515.9843,-77.71
8233,515.9843,2291.6558,5.1598,1.0000,WIN,521.1442,-77.48
8234,521.1442,2291.6558,5.2114,1.0000,WIN,526.3556,-77.26
8235,526.3556,2291.6558,5.2636,1.0000,WIN,531.6192,-77.03
8236,531.6192,2291.6558,5.3162,1.0000,LOSS,526.3030,-76.80
8237,526.3030,2291.6558,5.2630,1.0000,WIN,531.5660,-77.03
8238,531.5660,2291.6558,5.3157,1.0000,LOSS,526.2503,-76.80
8239,526.2503,2291.6558,5.2625,1.0000,LOSS,520.9878,-77.04
8240,520.9878,2291.6558,5.2099,1.0000,WIN,526.1977,-77.27
8241,526.1977,2291.6558,5.2620,1.0000,WIN,531.4597,-77.04
8242,531.4597,2291.6558,5.3146,1.0000,WIN,536.7743,-76.81
8243,536.7743,2291.6558,5.3677,1.0000,LOSS,531.4065,-76.58
8244,531.4065,2291.6558,5.3141,1.0000,LOSS,526.0925,-76.81
8245,526.0925,2291.6558,5.2609,1.0000,WIN,531.3534,-77.04
8246,531.3534,2291.6558,5.3135,1.0000,LOSS,526.0399,-76.81
8247,526.0399,2291.6558,5.2604,1.0000,WIN,531.3003,-77.05
8248,531.3003,2291.6558,5.3130,1.0000,WIN,536.6133,-76.82
8249,536.6133,2291.6558,5.3661,1.0000,WIN,541.9794,-76.58
8250,541.9794,2291.6558,5.4198,1.0000,WIN,547.3992,-76.35
8251,547.3992,2291.6558,5.4740,1.0000,LOSS,541.9252,-76.11
8252,541.9252,2291.6558,5.4193,1.0000,WIN,547.3444,-76.35
8253,547.3444,2291.6558,5.4734,1.0000,WIN,552.8179,-76.12
8254,552.8179,2291.6558,5.5282,1.0000,LOSS,547.2897,-75.88
8255,547.2897,2291.6558,5.4729,1.0000,WIN,552.7626,-76.12
8256,552.7626,2291.6558,5.5276,1.0000,WIN,558.2902,-75.88
8257,558.2902,2291.6558,5.5829,1.0000,WIN,563.8731,-75.64
8258,563.8731,2291.6558,5.6387,1.0000,WIN,569.5119,-75.39
8259,569.5119,2291.6558,5.6951,1.0000,LOSS,563.8168,-75.15
8260,563.8168,2291.6558,5.6382,1.0000,WIN,569.4549,-75.40
8261,569.4549,2291.6558,5.6945,1.0000,WIN,575.1495,-75.15
8262,575.1495,2291.6558,5.7515,1.0000,LOSS,569.3980,-74.90
8263,569.3980,2291.6558,5.6940,1.0000,LOSS,563.7040,-75.15
8264,563.7040,2291.6558,5.6370,1.0000,LOSS,558.0670,-75.40
8265,558.0670,2291.6558,5.5807,1.0000,WIN,563.6476,-75.65
8266,563.6476,2291.6558,5.6365,1.0000,WIN,569.2841,-75.40
8267,569.2841,2291.6558,5.6928,1.0000,LOSS,563.5913,-75.16
8268,563.5913,2291.6558,5.6359,1.0000,WIN,569.2272,-75.41
8269,569.2272,2291.6558,5.6923,1.0000,LOSS,563.5349,-75.16
8270,563.5349,2291.6558,5.6353,1.0000,LOSS,557.8996,-75.41
8271,557.8996,2291.6558,5.5790,1.0000,WIN,563.4785,-75.66
8272,563.4785,2291.6558,5.6348,1.0000,LOSS,557.8438,-75.41
8273,557.8438,2291.6558,5.5784,1.0000,LOSS,552.2653,-75.66
8274,552.2653,2291.6558,5.5227,1.0000,LOSS,546.7427,-75.90
8275,546.7427,2291.6558,5.4674,1.0000,WIN,552.2101,-76.14
8276,552.2101,2291.6558,5.5221,1.0000,WIN,557.7322,-75.90
8277,557.7322,2291.6558,5.5773,1.0000,LOSS,552.1549,-75.66
8278,552.1549,2291.6558,5.5215,1.0000,WIN,557.6764,-75.91
8279,557.6764,2291.6558,5.5768,1.0000,LOSS,552.0997,-75.66
8280,552.0997,2291.6558,5.5210,1.0000,WIN,557.6207,-75.91
8281,557.6207,2291.6558,5.5762,1.0000,WIN,563.1969,-75.67
8282,563.1969,2291.6558,5.6320,1.0000,LOSS,557.5649,-75.42
8283,557.5649,2291.6558,5.5756,1.0000,LOSS,551.9892,-75.67
8284,551.9892,2291.6558,5.5199,1.0000,LOSS,546.4694,-75.91
8285,546.4694,2291.6558,5.4647,1.0000,LOSS,541.0047,-76.15
8286,541.0047,2291.6558,5.4100,1.0000,WIN,546.4147,-76.39
8287,546.4147,2291.6558,5.4641,1.0000,WIN,551.8789,-76.16
8288,551.8789,2291.6558,5.5188,1.0000,LOSS,546.3601,-75.92
8289,546.3601,2291.6558,5.4636,1.0000,WIN,551.8237,-76.16
8290,551.8237,2291.6558,5.5182,1.0000,WIN,557.3419,-75.92
8291,557.3419,2291.6558,5.5734,1.0000,LOSS,551.7685,-75.68
8292,551.7685,2291.6558,5.5177,1.0000,WIN,557.2862,-75.92
8293,557.2862,2291.6558,5.5729,1.0000,LOSS,551.7133,-75.68
8294,551.7133,2291.6558,5.5171,1.0000,LOSS,546.1962,-75.93
8295,546.1962,2291.6558,5.4620,1.0000,WIN,551.6581,-76.17
8296,551.6581,2291.6558,5.5166,1.0000,WIN,557.1747,-75.93
8297,557.1747,2291.6558,5.5717,1.0000,WIN,562.7465,-75.69
8298,562.7465,2291.6558,5.6275,1.0000,WIN,568.3739,-75.44
8299,568.3739,2291.6558,5.6837,1.0000,LOSS,562.6902,-75.20
8300,562.6902,2291.6558,5.6269,1.0000,LOSS,557.0633,-75.45
8301,557.0633,2291.6558,5.5706,1.0000,LOSS,551.4927,-75.69
8302,551.4927,2291.6558,5.5149,1.0000,LOSS,545.9777,-75.93
8303,545.9777,2291.6558,5.4598,1.0000,LOSS,540.5180,-76.18
8304,540.5180,2291.6558,5.4052,1.0000,LOSS,535.1128,-76.41
8305,535.1128,2291.6558,5.3511,1.0000,WIN,540.4639,-76.65
8306,540.4639,2291.6558,5.4046,1.0000,LOSS,535.0593,-76.42
8307,535.0593,2291.6558,5.3506,1.0000,WIN,540.4099,-76.65
8308,540.4099,2291.6558,5.4041,1.0000,LOSS,535.0058,-76.42
8309,535.0058,2291.6558,5.3501,1.0000,WIN,540.3558,-76.65
8310,540.3558,2291.6558,5.4036,1.0000,LOSS,534.9523,-76.42
8311,534.9523,2291.6558,5.3495,1.0000,WIN,540.3018,-76.66
8312,540.3018,2291.6558,5.4030,1.0000,WIN,545.7048,-76.42
8313,545.7048,2291.6558,5.4570,1.0000,WIN,551.1618,-76.19
8314,551.1618,2291.6558,5.5116,1.0000,WIN,556.6735,-75.95
8315,556.6735,2291.6558,5.5667,1.0000,LOSS,551.1067,-75.71
8316,551.1067,2291.6558,5.5111,1.0000,LOSS,545.5957,-75.95
8317,545.5957,2291.6558,5.4560,1.0000,LOSS,540.1397,-76.19
8318,540.1397,2291.6558,5.4014,1.0000,LOSS,534.7383,-76.43
8319,534.7383,2291.6558,5.3474,1.0000,LOSS,529.3909,-76.67
8320,529.3909,2291.6558,5.2939,1.0000,WIN,534.6848,-76.90
8321,534.6848,2291.6558,5.3468,1.0000,LOSS,529.3380,-76.67
8322,529.3380,2291.6558,5.2934,1.0000,WIN,534.6314,-76.90
8323,534.6314,2291.6558,5.3463,1.0000,LOSS,529.2851,-76.67
8324,529.2851,2291.6558,5.2929,1.0000,LOSS,523.9922,-76.90
8325,523.9922,2291.6558,5.2399,1.0000,LOSS,518.7523,-77.13
8326,518.7523,2291.6558,5.1875,1.0000,LOSS,513.5648,-77.36
8327,513.5648,2291.6558,5.1356,1.0000,LOSS,508.4291,-77.59
8328,508.4291,2291.6558,5.0843,1.0000,WIN,513.5134,-77.81
8329,513.5134,2291.6558,5.1351,1.0000,WIN,518.6485,-77.59
8330,518.6485,2291.6558,5.1865,1.0000,WIN,523.8350,-77.37
8331,523.8350,2291.6558,5.2384,1.0000,WIN,529.0734,-77.14
8332,529.0734,2291.6558,5.2907,1.0000,WIN,534.3641,-76.91
8333,534.3641,2291.6558,5.3436,1.0000,WIN,539.7077,-76.68
8334,539.7077,2291.6558,5.3971,1.0000,WIN,545.1048,-76.45
8335,545.1048,2291.6558,5.4510,1.0000,WIN,550.5559,-76.21
8336,550.5559,2291.6558,5.5056,1.0000,LOSS,545.0503,-75.98
8337,545.0503,2291.6558,5.4505,1.0000,WIN,550.5008,-76.22
8338,550.5008,2291.6558,5.5050,1.0000,LOSS,544.9958,-75.98
8339,544.9958,2291.6558,5.4500,1.0000,WIN,550.4458,-76.22
8340,550.4458,2291.6558,5.5045,1.0000,LOSS,544.9413,-75.98
8341,544.9413,2291.6558,5.4494,1.0000,LOSS,539.4919,-76.22
8342,539.4919,2291.6558,5.3949,1.0000,LOSS,534.0970,-76.46
8343,534.0970,2291.6558,5.3410,1.0000,LOSS,528.7560,-76.69
8344,528.7560,2291.6558,5.2876,1.0000,LOSS,523.4684,-76.93
8345,523.4684,2291.6558,5.2347,1.0000,LOSS,518.2338,-77.16
8346,518.2338,2291.6558,5.1823,1.0000,WIN,523.4161,-77.39
8347,523.4161,2291.6558,5.2342,1.0000,LOSS,518.1819,-77.16
8348,518.1819,2291.6558,5.1818,1.0000,LOSS,513.0001,-77.39
8349,513.0001,2291.6558,5.1300,1.0000,WIN,518.1301,-77.61
8350,518.1301,2291.6558,5.1813,1.0000,LOSS,512.9488,-77.39
8351,512.9488,2291.6558,5.1295,1.0000,WIN,518.0783,-77.62
8352,518.0783,2291.6558,5.1808,1.0000,WIN,523.2591,-77.39
8353,523.2591,2291.6558,5.2326,1.0000,WIN,528.4917,-77.17
8354,528.4917,2291.6558,5.2849,1.0000,LOSS,523.2068,-76.94
8355,523.2068,2291.6558,5.2321,1.0000,WIN,528.4388,-77.17
8356,528.4388,2291.6558,5.2844,1.0000,WIN,533.7232,-76.94
8357,533.7232,2291.6558,5.3372,1.0000,LOSS,528.3860,-76.71
8358,528.3860,2291.6558,5.2839,1.0000,WIN,533.6698,-76.94
8359,533.6698,2291.6558,5.3367,1.0000,LOSS,528.3331,-76.71
8360,528.3331,2291.6558,5.2833,1.0000,LOSS,523.0498,-76.95
8361,523.0498,2291.6558,5.2305,1.0000,LOSS,517.8193,-77.18
8362,517.8193,2291.6558,5.1782,1.0000,WIN,522.9975,-77.40
8363,522.9975,2291.6558,5.2300,1.0000,WIN,528.2275,-77.18
8364,528.2275,2291.6558,5.2823,1.0000,LOSS,522.9452,-76.95
8365,522.9452,2291.6558,5.2295,1.0000,WIN,528.1747,-77.18
8366,528.1747,2291.6558,5.2817,1.0000,LOSS,522.8929,-76.95
8367,522.8929,2291.6558,5.2289,1.0000,LOSS,517.6640,-77.18
8368,517.6640,2291.6558,5.1766,1.0000,LOSS,512.4873,-77.41
8369,512.4873,2291.6558,5.1249,1.0000,WIN,517.6122,-77.64
8370,517.6122,2291.6558,5.1761,1.0000,WIN,522.7883,-77.41
8371,522.7883,2291.6558,5.2279,1.0000,LOSS,517.5605,-77.19
8372,517.5605,2291.6558,5.1756,1.0000,LOSS,512.3849,-77.42
8373,512.3849,2291.6558,5.1238,1.0000,LOSS,507.2610,-77.64
8374,507.2610,2291.6558,5.0726,1.0000,LOSS,502.1884,-77.86
8375,502.1884,2291.6558,5.0219,1.0000,WIN,507.2103,-78.09
8376,507.2103,2291.6558,5.0721,1.0000,LOSS,502.1382,-77.87
8377,502.1382,2291.6558,5.0214,1.0000,LOSS,497.1168,-78.09
8378,497.1168,2291.6558,4.9712,1.0000,LOSS,492.1456,-78.31
8379,492.1456,2291.6558,4.9215,1.0000,LOSS,487.2242,-78.52
8380,487.2242,2291.6558,4.8722,1.0000,LOSS,482.3519,-78.74
8381,482.3519,2291.6558,4.8235,1.0000,LOSS,477.5284,-78.95
8382,477.5284,2291.6558,4.7753,1.0000,LOSS,472.7531,-79.16
8383,472.7531,2291.6558,4.7275,1.0000,WIN,477.4807,-79.37
8384,477.4807,2291.6558,4.7748,1.0000,LOSS,472.7059,-79.16
8385,472.7059,2291.6558,4.7271,1.0000,LOSS,467.9788,-79.37
8386,467.9788,2291.6558,4.6798,1.0000,WIN,472.6586,-79.58
8387,472.6586,2291.6558,4.7266,1.0000,LOSS,467.9320,-79.37
8388,467.9320,2291.6558,4.6793,1.0000,LOSS,463.2527,-79.58
8389,463.2527,2291.6558,4.6325,1.0000,WIN,467.8852,-79.79
8390,467.8852,2291.6558,4.6789,1.0000,WIN,472.5641,-79.58
8391,472.5641,2291.6558,4.7256,1.0000,LOSS,467.8384,-79.38
8392,467.8384,2291.6558,4.6784,1.0000,LOSS,463.1600,-79.59
8393,463.1600,2291.6558,4.6316,1.0000,LOSS,458.5284,-79.79
8394,458.5284,2291.6558,4.5853,1.0000,WIN,463.1137,-79.99
8395,463.1137,2291.6558,4.6311,1.0000,LOSS,458.4826,-79.79
8396,458.4826,2291.6558,4.5848,1.0000,LOSS,453.8977,-79.99
8397,453.8977,2291.6558,4.5390,1.0000,LOSS,449.3588,-80.19
8398,449.3588,2291.6558,4.4936,1.0000,LOSS,444.8652,-80.39
8399,444.8652,2291.6558,4.4487,1.0000,WIN,449.3138,-80.59
8400,449.3138,2291.6558,4.4931,1.0000,WIN,453.8070,-80.39
8401,453.8070,2291.6558,4.5381,1.0000,LOSS,449.2689,-80.20
8402,449.2689,2291.6558,4.4927,1.0000,LOSS,444.7762,-80.40
8403,444.7762,2291.6558,4.4478,1.0000,WIN,449.2240,-80.59
8404,449.2240,2291.6558,4.4922,1.0000,LOSS,444.7317,-80.40
8405,444.7317,2291.6558,4.4473,1.0000,WIN,449.1791,-80.59
8406,449.1791,2291.6558,4.4918,1.0000,WIN,453.6708,-80.40
8407,453.6708,2291.6558,4.5367,1.0000,WIN,458.2076,-80.20
8408,458.2076,2291.6558,4.5821,1.0000,WIN,462.7896,-80.01
8409,462.7896,2291.6558,4.6279,1.0000,WIN,467.4175,-79.81
8410,467.4175,2291.6558,4.6742,1.0000,LOSS,462.7434,-79.60
8411,462.7434,2291.6558,4.6274,1.0000,LOSS,458.1159,-79.81
8412,458.1159,2291.6558,4.5812,1.0000,WIN,462.6971,-80.01
8413,462.6971,2291.6558,4.6270,1.0000,WIN,467.3240,-79.81
8414,467.3240,2291.6558,4.6732,1.0000,LOSS,462.6508,-79.61
8415,462.6508,2291.6558,4.6265,1.0000,WIN,467.2773,-79.81
8416,467.2773,2291.6558,4.6728,1.0000,WIN,471.9501,-79.61
8417,471.9501,2291.6558,4.7195,1.0000,LOSS,467.2306,-79.41
8418,467.2306,2291.6558,4.6723,1.0000,LOSS,462.5583,-79.61
8419,462.5583,2291.6558,4.6256,1.0000,LOSS,457.9327,-79.82
8420,457.9327,2291.6558,4.5793,1.0000,LOSS,453.3534,-80.02
8421,453.3534,2291.6558,4.5335,1.0000,LOSS,448.8198,-80.22
8422,448.8198,2291.6558,4.4882,1.0000,WIN,453.3080,-80.42
8423,453.3080,2291.6558,4.5331,1.0000,WIN,457.8411,-80.22
8424,457.8411,2291.6558,4.5784,1.0000,WIN,462.4195,-80.02
8425,462.4195,2291.6558,4.6242,1.0000,LOSS,457.7953,-79.82
8426,457.7953,2291.6558,4.5780,1.0000,WIN,462.3733,-80.02
8427,462.3733,2291.6558,4.6237,1.0000,LOSS,457.7496,-79.82
8428,457.7496,2291.6558,4.5775,1.0000,WIN,462.3270,-80.03
8429,462.3270,2291.6558,4.6233,1.0000,LOSS,457.7038,-79.83
8430,457.7038,2291.6558,4.5770,1.0000,LOSS,453.1267,-80.03
8431,453.1267,2291.6558,4.5313,1.0000,LOSS,448.5955,-80.23
8432,448.5955,2291.6558,4.4860,1.0000,LOSS,444.1095,-80.42
8433,444.1095,2291.6558,4.4411,1.0000,WIN,448.5506,-80.62
8434,448.5506,2291.6558,4.4855,1.0000,LOSS,444.0651,-80.43
8435,444.0651,2291.6558,4.4407,1.0000,LOSS,439.6245,-80.62
8436,439.6245,2291.6558,4.3962,1.0000,LOSS,435.2282,-80.82
8437,435.2282,2291.6558,4.3523,1.0000,LOSS,430.8759,-81.01
8438,430.8759,2291.6558,4.3088,1.0000,LOSS,426.5672,-81.20
8439,426.5672,2291.6558,4.2657,1.0000,LOSS,422.3015,-81.39
8440,422.3015,2291.6558,4.2230,1.0000,WIN,426.5245,-81.57
8441,426.5245,2291.6558,4.2652,1.0000,LOSS,422.2593,-81.39
8442,422.2593,2291.6558,4.2226,1.0000,WIN,426.4819,-81.57
8443,426.4819,2291.6558,4.2648,1.0000,WIN,430.7467,-81.39
8444,430.7467,2291.6558,4.3075,1.0000,LOSS,426.4392,-81.20
8445,426.4392,2291.6558,4.2644,1.0000,WIN,430.7036,-81.39
8446,430.7036,2291.6558,4.3070,1.0000,LOSS,426.3966,-81.21
8447,426.3966,2291.6558,4.2640,1.0000,LOSS,422.1326,-81.39
8448,422.1326,2291.6558,4.2213,1.0000,WIN,426.3539,-81.58
8449,426.3539,2291.6558,4.2635,1.0000,LOSS,422.0904,-81.40
8450,422.0904,2291.6558,4.2209,1.0000,LOSS,417.8695,-81.58
8451,417.8695,2291.6558,4.1787,1.0000,WIN,422.0482,-81.77
8452,422.0482,2291.6558,4.2205,1.0000,LOSS,417.8277,-81.58
8453,417.8277,2291.6558,4.1783,1.0000,WIN,422.0060,-81.77
8454,422.0060,2291.6558,4.2201,1.0000,LOSS,417.7859,-81.59
8455,417.7859,2291.6558,4.1779,1.0000,LOSS,413.6081,-81.77
8456,413.6081,2291.6558,4.1361,1.0000,LOSS,409.4720,-81.95
8457,409.4720,2291.6558,4.0947,1.0000,LOSS,405.3773,-82.13
8458,405.3773,2291.6558,4.0538,1.0000,WIN,409.4310,-82.31
8459,409.4310,2291.6558,4.0943,1.0000,WIN,413.5253,-82.13
8460,413.5253,2291.6558,4.1353,1.0000,WIN,417.6606,-81.96
8461,417.6606,2291.6558,4.1766,1.0000,LOSS,413.4840,-81.77
8462,413.4840,2291.6558,4.1348,1.0000,WIN,417.6188,-81.96
8463,417.6188,2291.6558,4.1762,1.0000,WIN,421.7950,-81.78
8464,421.7950,2291.6558,4.2180,1.0000,WIN,426.0130,-81.59
8465,426.0130,2291.6558,4.2601,1.0000,WIN,430.2731,-81.41
8466,430.2731,2291.6558,4.3027,1.0000,LOSS,425.9704,-81.22
8467,425.9704,2291.6558,4.2597,1.0000,LOSS,421.7107,-81.41
8468,421.7107,2291.6558,4.2171,1.0000,WIN,425.9278,-81.60
8469,425.9278,2291.6558,4.2593,1.0000,WIN,430.1870,-81.41
8470,430.1870,2291.6558,4.3019,1.0000,WIN,434.4889,-81.23
8471,434.4889,2291.6558,4.3449,1.0000,WIN,438.8338,-81.04
8472,438.8338,2291.6558,4.3883,1.0000,WIN,443.2221,-80.85
8473,443.2221,2291.6558,4.4322,1.0000,LOSS,438.7899,-80.66
8474,438.7899,2291.6558,4.3879,1.0000,LOSS,434.4020,-80.85
8475,434.4020,2291.6558,4.3440,1.0000,WIN,438.7460,-81.04
8476,438.7460,2291.6558,4.3875,1.0000,LOSS,434.3586,-80.85
8477,434.3586,2291.6558,4.3436,1.0000,WIN,438.7022,-81.05
8478,438.7022,2291.6558,4.3870,1.0000,WIN,443.0892,-80.86
8479,443.0892,2291.6558,4.4309,1.0000,WIN,447.5201,-80.67
8480,447.5201,2291.6558,4.4752,1.0000,WIN,451.9953,-80.47
8481,451.9953,2291.6558,4.5200,1.0000,WIN,456.5152,-80.28
8482,456.5152,2291.6558,4.5652,1.0000,LOSS,451.9501,-80.08
8483,451.9501,2291.6558,4.5195,1.0000,WIN,456.4696,-80.28
8484,456.4696,2291.6558,4.5647,1.0000,LOSS,451.9049,-80.08
8485,451.9049,2291.6558,4.5190,1.0000,WIN,456.4239,-80.28
8486,456.4239,2291.6558,4.5642,1.0000,WIN,460.9882,-80.08
8487,460.9882,2291.6558,4.6099,1.0000,WIN,465.5981,-79.88
8488,465.5981,2291.6558,4.6560,1.0000,WIN,470.2540,-79.68
8489,470.2540,2291.6558,4.7025,1.0000,WIN,474.9566,-79.48
8490,474.9566,2291.6558,4.7496,1.0000,WIN,479.7061,-79.27
8491,479.7061,2291.6558,4.7971,1.0000,WIN,484.5032,-79.07
8492,484.5032,2291.6558,4.8450,1.0000,LOSS,479.6582,-78.86
8493,479.6582,2291.6558,4.7966,1.0000,LOSS,474.8616,-79.07
8494,474.8616,2291.6558,4.7486,1.0000,WIN,479.6102,-79.28
8495,479.6102,2291.6558,4.7961,1.0000,WIN,484.4063,-79.07
8496,484.4063,2291.6558,4.8441,1.0000,LOSS,479.5622,-78.86
8497,479.5622,2291.6558,4.7956,1.0000,LOSS,474.7666,-79.07
8498,474.7666,2291.6558,4.7477,1.0000,LOSS,470.0190,-79.28
8499,470.0190,2291.6558,4.7002,1.0000,WIN,474.7191,-79.49
8500,474.7191,2291.6558,4.7472,1.0000,LOSS,469.9720,-79.28
8501,469.9720,2291.6558,4.6997,1.0000,LOSS,465.2722,-79.49
8502,465.2722,2291.6558,4.6527,1.0000,LOSS,460.6195,-79.70
8503,460.6195,2291.6558,4.6062,1.0000,WIN,465.2257,-79.90
8504,465.2257,2291.6558,4.6523,1.0000,LOSS,460.5735,-79.70
8505,460.5735,2291.6558,4.6057,1.0000,WIN,465.1792,-79.90
8506,465.1792,2291.6558,4.6518,1.0000,LOSS,460.5274,-79.70
8507,460.5274,2291.6558,4.6053,1.0000,WIN,465.1327,-79.90
8508,465.1327,2291.6558,4.6513,1.0000,WIN,469.7840,-79.70
8509,469.7840,2291.6558,4.6978,1.0000,WIN,474.4818,-79.50
8510,474.4818,2291.6558,4.7448,1.0000,LOSS,469.7370,-79.30
8511,469.7370,2291.6558,4.6974,1.0000,WIN,474.4344,-79.50
8512,474.4344,2291.6558,4.7443,1.0000,LOSS,469.6900,-79.30
8513,469.6900,2291.6558,4.6969,1.0000,LOSS,464.9931,-79.50
8514,464.9931,2291.6558,4.6499,1.0000,WIN,469.6431,-79.71
8515,469.6431,2291.6558,4.6964,1.0000,LOSS,464.9466,-79.51
8516,464.9466,2291.6558,4.6495,1.0000,WIN,469.5961,-79.71
8517,469.5961,2291.6558,4.6960,1.0000,LOSS,464.9001,-79.51
8518,464.9001,2291.6558,4.6490,1.0000,LOSS,460.2511,-79.71
8519,460.2511,2291.6558,4.6025,1.0000,WIN,464.8537,-79.92
8520,464.8537,2291.6558,4.6485,1.0000,LOSS,460.2051,-79.72
8521,460.2051,2291.6558,4.6021,1.0000,WIN,464.8072,-79.92
8522,464.8072,2291.6558,4.6481,1.0000,WIN,469.4552,-79.72
8523,469.4552,2291.6558,4.6946,1.0000,LOSS,464.7607,-79.51
8524,464.7607,2291.6558,4.6476,1.0000,WIN,469.4083,-79.72
8525,469.4083,2291.6558,4.6941,1.0000,LOSS,464.7142,-79.52
8526,464.7142,2291.6558,4.6471,1.0000,WIN,469.3614,-79.72
8527,469.3614,2291.6558,4.6936,1.0000,LOSS,464.6677,-79.52
8528,464.6677,2291.6558,4.6467,1.0000,WIN,469.3144,-79.72
8529,469.3144,2291.6558,4.6931,1.0000,LOSS,464.6213,-79.52
8530,464.6213,2291.6558,4.6462,1.0000,LOSS,459.9751,-79.73
8531,459.9751,2291.6558,4.5998,1.0000,LOSS,455.3753,-79.93
8532,455.3753,2291.6558,4.5538,1.0000,LOSS,450.8216,-80.13
8533,450.8216,2291.6558,4.5082,1.0000,LOSS,446.3133,-80.33
8534,446.3133,2291.6558,4.4631,1.0000,LOSS,441.8502,-80.52
8535,441.8502,2291.6558,4.4185,1.0000,LOSS,437.4317,-80.72
8536,437.4317,2291.6558,4.3743,1.0000,WIN,441.8060,-80.91
8537,441.8060,2291.6558,4.4181,1.0000,LOSS,437.3880,-80.72
8538,437.3880,2291.6558,4.3739,1.0000,WIN,441.7618,-80.91
8539,441.7618,2291.6558,4.4176,1.0000,WIN,446.1795,-80.72
8540,446.1795,2291.6558,4.4618,1.0000,LOSS,441.7177,-80.53
8541,441.7177,2291.6558,4.4172,1.0000,WIN,446.1348,-80.72
8542,446.1348,2291.6558,4.4613,1.0000,LOSS,441.6735,-80.53
8543,441.6735,2291.6558,4.4167,1.0000,WIN,446.0902,-80.73
8544,446.0902,2291.6558,4.4609,1.0000,WIN,450.5511,-80.53
8545,450.5511,2291.6558,4.5055,1.0000,LOSS,446.0456,-80.34
8546,446.0456,2291.6558,4.4605,1.0000,LOSS,441.5852,-80.54
8547,441.5852,2291.6558,4.4159,1.0000,WIN,446.0010,-80.73
8548,446.0010,2291.6558,4.4600,1.0000,WIN,450.4610,-80.54
8549,450.4610,2291.6558,4.5046,1.0000,LOSS,445.9564,-80.34
8550,445.9564,2291.6558,4.4596,1.0000,WIN,450.4160,-80.54
8551,450.4160,2291.6558,4.5042,1.0000,LOSS,445.9118,-80.35
8552,445.9118,2291.6558,4.4591,1.0000,LOSS,441.4527,-80.54
8553,441.4527,2291.6558,4.4145,1.0000,WIN,445.8672,-80.74
8554,445.8672,2291.6558,4.4587,1.0000,WIN,450.3259,-80.54
8555,450.3259,2291.6558,4.5033,1.0000,LOSS,445.8226,-80.35
8556,445.8226,2291.6558,4.4582,1.0000,WIN,450.2809,-80.55
8557,450.2809,2291.6558,4.5028,1.0000,WIN,454.7837,-80.35
8558,454.7837,2291.6558,4.5478,1.0000,LOSS,450.2358,-80.15
8559,450.2358,2291.6558,4.5024,1.0000,LOSS,445.7335,-80.35
8560,445.7335,2291.6558,4.4573,1.0000,LOSS,441.2762,-80.55
8561,441.2762,2291.6558,4.4128,1.0000,WIN,445.6889,-80.74
8562,445.6889,2291.6558,4.4569,1.0000,LOSS,441.2320,-80.55
8563,441.2320,2291.6558,4.4123,1.0000,LOSS,436.8197,-80.75
8564,436.8197,2291.6558,4.3682,1.0000,WIN,441.1879,-80.94
8565,441.1879,2291.6558,4.4119,1.0000,LOSS,436.7760,-80.75
8566,436.7760,2291.6558,4.3678,1.0000,LOSS,432.4083,-80.94
8567,432.4083,2291.6558,4.3241,1.0000,LOSS,428.0842,-81.13
8568,428.0842,2291.6558,4.2808,1.0000,LOSS,423.8033,-81.32
8569,423.8033,2291.6558,4.2380,1.0000,LOSS,419.5653,-81.51
8570,419.5653,2291.6558,4.1957,1.0000,LOSS,415.3697,-81.69
8571,415.3697,2291.6558,4.1537,1.0000,WIN,419.5233,-81.87
8572,419.5233,2291.6558,4.1952,1.0000,LOSS,415.3281,-81.69
8573,415.3281,2291.6558,4.1533,1.0000,WIN,419.4814,-81.88
8574,419.4814,2291.6558,4.1948,1.0000,WIN,423.6762,-81.70
8575,423.6762,2291.6558,4.2368,1.0000,WIN,427.9130,-81.51
8576,427.9130,2291.6558,4.2791,1.0000,LOSS,423.6338,-81.33
8577,423.6338,2291.6558,4.2363,1.0000,LOSS,419.3975,-81.51
8578,419.3975,2291.6558,4.1940,1.0000,LOSS,415.2035,-81.70
8579,415.2035,2291.6558,4.1520,1.0000,WIN,419.3556,-81.88
8580,419.3556,2291.6558,4.1936,1.0000,LOSS,415.1620,-81.70
8581,415.1620,2291.6558,4.1516,1.0000,LOSS,411.0104,-81.88
8582,411.0104,2291.6558,4.1101,1.0000,LOSS,406.9003,-82.06
8583,406.9003,2291.6558,4.0690,1.0000,LOSS,402.8313,-82.24
8584,402.8313,2291.6558,4.0283,1.0000,WIN,406.8596,-82.42
8585,406.8596,2291.6558,4.0686,1.0000,LOSS,402.7910,-82.25
8586,402.7910,2291.6558,4.0279,1.0000,WIN,406.8189,-82.42
8587,406.8189,2291.6558,4.0682,1.0000,LOSS,402.7507,-82.25
8588,402.7507,2291.6558,4.0275,1.0000,LOSS,398.7232,-82.43
8589,398.7232,2291.6558,3.9872,1.0000,LOSS,394.7360,-82.60
8590,394.7360,2291.6558,3.9474,1.0000,WIN,398.6833,-82.78
8591,398.6833,2291.6558,3.9868,1.0000,LOSS,394.6965,-82.60
8592,394.6965,2291.6558,3.9470,1.0000,WIN,398.6435,-82.78
8593,398.6435,2291.6558,3.9864,1.0000,LOSS,394.6570,-82.60
8594,394.6570,2291.6558,3.9466,1.0000,LOSS,390.7105,-82.78
8595,390.7105,2291.6558,3.9071,1.0000,LOSS,386.8034,-82.95
8596,386.8034,2291.6558,3.8680,1.0000,LOSS,382.9353,-83.12
8597,382.9353,2291.6558,3.8294,1.0000,LOSS,379.1060,-83.29
8598,379.1060,2291.6558,3.7911,1.0000,WIN,382.8970,-83.46
8599,382.8970,2291.6558,3.8290,1.0000,LOSS,379.0681,-83.29
8600,379.0681,2291.6558,3.7907,1.0000,WIN,382.8587,-83.46
8601,382.8587,2291.6558,3.8286,1.0000,WIN,386.6873,-83.29
8602,386.6873,2291.6558,3.8669,1.0000,WIN,390.5542,-83.13
8603,390.5542,2291.6558,3.9055,1.0000,LOSS,386.6487,-82.96
8604,386.6487,2291.6558,3.8665,1.0000,WIN,390.5151,-83.13
8605,390.5151,2291.6558,3.9052,1.0000,LOSS,386.6100,-82.96
8606,386.6100,2291.6558,3.8661,1.0000,LOSS,382.7439,-83.13
8607,382.7439,2291.6558,3.8274,1.0000,WIN,386.5713,-83.30
8608,386.5713,2291.6558,3.8657,1.0000,WIN,390.4371,-83.13
8609,390.4371,2291.6558,3.9044,1.0000,WIN,394.3414,-82.96
8610,394.3414,2291.6558,3.9434,1.0000,WIN,398.2848,-82.79
8611,398.2848,2291.6558,3.9828,1.0000,WIN,402.2677,-82.62
8612,402.2677,2291.6558,4.0227,1.0000,WIN,406.2904,-82.45
8613,406.2904,2291.6558,4.0629,1.0000,LOSS,402.2275,-82.27
8614,402.2275,2291.6558,4.0223,1.0000,LOSS,398.2052,-82.45
8615,398.2052,2291.6558,3.9821,1.0000,LOSS,394.2231,-82.62
8616,394.2231,2291.6558,3.9422,1.0000,LOSS,390.2809,-82.80
8617,390.2809,2291.6558,3.9028,1.0000,LOSS,386.3781,-82.97
8618,386.3781,2291.6558,3.8638,1.0000,WIN,390.2419,-83.14
8619,390.2419,2291.6558,3.9024,1.0000,LOSS,386.3395,-82.97
8620,386.3395,2291.6558,3.8634,1.0000,WIN,390.2028,-83.14
8621,390.2028,2291.6558,3.9020,1.0000,LOSS,386.3008,-82.97
8622,386.3008,2291.6558,3.8630,1.0000,LOSS,382.4378,-83.14
8623,382.4378,2291.6558,3.8244,1.0000,LOSS,378.6134,-83.31
8624,378.6134,2291.6558,3.7861,1.0000,WIN,382.3996,-83.48
8625,382.3996,2291.6558,3.8240,1.0000,LOSS,378.5756,-83.31
8626,378.5756,2291.6558,3.7858,1.0000,WIN,382.3613,-83.48
8627,382.3613,2291.6558,3.8236,1.0000,WIN,386.1849,-83.32
8628,386.1849,2291.6558,3.8618,1.0000,WIN,390.0468,-83.15
8629,390.0468,2291.6558,3.9005,1.0000,WIN,393.9473,-82.98
8630,393.9473,2291.6558,3.9395,1.0000,WIN,397.8867,-82.81
8631,397.8867,2291.6558,3.9789,1.0000,WIN,401.8656,-82.64
8632,401.8656,2291.6558,4.0187,1.0000,WIN,405.8843,-82.46
8633,405.8843,2291.6558,4.0588,1.0000,LOSS,401.8254,-82.29
8634,401.8254,2291.6558,4.0183,1.0000,LOSS,397.8072,-82.47
8635,397.8072,2291.6558,3.9781,1.0000,WIN,401.7852,-82.64
8636,401.7852,2291.6558,4.0179,1.0000,LOSS,397.7674,-82.47
8637,397.7674,2291.6558,3.9777,1.0000,WIN,401.7450,-82.64
8638,401.7450,2291.6558,4.0175,1.0000,WIN,405.7625,-82.47
8639,405.7625,2291.6558,4.0576,1.0000,WIN,409.8201,-82.29
8640,409.8201,2291.6558,4.0982,1.0000,WIN,413.9183,-82.12
8641,413.9183,2291.6558,4.1392,1.0000,LOSS,409.7791,-81.94
8642,409.7791,2291.6558,4.0978,1.0000,LOSS,405.6814,-82.12
8643,405.6814,2291.6558,4.0568,1.0000,LOSS,401.6245,-82.30
8644,401.6245,2291.6558,4.0162,1.0000,WIN,405.6408,-82.47
8645,405.6408,2291.6558,4.0564,1.0000,WIN,409.6972,-82.30
8646,409.6972,2291.6558,4.0970,1.0000,LOSS,405.6002,-82.12
8647,405.6002,2291.6558,4.0560,1.0000,LOSS,401.5442,-82.30
8648,401.5442,2291.6558,4.0154,1.0000,WIN,405.5597,-82.48
8649,405.5597,2291.6558,4.0556,1.0000,LOSS,401.5041,-82.30
8650,401.5041,2291.6558,4.0150,1.0000,WIN,405.5191,-82.48
8651,405.5191,2291.6558,4.0552,1.0000,LOSS,401.4639,-82.30
8652,401.4639,2291.6558,4.0146,1.0000,LOSS,397.4493,-82.48
8653,397.4493,2291.6558,3.9745,1.0000,LOSS,393.4748,-82.66
8654,393.4748,2291.6558,3.9347,1.0000,WIN,397.4095,-82.83
8655,397.4095,2291.6558,3.9741,1.0000,WIN,401.3836,-82.66
8656,401.3836,2291.6558,4.0138,1.0000,WIN,405.3975,-82.48
8657,405.3975,2291.6558,4.0540,1.0000,WIN,409.4514,-82.31
8658,409.4514,2291.6558,4.0945,1.0000,LOSS,405.3569,-82.13
8659,405.3569,2291.6558,4.0536,1.0000,WIN,409.4105,-82.31
8660,409.4105,2291.6558,4.0941,1.0000,WIN,413.5046,-82.13
8661,413.5046,2291.6558,4.1350,1.0000,WIN,417.6396,-81.96
8662,417.6396,2291.6558,4.1764,1.0000,LOSS,413.4632,-81.78
8663,413.4632,2291.6558,4.1346,1.0000,WIN,417.5979,-81.96
8664,417.5979,2291.6558,4.1760,1.0000,LOSS,413.4219,-81.78
8665,413.4219,2291.6558,4.1342,1.0000,LOSS,409.2877,-81.96
8666,409.2877,2291.6558,4.0929,1.0000,LOSS,405.1948,-82.14
8667,405.1948,2291.6558,4.0519,1.0000,WIN,409.2467,-82.32
8668,409.2467,2291.6558,4.0925,1.0000,WIN,413.3392,-82.14
8669,413.3392,2291.6558,4.1334,1.0000,WIN,417.4726,-81.96
8670,417.4726,2291.6558,4.1747,1.0000,LOSS,413.2979,-81.78
8671,413.2979,2291.6558,4.1330,1.0000,WIN,417.4309,-81.97
8672,417.4309,2291.6558,4.1743,1.0000,WIN,421.6052,-81.78
8673,421.6052,2291.6558,4.2161,1.0000,WIN,425.8212,-81.60
8674,425.8212,2291.6558,4.2582,1.0000,LOSS,421.5630,-81.42
8675,421.5630,2291.6558,4.2156,1.0000,WIN,425.7786,-81.60
8676,425.7786,2291.6558,4.2578,1.0000,LOSS,421.5209,-81.42
8677,421.5209,2291.6558,4.2152,1.0000,LOSS,417.3056,-81.61
8678,417.3056,2291.6558,4.1731,1.0000,LOSS,413.1326,-81.79
8679,413.1326,2291.6558,4.1313,1.0000,LOSS,409.0013,-81.97
8680,409.0013,2291.6558,4.0900,1.0000,LOSS,404.9113,-82.15
8681,404.9113,2291.6558,4.0491,1.0000,LOSS,400.8621,-82.33
8682,400.8621,2291.6558,4.0086,1.0000,WIN,404.8708,-82.51
8683,404.8708,2291.6558,4.0487,1.0000,WIN,408.9195,-82.33
8684,408.9195,2291.6558,4.0892,1.0000,LOSS,404.8303,-82.16
8685,404.8303,2291.6558,4.0483,1.0000,LOSS,400.7820,-82.33
8686,400.7820,2291.6558,4.0078,1.0000,LOSS,396.7741,-82.51
8687,396.7741,2291.6558,3.9677,1.0000,LOSS,392.8064,-82.69
8688,392.8064,2291.6558,3.9281,1.0000,LOSS,388.8783,-82.86
8689,388.8783,2291.6558,3.8888,1.0000,LOSS,384.9896,-83.03
8690,384.9896,2291.6558,3.8499,1.0000,LOSS,381.1397,-83.20
8691,381.1397,2291.6558,3.8114,1.0000,WIN,384.9511,-83.37
8692,384.9511,2291.6558,3.8495,1.0000,LOSS,381.1016,-83.20
8693,381.1016,2291.6558,3.8110,1.0000,WIN,384.9126,-83.37
8694,384.9126,2291.6558,3.8491,1.0000,LOSS,381.0634,-83.20
8695,381.0634,2291.6558,3.8106,1.0000,WIN,384.8741,-83.37
8696,384.8741,2291.6558,3.8487,1.0000,WIN,388.7228,-83.21
8697,388.7228,2291.6558,3.8872,1.0000,WIN,392.6100,-83.04
8698,392.6100,2291.6558,3.9261,1.0000,LOSS,388.6839,-82.87
8699,388.6839,2291.6558,3.8868,1.0000,WIN,392.5708,-83.04
8700,392.5708,2291.6558,3.9257,1.0000,WIN,396.4965,-82.87
8701,396.4965,2291.6558,3.9650,1.0000,WIN,400.4615,-82.70
8702,400.4615,2291.6558,4.0046,1.0000,LOSS,396.4568,-82.53
8703,396.4568,2291.6558,3.9646,1.0000,WIN,400.4214,-82.70
8704,400.4214,2291.6558,4.0042,1.0000,WIN,404.4256,-82.53
8705,404.4256,2291.6558,4.0443,1.0000,LOSS,400.3814,-82.35
8706,400.3814,2291.6558,4.0038,1.0000,LOSS,396.3776,-82.53
8707,396.3776,2291.6558,3.9638,1.0000,WIN,400.3413,-82.70
8708,400.3413,2291.6558,4.0034,1.0000,LOSS,396.3379,-82.53
8709,396.3379,2291.6558,3.9634,1.0000,WIN,400.3013,-82.71
8710,400.3013,2291.6558,4.0030,1.0000,LOSS,396.2983,-82.53
8711,396.2983,2291.6558,3.9630,1.0000,LOSS,392.3353,-82.71
8712,392.3353,2291.6558,3.9234,1.0000,LOSS,388.4119,-82.88
8713,388.4119,2291.6558,3.8841,1.0000,WIN,392.2961,-83.05
8714,392.2961,2291.6558,3.9230,1.0000,WIN,396.2190,-82.88
8715,396.2190,2291.6558,3.9622,1.0000,WIN,400.1812,-82.71
8716,400.1812,2291.6558,4.0018,1.0000,LOSS,396.1794,-82.54
8717,396.1794,2291.6558,3.9618,1.0000,WIN,400.1412,-82.71
8718,400.1412,2291.6558,4.0014,1.0000,LOSS,396.1398,-82.54
8719,396.1398,2291.6558,3.9614,1.0000,LOSS,392.1784,-82.71
8720,392.1784,2291.6558,3.9218,1.0000,WIN,396.1002,-82.89
8721,396.1002,2291.6558,3.9610,1.0000,LOSS,392.1392,-82.72
8722,392.1392,2291.6558,3.9214,1.0000,WIN,396.0606,-82.89
8723,396.0606,2291.6558,3.9606,1.0000,LOSS,392.1000,-82.72
8724,392.1000,2291.6558,3.9210,1.0000,WIN,396.0210,-82.89
8725,396.0210,2291.6558,3.9602,1.0000,WIN,399.9812,-82.72
8726,399.9812,2291.6558,3.9998,1.0000,LOSS,395.9814,-82.55
8727,395.9814,2291.6558,3.9598,1.0000,LOSS,392.0215,-82.72
8728,392.0215,2291.6558,3.9202,1.0000,LOSS,388.1013,-82.89
8729,388.1013,2291.6558,3.8810,1.0000,LOSS,384.2203,-83.06
8730,384.2203,2291.6558,3.8422,1.0000,LOSS,380.3781,-83.23
8731,380.3781,2291.6558,3.8038,1.0000,LOSS,376.5743,-83.40
8732,376.5743,2291.6558,3.7657,1.0000,WIN,380.3401,-83.57
8733,380.3401,2291.6558,3.8034,1.0000,WIN,384.1435,-83.40
8734,384.1435,2291.6558,3.8414,1.0000,WIN,387.9849,-83.24
8735,387.9849,2291.6558,3.8798,1.0000,WIN,391.8648,-83.07
8736,391.8648,2291.6558,3.9186,1.0000,LOSS,387.9461,-82.90
8737,387.9461,2291.6558,3.8795,1.0000,WIN,391.8256,-83.07
8738,391.8256,2291.6558,3.9183,1.0000,LOSS,387.9073,-82.90
8739,387.9073,2291.6558,3.8791,1.0000,WIN,391.7864,-83.07
8740,391.7864,2291.6558,3.9179,1.0000,WIN,395.7043,-82.90
8741,395.7043,2291.6558,3.9570,1.0000,LOSS,391.7472,-82.73
8742,391.7472,2291.6558,3.9175,1.0000,WIN,395.6647,-82.91
8743,395.6647,2291.6558,3.9566,1.0000,LOSS,391.7080,-82.73
8744,391.7080,2291.6558,3.9171,1.0000,LOSS,387.7910,-82.91
8745,387.7910,2291.6558,3.8779,1.0000,LOSS,383.9130,-83.08
8746,383.9130,2291.6558,3.8391,1.0000,WIN,387.7522,-83.25
8747,387.7522,2291.6558,3.8775,1.0000,LOSS,383.8747,-83.08
8748,383.8747,2291.6558,3.8387,1.0000,LOSS,380.0359,-83.25
8749,380.0359,2291.6558,3.8004,1.0000,WIN,383.8363,-83.42
8750,383.8363,2291.6558,3.8384,1.0000,LOSS,379.9979,-83.25
8751,379.9979,2291.6558,3.8000,1.0000,WIN,383.7979,-83.42
8752,383.7979,2291.6558,3.8380,1.0000,LOSS,379.9599,-83.25
8753,379.9599,2291.6558,3.7996,1.0000,WIN,383.7595,-83.42
8754,383.7595,2291.6558,3.8376,1.0000,LOSS,379.9219,-83.25
8755,379.9219,2291.6558,3.7992,1.0000,LOSS,376.1227,-83.42
8756,376.1227,2291.6558,3.7612,1.0000,LOSS,372.3615,-83.59
8757,372.3615,2291.6558,3.7236,1.0000,WIN,376.0851,-83.75
8758,376.0851,2291.6558,3.7609,1.0000,WIN,379.8459,-83.59
8759,379.8459,2291.6558,3.7985,1.0000,WIN,383.6444,-83.42
8760,383.6444,2291.6558,3.8364,1.0000,WIN,387.4808,-83.26
8761,387.4808,2291.6558,3.8748,1.0000,LOSS,383.6060,-83.09
8762,383.6060,2291.6558,3.8361,1.0000,LOSS,379.7700,-83.26
8763,379.7700,2291.6558,3.7977,1.0000,WIN,383.5677,-83.43
8764,383.5677,2291.6558,3.8357,1.0000,LOSS,379.7320,-83.26
8765,379.7320,2291.6558,3.7973,1.0000,LOSS,375.9347,-83.43
8766,375.9347,2291.6558,3.7593,1.0000,LOSS,372.1753,-83.60
8767,372.1753,2291.6558,3.7218,1.0000,WIN,375.8971,-83.76
8768,375.8971,2291.6558,3.7590,1.0000,LOSS,372.1381,-83.60
8769,372.1381,2291.6558,3.7214,1.0000,LOSS,368.4167,-83.76
8770,368.4167,2291.6558,3.6842,1.0000,LOSS,364.7326,-83.92
8771,364.7326,2291.6558,3.6473,1.0000,LOSS,361.0852,-84.08
8772,361.0852,2291.6558,3.6109,1.0000,LOSS,357.4744,-84.24
8773,357.4744,2291.6558,3.5747,1.0000,WIN,361.0491,-84.40
8774,361.0491,2291.6558,3.6105,1.0000,LOSS,357.4386,-84.25
8775,357.4386,2291.6558,3.5744,1.0000,LOSS,353.8642,-84.40
8776,353.8642,2291.6558,3.5386,1.0000,WIN,357.4029,-84.56
8777,357.4029,2291.6558,3.5740,1.0000,LOSS,353.8289,-84.40
8778,353.8289,2291.6558,3.5383,1.0000,WIN,357.3671,-84.56
8779,357.3671,2291.6558,3.5737,1.0000,LOSS,353.7935,-84.41
8780,353.7935,2291.6558,3.5379,1.0000,LOSS,350.2555,-84.56
8781,350.2555,2291.6558,3.5026,1.0000,LOSS,346.7530,-84.72
8782,346.7530,2291.6558,3.4675,1.0000,LOSS,343.2855,-84.87
8783,343.2855,2291.6558,3.4329,1.0000,WIN,346.7183,-85.02
8784,346.7183,2291.6558,3.4672,1.0000,LOSS,343.2511,-84.87
8785,343.2511,2291.6558,3.4325,1.0000,WIN,346.6836,-85.02
8786,346.6836,2291.6558,3.4668,1.0000,WIN,350.1505,-84.87
8787,350.1505,2291.6558,3.5015,1.0000,WIN,353.6520,-84.72
8788,353.6520,2291.6558,3.5365,1.0000,LOSS,350.1155,-84.57
8789,350.1155,2291.6558,3.5012,1.0000,LOSS,346.6143,-84.72
8790,346.6143,2291.6558,3.4661,1.0000,WIN,350.0804,-84.87
8791,350.0804,2291.6558,3.5008,1.0000,LOSS,346.5796,-84.72
8792,346.5796,2291.6558,3.4658,1.0000,WIN,350.0454,-84.88
8793,350.0454,2291.6558,3.5005,1.0000,LOSS,346.5450,-84.73
8794,346.5450,2291.6558,3.4654,1.0000,LOSS,343.0795,-84.88
8795,343.0795,2291.6558,3.4308,1.0000,WIN,346.5103,-85.03
8796,346.5103,2291.6558,3.4651,1.0000,LOSS,343.0452,-84.88
8797,343.0452,2291.6558,3.4305,1.0000,LOSS,339.6148,-85.03
8798,339.6148,2291.6558,3.3961,1.0000,LOSS,336.2186,-85.18
8799,336.2186,2291.6558,3.3622,1.0000,WIN,339.5808,-85.33
8800,339.5808,2291.6558,3.3958,1.0000,LOSS,336.1850,-85.18
8801,336.1850,2291.6558,3.3619,1.0000,LOSS,332.8232,-85.33
8802,332.8232,2291.6558,3.3282,1.0000,WIN,336.1514,-85.48
8803,336.1514,2291.6558,3.3615,1.0000,LOSS,332.7899,-85.33
8804,332.7899,2291.6558,3.3279,1.0000,WIN,336.1178,-85.48
8805,336.1178,2291.6558,3.3612,1.0000,LOSS,332.7566,-85.33
8806,332.7566,2291.6558,3.3276,1.0000,WIN,336.0842,-85.48
8807,336.0842,2291.6558,3.3608,1.0000,WIN,339.4450,-85.33
8808,339.4450,2291.6558,3.3944,1.0000,LOSS,336.0505,-85.19
8809,336.0505,2291.6558,3.3605,1.0000,WIN,339.4111,-85.34
8810,339.4111,2291.6558,3.3941,1.0000,WIN,342.8052,-85.19
8811,342.8052,2291.6558,3.4281,1.0000,WIN,346.2332,-85.04
8812,346.2332,2291.6558,3.4623,1.0000,LOSS,342.7709,-84.89
8813,342.7709,2291.6558,3.4277,1.0000,LOSS,339.3432,-85.04
8814,339.3432,2291.6558,3.3934,1.0000,LOSS,335.9497,-85.19
8815,335.9497,2291.6558,3.3595,1.0000,LOSS,332.5902,-85.34
8816,332.5902,2291.6558,3.3259,1.0000,WIN,335.9161,-85.49
8817,335.9161,2291.6558,3.3592,1.0000,LOSS,332.5570,-85.34
8818,332.5570,2291.6558,3.3256,1.0000,LOSS,329.2314,-85.49
8819,329.2314,2291.6558,3.2923,1.0000,WIN,332.5237,-85.63
8820,332.5237,2291.6558,3.3252,1.0000,WIN,335.8490,-85.49
8821,335.8490,2291.6558,3.3585,1.0000,LOSS,332.4905,-85.34
8822,332.4905,2291.6558,3.3249,1.0000,LOSS,329.1656,-85.49
8823,329.1656,2291.6558,3.2917,1.0000,WIN,332.4572,-85.64
8824,332.4572,2291.6558,3.3246,1.0000,WIN,335.7818,-85.49
8825,335.7818,2291.6558,3.3578,1.0000,WIN,339.1396,-85.35
8826,339.1396,2291.6558,3.3914,1.0000,WIN,342.5310,-85.20
8827,342.5310,2291.6558,3.4253,1.0000,WIN,345.9563,-85.05
8828,345.9563,2291.6558,3.4596,1.0000,LOSS,342.4968,-84.90
8829,342.4968,2291.6558,3.4250,1.0000,LOSS,339.0718,-85.05
8830,339.0718,2291.6558,3.3907,1.0000,WIN,342.4625,-85.20
8831,342.4625,2291.6558,3.4246,1.0000,WIN,345.8871,-85.06
8832,345.8871,2291.6558,3.4589,1.0000,LOSS,342.4283,-84.91
8833,342.4283,2291.6558,3.4243,1.0000,LOSS,339.0040,-85.06
8834,339.0040,2291.6558,3.3900,1.0000,LOSS,335.6139,-85.21
8835,335.6139,2291.6558,3.3561,1.0000,LOSS,332.2578,-85.35
8836,332.2578,2291.6558,3.3226,1.0000,LOSS,328.9352,-85.50
8837,328.9352,2291.6558,3.2894,1.0000,WIN,332.2246,-85.65
8838,332.2246,2291.6558,3.3222,1.0000,LOSS,328.9023,-85.50
8839,328.9023,2291.6558,3.2890,1.0000,WIN,332.1914,-85.65
8840,332.1914,2291.6558,3.3219,1.0000,WIN,335.5133,-85.50
8841,335.5133,2291.6558,3.3551,1.0000,WIN,338.8684,-85.36
8842,338.8684,2291.6558,3.3887,1.0000,LOSS,335.4797,-85.21
8843,335.4797,2291.6558,3.3548,1.0000,LOSS,332.1249,-85.36
8844,332.1249,2291.6558,3.3212,1.0000,LOSS,328.8037,-85.51
8845,328.8037,2291.6558,3.2880,1.0000,LOSS,325.5156,-85.65
8846,325.5156,2291.6558,3.2552,1.0000,WIN,328.7708,-85.80
8847,328.7708,2291.6558,3.2877,1.0000,LOSS,325.4831,-85.65
8848,325.4831,2291.6558,3.2548,1.0000,WIN,328.7379,-85.80
8849,328.7379,2291.6558,3.2874,1.0000,WIN,332.0253,-85.66
8850,332.0253,2291.6558,3.3203,1.0000,LOSS,328.7050,-85.51
8851,328.7050,2291.6558,3.2871,1.0000,WIN,331.9921,-85.66
8852,331.9921,2291.6558,3.3199,1.0000,LOSS,328.6722,-85.51
8853,328.6722,2291.6558,3.2867,1.0000,WIN,331.9589,-85.66
8854,331.9589,2291.6558,3.3196,1.0000,LOSS,328.6393,-85.51
8855,328.6393,2291.6558,3.2864,1.0000,LOSS,325.3529,-85.66
8856,325.3529,2291.6558,3.2535,1.0000,LOSS,322.0994,-85.80
8857,322.0994,2291.6558,3.2210,1.0000,WIN,325.3204,-85.94
8858,325.3204,2291.6558,3.2532,1.0000,LOSS,322.0672,-85.80
8859,322.0672,2291.6558,3.2207,1.0000,LOSS,318.8465,-85.95
8860,318.8465,2291.6558,3.1885,1.0000,LOSS,315.6580,-86.09
8861,315.6580,2291.6558,3.1566,1.0000,WIN,318.8146,-86.23
8862,318.8146,2291.6558,3.1881,1.0000,LOSS,315.6265,-86.09
8863,315.6265,2291.6558,3.1563,1.0000,WIN,318.7827,-86.23
8864,318.7827,2291.6558,3.1878,1.0000,WIN,321.9706,-86.09
8865,321.9706,2291.6558,3.2197,1.0000,LOSS,318.7509,-85.95
8866,318.7509,2291.6558,3.1875,1.0000,LOSS,315.5633,-86.09
8867,315.5633,2291.6558,3.1556,1.0000,LOSS,312.4077,-86.23
8868,312.4077,2291.6558,3.1241,1.0000,WIN,315.5318,-86.37
8869,315.5318,2291.6558,3.1553,1.0000,LOSS,312.3765,-86.23
8870,312.3765,2291.6558,3.1238,1.0000,LOSS,309.2527,-86.37
8871,309.2527,2291.6558,3.0925,1.0000,WIN,312.3452,-86.51
8872,312.3452,2291.6558,3.1235,1.0000,LOSS,309.2218,-86.37
8873,309.2218,2291.6558,3.0922,1.0000,WIN,312.3140,-86.51
8874,312.3140,2291.6558,3.1231,1.0000,LOSS,309.1909,-86.37
8875,309.1909,2291.6558,3.0919,1.0000,WIN,312.2828,-86.51
8876,312.2828,2291.6558,3.1228,1.0000,WIN,315.4056,-86.37
8877,315.4056,2291.6558,3.1541,1.0000,LOSS,312.2515,-86.24
8878,312.2515,2291.6558,3.1225,1.0000,LOSS,309.1290,-86.37
8879,309.1290,2291.6558,3.0913,1.0000,WIN,312.2203,-86.51
8880,312.2203,2291.6558,3.1222,1.0000,LOSS,309.0981,-86.38
8881,309.0981,2291.6558,3.0910,1.0000,WIN,312.1891,-86.51
8882,312.1891,2291.6558,3.1219,1.0000,WIN,315.3110,-86.38
8883,315.3110,2291.6558,3.1531,1.0000,LOSS,312.1579,-86.24
8884,312.1579,2291.6558,3.1216,1.0000,LOSS,309.0363,-86.38
8885,309.0363,2291.6558,3.0904,1.0000,LOSS,305.9459,-86.51
8886,305.9459,2291.6558,3.0595,1.0000,LOSS,302.8865,-86.65
8887,302.8865,2291.6558,3.0289,1.0000,WIN,305.9153,-86.78
8888,305.9153,2291.6558,3.0592,1.0000,LOSS,302.8562,-86.65
8889,302.8562,2291.6558,3.0286,1.0000,WIN,305.8847,-86.78
8890,305.8847,2291.6558,3.0588,1.0000,LOSS,302.8259,-86.65
8891,302.8259,2291.6558,3.0283,1.0000,LOSS,299.7976,-86.79
8892,299.7976,2291.6558,2.9980,1.0000,LOSS,296.7997,-86.92
8893,296.7997,2291.6558,2.9680,1.0000,LOSS,293.8317,-87.05
8894,293.8317,2291.6558,2.9383,1.0000,LOSS,290.8933,-87.18
8895,290.8933,2291.6558,2.9089,1.0000,LOSS,287.9844,-87.31
8896,287.9844,2291.6558,2.8798,1.0000,WIN,290.8643,-87.43
8897,290.8643,2291.6558,2.9086,1.0000,LOSS,287.9556,-87.31
8898,287.9556,2291.6558,2.8796,1.0000,WIN,290.8352,-87.43
8899,290.8352,2291.6558,2.9084,1.0000,LOSS,287.9268,-87.31
8900,287.9268,2291.6558,2.8793,1.0000,WIN,290.8061,-87.44
8901,290.8061,2291.6558,2.9081,1.0000,LOSS,287.8980,-87.31
8902,287.8980,2291.6558,2.8790,1.0000,WIN,290.7770,-87.44
8903,290.7770,2291.6558,2.9078,1.0000,LOSS,287.8692,-87.31
8904,287.8692,2291.6558,2.8787,1.0000,WIN,290.7479,-87.44
8905,290.7479,2291.6558,2.9075,1.0000,LOSS,287.8405,-87.31
8906,287.8405,2291.6558,2.8784,1.0000,WIN,290.7189,-87.44
8907,290.7189,2291.6558,2.9072,1.0000,LOSS,287.8117,-87.31
8908,287.8117,2291.6558,2.8781,1.0000,LOSS,284.9336,-87.44
8909,284.9336,2291.6558,2.8493,1.0000,LOSS,282.0842,-87.57
8910,282.0842,2291.6558,2.8208,1.0000,LOSS,279.2634,-87.69
8911,279.2634,2291.6558,2.7926,1.0000,WIN,282.0560,-87.81
8912,282.0560,2291.6558,2.8206,1.0000,WIN,284.8766,-87.69
8913,284.8766,2291.6558,2.8488,1.0000,LOSS,282.0278,-87.57
8914,282.0278,2291.6558,2.8203,1.0000,LOSS,279.2075,-87.69
8915,279.2075,2291.6558,2.7921,1.0000,LOSS,276.4154,-87.82
8916,276.4154,2291.6558,2.7642,1.0000,LOSS,273.6513,-87.94
8917,273.6513,2291.6558,2.7365,1.0000,WIN,276.3878,-88.06
8918,276.3878,2291.6558,2.7639,1.0000,LOSS,273.6239,-87.94
8919,273.6239,2291.6558,2.7362,1.0000,WIN,276.3602,-88.06
8920,276.3602,2291.6558,2.7636,1.0000,LOSS,273.5966,-87.94
8921,273.5966,2291.6558,2.7360,1.0000,WIN,276.3325,-88.06
8922,276.3325,2291.6558,2.7633,1.0000,LOSS,273.5692,-87.94
8923,273.5692,2291.6558,2.7357,1.0000,WIN,276.3049,-88.06
8924,276.3049,2291.6558,2.7630,1.0000,LOSS,273.5419,-87.94
8925,273.5419,2291.6558,2.7354,1.0000,LOSS,270.8064,-88.06
8926,270.8064,2291.6558,2.7081,1.0000,LOSS,268.0984,-88.18
8927,268.0984,2291.6558,2.6810,1.0000,LOSS,265.4174,-88.30
8928,265.4174,2291.6558,2.6542,1.0000,WIN,268.0716,-88.42
8929,268.0716,2291.6558,2.6807,1.0000,WIN,270.7523,-88.30
8930,270.7523,2291.6558,2.7075,1.0000,LOSS,268.0448,-88.19
8931,268.0448,2291.6558,2.6804,1.0000,WIN,270.7252,-88.30
8932,270.7252,2291.6558,2.7073,1.0000,LOSS,268.0179,-88.19
8933,268.0179,2291.6558,2.6802,1.0000,LOSS,265.3378,-88.30
8934,265.3378,2291.6558,2.6534,1.0000,WIN,267.9911,-88.42
8935,267.9911,2291.6558,2.6799,1.0000,LOSS,265.3112,-88.31
8936,265.3112,2291.6558,2.6531,1.0000,WIN,267.9643,-88.42
8937,267.9643,2291.6558,2.6796,1.0000,WIN,270.6440,-88.31
8938,270.6440,2291.6558,2.7064,1.0000,WIN,273.3504,-88.19
8939,273.3504,2291.6558,2.7335,1.0000,LOSS,270.6169,-88.07
8940,270.6169,2291.6558,2.7062,1.0000,WIN,273.3231,-88.19
8941,273.3231,2291.6558,2.7332,1.0000,LOSS,270.5899,-88.07
8942,270.5899,2291.6558,2.7059,1.0000,WIN,273.2958,-88.19
8943,273.2958,2291.6558,2.7330,1.0000,WIN,276.0287,-88.07
8944,276.0287,2291.6558,2.7603,1.0000,WIN,278.7890,-87.96
8945,278.7890,2291.6558,2.7879,1.0000,LOSS,276.0011,-87.83
8946,276.0011,2291.6558,2.7600,1.0000,WIN,278.7611,-87.96
8947,278.7611,2291.6558,2.7876,1.0000,LOSS,275.9735,-87.84
8948,275.9735,2291.6558,2.7597,1.0000,WIN,278.7333,-87.96
8949,278.7333,2291.6558,2.7873,1.0000,WIN,281.5206,-87.84
8950,281.5206,2291.6558,2.8152,1.0000,LOSS,278.7054,-87.72
8951,278.7054,2291.6558,2.7871,1.0000,WIN,281.4924,-87.84
8952,281.4924,2291.6558,2.8149,1.0000,LOSS,278.6775,-87.72
8953,278.6775,2291.6558,2.7868,1.0000,LOSS,275.8907,-87.84
8954,275.8907,2291.6558,2.7589,1.0000,LOSS,273.1318,-87.96
8955,273.1318,2291.6558,2.7313,1.0000,LOSS,270.4005,-88.08
8956,270.4005,2291.6558,2.7040,1.0000,LOSS,267.6965,-88.20
8957,267.6965,2291.6558,2.6770,1.0000,LOSS,265.0195,-88.32
8958,265.0195,2291.6558,2.6502,1.0000,LOSS,262.3693,-88.44
8959,262.3693,2291.6558,2.6237,1.0000,WIN,264.9930,-88.55
8960,264.9930,2291.6558,2.6499,1.0000,LOSS,262.3431,-88.44
8961,262.3431,2291.6558,2.6234,1.0000,WIN,264.9665,-88.55
8962,264.9665,2291.6558,2.6497,1.0000,LOSS,262.3169,-88.44
8963,262.3169,2291.6558,2.6232,1.0000,LOSS,259.6937,-88.55
8964,259.6937,2291.6558,2.5969,1.0000,WIN,262.2906,-88.67
8965,262.2906,2291.6558,2.6229,1.0000,WIN,264.9135,-88.55
8966,264.9135,2291.6558,2.6491,1.0000,LOSS,262.2644,-88.44
8967,262.2644,2291.6558,2.6226,1.0000,LOSS,259.6418,-88.56
8968,259.6418,2291.6558,2.5964,1.0000,WIN,262.2382,-88.67
8969,262.2382,2291.6558,2.6224,1.0000,WIN,264.8606,-88.56
8970,264.8606,2291.6558,2.6486,1.0000,WIN,267.5092,-88.44
8971,267.5092,2291.6558,2.6751,1.0000,WIN,270.1843,-88.33
8972,270.1843,2291.6558,2.7018,1.0000,LOSS,267.4824,-88.21
8973,267.4824,2291.6558,2.6748,1.0000,WIN,270.1572,-88.33
8974,270.1572,2291.6558,2.7016,1.0000,LOSS,267.4557,-88.21
8975,267.4557,2291.6558,2.6746,1.0000,LOSS,264.7811,-88.33
8976,264.7811,2291.6558,2.6478,1.0000,LOSS,262.1333,-88.45
8977,262.1333,2291.6558,2.6213,1.0000,WIN,264.7546,-88.56
8978,264.7546,2291.6558,2.6475,1.0000,LOSS,262.1071,-88.45
8979,262.1071,2291.6558,2.6211,1.0000,WIN,264.7282,-88.56
8980,264.7282,2291.6558,2.6473,1.0000,LOSS,262.0809,-88.45
8981,262.0809,2291.6558,2.6208,1.0000,WIN,264.7017,-88.56
8982,264.7017,2291.6558,2.6470,1.0000,LOSS,262.0547,-88.45
8983,262.0547,2291.6558,2.6205,1.0000,WIN,264.6752,-88.56
8984,264.6752,2291.6558,2.6468,1.0000,LOSS,262.0285,-88.45
8985,262.0285,2291.6558,2.6203,1.0000,LOSS,259.4082,-88.57
8986,259.4082,2291.6558,2.5941,1.0000,LOSS,256.8141,-88.68
8987,256.8141,2291.6558,2.5681,1.0000,WIN,259.3822,-88.79
8988,259.3822,2291.6558,2.5938,1.0000,WIN,261.9761,-88.68
8989,261.9761,2291.6558,2.6198,1.0000,WIN,264.5958,-88.57
8990,264.5958,2291.6558,2.6460,1.0000,LOSS,261.9499,-88.45
8991,261.9499,2291.6558,2.6195,1.0000,WIN,264.5694,-88.57
8992,264.5694,2291.6558,2.6457,1.0000,WIN,267.2151,-88.46
8993,267.2151,2291.6558,2.6722,1.0000,LOSS,264.5429,-88.34
8994,264.5429,2291.6558,2.6454,1.0000,LOSS,261.8975,-88.46
8995,261.8975,2291.6558,2.6190,1.0000,LOSS,259.2785,-88.57
8996,259.2785,2291.6558,2.5928,1.0000,LOSS,256.6857,-88.69
8997,256.6857,2291.6558,2.5669,1.0000,LOSS,254.1189,-88.80
8998,254.1189,2291.6558,2.5412,1.0000,LOSS,251.5777,-88.91
8999,251.5777,2291.6558,2.5158,1.0000,LOSS,249.0619,-89.02
9000,249.0619,2291.6558,2.4906,1.0000,WIN,251.5525,-89.13
9001,251.5525,2291.6558,2.5155,1.0000,LOSS,249.0370,-89.02
9002,249.0370,2291.6558,2.4904,1.0000,WIN,251.5274,-89.13
9003,251.5274,2291.6558,2.5153,1.0000,LOSS,249.0121,-89.02
9004,249.0121,2291.6558,2.4901,1.0000,WIN,251.5022,-89.13
9005,251.5022,2291.6558,2.5150,1.0000,WIN,254.0172,-89.03
9006,254.0172,2291.6558,2.5402,1.0000,WIN,256.5574,-88.92
9007,256.5574,2291.6558,2.5656,1.0000,WIN,259.1230,-88.80
9008,259.1230,2291.6558,2.5912,1.0000,LOSS,256.5317,-88.69
9009,256.5317,2291.6558,2.5653,1.0000,WIN,259.0971,-88.81
9010,259.0971,2291.6558,2.5910,1.0000,WIN,261.6880,-88.69
9011,261.6880,2291.6558,2.6169,1.0000,WIN,264.3049,-88.58
9012,264.3049,2291.6558,2.6430,1.0000,WIN,266.9480,-88.47
9013,266.9480,2291.6558,2.6695,1.0000,LOSS,264.2785,-88.35
9014,264.2785,2291.6558,2.6428,1.0000,WIN,266.9213,-88.47
9015,266.9213,2291.6558,2.6692,1.0000,WIN,269.5905,-88.35
9016,269.5905,2291.6558,2.6959,1.0000,LOSS,266.8946,-88.24
9017,266.8946,2291.6558,2.6689,1.0000,LOSS,264.2256,-88.35
9018,264.2256,2291.6558,2.6423,1.0000,LOSS,261.5834,-88.47
9019,261.5834,2291.6558,2.6158,1.0000,WIN,264.1992,-88.59
9020,264.1992,2291.6558,2.6420,1.0000,WIN,266.8412,-88.47
9021,266.8412,2291.6558,2.6684,1.0000,LOSS,264.1728,-88.36
9022,264.1728,2291.6558,2.6417,1.0000,WIN,266.8145,-88.47
9023,266.8145,2291.6558,2.6681,1.0000,WIN,269.4827,-88.36
9024,269.4827,2291.6558,2.6948,1.0000,WIN,272.1775,-88.24
9025,272.1775,2291.6558,2.7218,1.0000,LOSS,269.4557,-88.12
9026,269.4557,2291.6558,2.6946,1.0000,WIN,272.1503,-88.24
9027,272.1503,2291.6558,2.7215,1.0000,WIN,274.8718,-88.12
9028,274.8718,2291.6558,2.7487,1.0000,LOSS,272.1231,-88.01
9029,272.1231,2291.6558,2.7212,1.0000,LOSS,269.4018,-88.13
9030,269.4018,2291.6558,2.6940,1.0000,WIN,272.0958,-88.24
9031,272.0958,2291.6558,2.7210,1.0000,LOSS,269.3749,-88.13
9032,269.3749,2291.6558,2.6937,1.0000,WIN,272.0686,-88.25
9033,272.0686,2291.6558,2.7207,1.0000,WIN,274.7893,-88.13
9034,274.7893,2291.6558,2.7479,1.0000,WIN,277.5372,-88.01
9035,277.5372,2291.6558,2.7754,1.0000,LOSS,274.7618,-87.89
9036,274.7618,2291.6558,2.7476,1.0000,LOSS,272.0142,-88.01
9037,272.0142,2291.6558,2.7201,1.0000,LOSS,269.2941,-88.13
9038,269.2941,2291.6558,2.6929,1.0000,WIN,271.9870,-88.25
9039,271.9870,2291.6558,2.7199,1.0000,WIN,274.7069,-88.13
9040,274.7069,2291.6558,2.7471,1.0000,LOSS,271.9598,-88.01
9041,271.9598,2291.6558,2.7196,1.0000,LOSS,269.2402,-88.13
9042,269.2402,2291.6558,2.6924,1.0000,LOSS,266.5478,-88.25
9043,266.5478,2291.6558,2.6655,1.0000,LOSS,263.8823,-88.37
9044,263.8823,2291.6558,2.6388,1.0000,WIN,266.5212,-88.49
9045,266.5212,2291.6558,2.6652,1.0000,LOSS,263.8560,-88.37
9046,263.8560,2291.6558,2.6386,1.0000,WIN,266.4945,-88.49
9047,266.4945,2291.6558,2.6649,1.0000,LOSS,263.8296,-88.37
9048,263.8296,2291.6558,2.6383,1.0000,LOSS,261.1913,-88.49
9049,261.1913,2291.6558,2.6119,1.0000,WIN,263.8032,-88.60
9050,263.8032,2291.6558,2.6380,1.0000,WIN,266.4412,-88.49
9051,266.4412,2291.6558,2.6644,1.0000,LOSS,263.7768,-88.37
9052,263.7768,2291.6558,2.6378,1.0000,WIN,266.4146,-88.49
9053,266.4146,2291.6558,2.6641,1.0000,LOSS,263.7504,-88.37
9054,263.7504,2291.6558,2.6375,1.0000,WIN,266.3879,-88.49
9055,266.3879,2291.6558,2.6639,1.0000,LOSS,263.7241,-88.38
9056,263.7241,2291.6558,2.6372,1.0000,LOSS,261.0868,-88.49
9057,261.0868,2291.6558,2.6109,1.0000,WIN,263.6977,-88.61
9058,263.6977,2291.6558,2.6370,1.0000,LOSS,261.0607,-88.49
9059,261.0607,2291.6558,2.6106,1.0000,LOSS,258.4501,-88.61
9060,258.4501,2291.6558,2.5845,1.0000,WIN,261.0346,-88.72
9061,261.0346,2291.6558,2.6103,1.0000,WIN,263.6449,-88.61
9062,263.6449,2291.6558,2.6364,1.0000,WIN,266.2814,-88.50
9063,266.2814,2291.6558,2.6628,1.0000,WIN,268.9442,-88.38
9064,268.9442,2291.6558,2.6894,1.0000,WIN,271.6336,-88.26
9065,271.6336,2291.6558,2.7163,1.0000,WIN,274.3500,-88.15
9066,274.3500,2291.6558,2.7435,1.0000,LOSS,271.6065,-88.03
9067,271.6065,2291.6558,2.7161,1.0000,WIN,274.3226,-88.15
9068,274.3226,2291.6558,2.7432,1.0000,WIN,277.0658,-88.03
9069,277.0658,2291.6558,2.7707,1.0000,LOSS,274.2951,-87.91
9070,274.2951,2291.6558,2.7430,1.0000,WIN,277.0381,-88.03
9071,277.0381,2291.6558,2.7704,1.0000,LOSS,274.2677,-87.91
9072,274.2677,2291.6558,2.7427,1.0000,WIN,277.0104,-88.03
9073,277.0104,2291.6558,2.7701,1.0000,LOSS,274.2403,-87.91
9074,274.2403,2291.6558,2.7424,1.0000,WIN,276.9827,-88.03
9075,276.9827,2291.6558,2.7698,1.0000,WIN,279.7525,-87.91
9076,279.7525,2291.6558,2.7975,1.0000,LOSS,276.9550,-87.79
9077,276.9550,2291.6558,2.7695,1.0000,WIN,279.7245,-87.91
9078,279.7245,2291.6558,2.7972,1.0000,LOSS,276.9273,-87.79
9079,276.9273,2291.6558,2.7693,1.0000,LOSS,274.1580,-87.92
9080,274.1580,2291.6558,2.7416,1.0000,WIN,276.8996,-88.04
9081,276.8996,2291.6558,2.7690,1.0000,LOSS,274.1306,-87.92
9082,274.1306,2291.6558,2.7413,1.0000,LOSS,271.3893,-88.04
9083,271.3893,2291.6558,2.7139,1.0000,LOSS,268.6754,-88.16
9084,268.6754,2291.6558,2.6868,1.0000,WIN,271.3621,-88.28
9085,271.3621,2291.6558,2.7136,1.0000,LOSS,268.6485,-88.16
9086,268.6485,2291.6558,2.6865,1.0000,LOSS,265.9620,-88.28
9087,265.9620,2291.6558,2.6596,1.0000,LOSS,263.3024,-88.39
9088,263.3024,2291.6558,2.6330,1.0000,LOSS,260.6694,-88.51
9089,260.6694,2291.6558,2.6067,1.0000,WIN,263.2761,-88.63
9090,263.2761,2291.6558,2.6328,1.0000,WIN,265.9088,-88.51
9091,265.9088,2291.6558,2.6591,1.0000,LOSS,263.2498,-88.40
9092,263.2498,2291.6558,2.6325,1.0000,LOSS,260.6173,-88.51
9093,260.6173,2291.6558,2.6062,1.0000,LOSS,258.0111,-88.63
9094,258.0111,2291.6558,2.5801,1.0000,LOSS,255.4310,-88.74
9095,255.4310,2291.6558,2.5543,1.0000,WIN,257.9853,-88.85
9096,257.9853,2291.6558,2.5799,1.0000,WIN,260.5651,-88.74
9097,260.5651,2291.6558,2.6057,1.0000,LOSS,257.9595,-88.63
9098,257.9595,2291.6558,2.5796,1.0000,LOSS,255.3799,-88.74
9099,255.3799,2291.6558,2.5538,1.0000,WIN,257.9337,-88.86
9100,257.9337,2291.6558,2.5793,1.0000,WIN,260.5130,-88.74
9101,260.5130,2291.6558,2.6051,1.0000,WIN,263.1182,-88.63
9102,263.1182,2291.6558,2.6312,1.0000,LOSS,260.4870,-88.52
9103,260.4870,2291.6558,2.6049,1.0000,LOSS,257.8821,-88.63
9104,257.8821,2291.6558,2.5788,1.0000,LOSS,255.3033,-88.75
9105,255.3033,2291.6558,2.5530,1.0000,WIN,257.8563,-88.86
9106,257.8563,2291.6558,2.5786,1.0000,LOSS,255.2778,-88.75
9107,255.2778,2291.6558,2.5528,1.0000,WIN,257.8305,-88.86
9108,257.8305,2291.6558,2.5783,1.0000,LOSS,255.2522,-88.75
9109,255.2522,2291.6558,2.5525,1.0000,WIN,257.8047,-88.86
9110,257.8047,2291.6558,2.5780,1.0000,WIN,260.3828,-88.75
9111,260.3828,2291.6558,2.6038,1.0000,LOSS,257.7790,-88.64
9112,257.7790,2291.6558,2.5778,1.0000,WIN,260.3568,-88.75
9113,260.3568,2291.6558,2.6036,1.0000,LOSS,257.7532,-88.64
9114,257.7532,2291.6558,2.5775,1.0000,LOSS,255.1757,-88.75
9115,255.1757,2291.6558,2.5518,1.0000,WIN,257.7274,-88.87
9116,257.7274,2291.6558,2.5773,1.0000,LOSS,255.1501,-88.75
9117,255.1501,2291.6558,2.5515,1.0000,LOSS,252.5986,-88.87
9118,252.5986,2291.6558,2.5260,1.0000,LOSS,250.0727,-88.98
9119,250.0727,2291.6558,2.5007,1.0000,LOSS,247.5719,-89.09
9120,247.5719,2291.6558,2.4757,1.0000,LOSS,245.0962,-89.20
9121,245.0962,2291.6558,2.4510,1.0000,WIN,247.5472,-89.30
9122,247.5472,2291.6558,2.4755,1.0000,WIN,250.0226,-89.20
9123,250.0226,2291.6558,2.5002,1.0000,WIN,252.5229,-89.09
9124,252.5229,2291.6558,2.5252,1.0000,LOSS,249.9976,-88.98
9125,249.9976,2291.6558,2.5000,1.0000,LOSS,247.4977,-89.09
9126,247.4977,2291.6558,2.4750,1.0000,WIN,249.9726,-89.20
9127,249.9726,2291.6558,2.4997,1.0000,LOSS,247.4729,-89.09
9128,247.4729,2291.6558,2.4747,1.0000,LOSS,244.9982,-89.20
9129,244.9982,2291.6558,2.4500,1.0000,LOSS,242.5482,-89.31
9130,242.5482,2291.6558,2.4255,1.0000,WIN,244.9737,-89.42
9131,244.9737,2291.6558,2.4497,1.0000,WIN,247.4234,-89.31
9132,247.4234,2291.6558,2.4742,1.0000,LOSS,244.9492,-89.20
9133,244.9492,2291.6558,2.4495,1.0000,WIN,247.3987,-89.31
9134,247.3987,2291.6558,2.4740,1.0000,LOSS,244.9247,-89.20
9135,244.9247,2291.6558,2.4492,1.0000,WIN,247.3739,-89.31
9136,247.3739,2291.6558,2.4737,1.0000,LOSS,244.9002,-89.21
9137,244.9002,2291.6558,2.4490,1.0000,LOSS,242.4512,-89.31
9138,242.4512,2291.6558,2.4245,1.0000,LOSS,240.0267,-89.42
9139,240.0267,2291.6558,2.4003,1.0000,LOSS,237.6264,-89.53
9140,237.6264,2291.6558,2.3763,1.0000,WIN,240.0027,-89.63
9141,240.0027,2291.6558,2.4000,1.0000,LOSS,237.6027,-89.53
9142,237.6027,2291.6558,2.3760,1.0000,WIN,239.9787,-89.63
9143,239.9787,2291.6558,2.3998,1.0000,LOSS,237.5789,-89.53
9144,237.5789,2291.6558,2.3758,1.0000,WIN,239.9547,-89.63
9145,239.9547,2291.6558,2.3995,1.0000,LOSS,237.5551,-89.53
9146,237.5551,2291.6558,2.3756,1.0000,WIN,239.9307,-89.63
9147,239.9307,2291.6558,2.3993,1.0000,LOSS,237.5314,-89.53
9148,237.5314,2291.6558,2.3753,1.0000,WIN,239.9067,-89.63
9149,239.9067,2291.6558,2.3991,1.0000,LOSS,237.5076,-89.53
9150,237.5076,2291.6558,2.3751,1.0000,LOSS,235.1326,-89.64
9151,235.1326,2291.6558,2.3513,1.0000,WIN,237.4839,-89.74
9152,237.4839,2291.6558,2.3748,1.0000,WIN,239.8587,-89.64
9153,239.8587,2291.6558,2.3986,1.0000,LOSS,237.4601,-89.53
9154,237.4601,2291.6558,2.3746,1.0000,WIN,239.8347,-89.64
9155,239.8347,2291.6558,2.3983,1.0000,WIN,242.2331,-89.53
9156,242.2331,2291.6558,2.4223,1.0000,WIN,244.6554,-89.43
9157,244.6554,2291.6558,2.4466,1.0000,LOSS,242.2089,-89.32
9158,242.2089,2291.6558,2.4221,1.0000,WIN,244.6309,-89.43
9159,244.6309,2291.6558,2.4463,1.0000,LOSS,242.1846,-89.33
9160,242.1846,2291.6558,2.4218,1.0000,WIN,244.6065,-89.43
9161,244.6065,2291.6558,2.4461,1.0000,WIN,247.0525,-89.33
9162,247.0525,2291.6558,2.4705,1.0000,LOSS,244.5820,-89.22
9163,244.5820,2291.6558,2.4458,1.0000,WIN,247.0278,-89.33
9164,247.0278,2291.6558,2.4703,1.0000,WIN,249.4981,-89.22
9165,249.4981,2291.6558,2.4950,1.0000,WIN,251.9931,-89.11
9166,251.9931,2291.6558,2.5199,1.0000,LOSS,249.4732,-89.00
9167,249.4732,2291.6558,2.4947,1.0000,WIN,251.9679,-89.11
9168,251.9679,2291.6558,2.5197,1.0000,WIN,254.4876,-89.00
9169,254.4876,2291.6558,2.5449,1.0000,WIN,257.0325,-88.90
9170,257.0325,2291.6558,2.5703,1.0000,LOSS,254.4621,-88.78
9171,254.4621,2291.6558,2.5446,1.0000,LOSS,251.9175,-88.90
9172,251.9175,2291.6558,2.5192,1.0000,WIN,254.4367,-89.01
9173,254.4367,2291.6558,2.5444,1.0000,LOSS,251.8923,-88.90
9174,251.8923,2291.6558,2.5189,1.0000,WIN,254.4112,-89.01
9175,254.4112,2291.6558,2.5441,1.0000,WIN,256.9554,-88.90
9176,256.9554,2291.6558,2.5696,1.0000,WIN,259.5249,-88.79
9177,259.5249,2291.6558,2.5952,1.0000,WIN,262.1202,-88.68
9178,262.1202,2291.6558,2.6212,1.0000,WIN,264.7414,-88.56
9179,264.7414,2291.6558,2.6474,1.0000,LOSS,262.0939,-88.45
9180,262.0939,2291.6558,2.6209,1.0000,LOSS,259.4730,-88.56
9181,259.4730,2291.6558,2.5947,1.0000,LOSS,256.8783,-88.68
9182,256.8783,2291.6558,2.5688,1.0000,LOSS,254.3095,-88.79
9183,254.3095,2291.6558,2.5431,1.0000,LOSS,251.7664,-88.90
9184,251.7664,2291.6558,2.5177,1.0000,WIN,254.2841,-89.01
9185,254.2841,2291.6558,2.5428,1.0000,LOSS,251.7412,-88.90
9186,251.7412,2291.6558,2.5174,1.0000,LOSS,249.2238,-89.01
9187,249.2238,2291.6558,2.4922,1.0000,WIN,251.7160,-89.12
9188,251.7160,2291.6558,2.5172,1.0000,LOSS,249.1989,-89.02
9189,249.1989,2291.6558,2.4920,1.0000,WIN,251.6909,-89.13
9190,251.6909,2291.6558,2.5169,1.0000,WIN,254.2078,-89.02
9191,254.2078,2291.6558,2.5421,1.0000,WIN,256.7499,-88.91
9192,256.7499,2291.6558,2.5675,1.0000,WIN,259.3174,-88.80
9193,259.3174,2291.6558,2.5932,1.0000,LOSS,256.7242,-88.68
9194,256.7242,2291.6558,2.5672,1.0000,LOSS,254.1569,-88.80
9195,254.1569,2291.6558,2.5416,1.0000,WIN,256.6985,-88.91
9196,256.6985,2291.6558,2.5670,1.0000,LOSS,254.1315,-88.80
9197,254.1315,2291.6558,2.5413,1.0000,WIN,256.6728,-88.91
9198,256.6728,2291.6558,2.5667,1.0000,WIN,259.2396,-88.80
9199,259.2396,2291.6558,2.5924,1.0000,WIN,261.8320,-88.69
9200,261.8320,2291.6558,2.6183,1.0000,LOSS,259.2136,-88.57
9201,259.2136,2291.6558,2.5921,1.0000,LOSS,256.6215,-88.69
9202,256.6215,2291.6558,2.5662,1.0000,LOSS,254.0553,-88.80
9203,254.0553,2291.6558,2.5406,1.0000,WIN,256.5958,-88.91
9204,256.5958,2291.6558,2.5660,1.0000,WIN,259.1618,-88.80
9205,259.1618,2291.6558,2.5916,1.0000,WIN,261.7534,-88.69
9206,261.7534,2291.6558,2.6175,1.0000,LOSS,259.1359,-88.58
9207,259.1359,2291.6558,2.5914,1.0000,WIN,261.7272,-88.69
9208,261.7272,2291.6558,2.6173,1.0000,WIN,264.3445,-88.58
9209,264.3445,2291.6558,2.6434,1.0000,LOSS,261.7011,-88.46
9210,261.7011,2291.6558,2.6170,1.0000,LOSS,259.0841,-88.58
9211,259.0841,2291.6558,2.5908,1.0000,WIN,261.6749,-88.69
9212,261.6749,2291.6558,2.6167,1.0000,LOSS,259.0582,-88.58
9213,259.0582,2291.6558,2.5906,1.0000,LOSS,256.4676,-88.70
9214,256.4676,2291.6558,2.5647,1.0000,LOSS,253.9029,-88.81
9215,253.9029,2291.6558,2.5390,1.0000,LOSS,251.3639,-88.92
9216,251.3639,2291.6558,2.5136,1.0000,LOSS,248.8502,-89.03
9217,248.8502,2291.6558,2.4885,1.0000,WIN,251.3387,-89.14
9218,251.3387,2291.6558,2.5134,1.0000,WIN,253.8521,-89.03
9219,253.8521,2291.6558,2.5385,1.0000,WIN,256.3906,-88.92
9220,256.3906,2291.6558,2.5639,1.0000,WIN,258.9545,-88.81
9221,258.9545,2291.6558,2.5895,1.0000,WIN,261.5441,-88.70
9222,261.5441,2291.6558,2.6154,1.0000,WIN,264.1595,-88.59
9223,264.1595,2291.6558,2.6416,1.0000,WIN,266.8011,-88.47
9224,266.8011,2291.6558,2.6680,1.0000,LOSS,264.1331,-88.36
9225,264.1331,2291.6558,2.6413,1.0000,LOSS,261.4918,-88.47
9226,261.4918,2291.6558,2.6149,1.0000,WIN,264.1067,-88.59
9227,264.1067,2291.6558,2.6411,1.0000,WIN,266.7478,-88.48
9228,266.7478,2291.6558,2.6675,1.0000,LOSS,264.0803,-88.36
9229,264.0803,2291.6558,2.6408,1.0000,LOSS,261.4395,-88.48
9230,261.4395,2291.6558,2.6144,1.0000,LOSS,258.8251,-88.59
9231,258.8251,2291.6558,2.5883,1.0000,LOSS,256.2368,-88.71
9232,256.2368,2291.6558,2.5624,1.0000,LOSS,253.6745,-88.82
9233,253.6745,2291.6558,2.5367,1.0000,LOSS,251.1377,-88.93
9234,251.1377,2291.6558,2.5114,1.0000,LOSS,248.6264,-89.04
9235,248.6264,2291.6558,2.4863,1.0000,LOSS,246.1401,-89.15
9236,246.1401,2291.6558,2.4614,1.0000,WIN,248.6015,-89.26
9237,248.6015,2291.6558,2.4860,1.0000,LOSS,246.1155,-89.15
9238,246.1155,2291.6558,2.4612,1.0000,LOSS,243.6543,-89.26
9239,243.6543,2291.6558,2.4365,1.0000,WIN,246.0909,-89.37
9240,246.0909,2291.6558,2.4609,1.0000,WIN,248.5518,-89.26
9241,248.5518,2291.6558,2.4855,1.0000,WIN,251.0373,-89.15
9242,251.0373,2291.6558,2.5104,1.0000,WIN,253.5477,-89.05
9243,253.5477,2291.6558,2.5355,1.0000,WIN,256.0831,-88.94
9244,256.0831,2291.6558,2.5608,1.0000,LOSS,253.5223,-88.83
9245,253.5223,2291.6558,2.5352,1.0000,WIN,256.0575,-88.94
9246,256.0575,2291.6558,2.5606,1.0000,WIN,258.6181,-88.83
9247,258.6181,2291.6558,2.5862,1.0000,WIN,261.2043,-88.71
9248,261.2043,2291.6558,2.6120,1.0000,WIN,263.8163,-88.60
9249,263.8163,2291.6558,2.6382,1.0000,LOSS,261.1782,-88.49
9250,261.1782,2291.6558,2.6118,1.0000,LOSS,258.5664,-88.60
9251,258.5664,2291.6558,2.5857,1.0000,WIN,261.1521,-88.72
9252,261.1521,2291.6558,2.6115,1.0000,WIN,263.7636,-88.60
9253,263.7636,2291.6558,2.6376,1.0000,LOSS,261.1259,-88.49
9254,261.1259,2291.6558,2.6113,1.0000,WIN,263.7372,-88.61
9255,263.7372,2291.6558,2.6374,1.0000,LOSS,261.0998,-88.49
9256,261.0998,2291.6558,2.6110,1.0000,LOSS,258.4888,-88.61
9257,258.4888,2291.6558,2.5849,1.0000,WIN,261.0737,-88.72
9258,261.0737,2291.6558,2.6107,1.0000,LOSS,258.4630,-88.61
9259,258.4630,2291.6558,2.5846,1.0000,LOSS,255.8783,-88.72
9260,255.8783,2291.6558,2.5588,1.0000,WIN,258.4371,-88.83
9261,258.4371,2291.6558,2.5844,1.0000,LOSS,255.8528,-88.72
9262,255.8528,2291.6558,2.5585,1.0000,LOSS,253.2942,-88.84
9263,253.2942,2291.6558,2.5329,1.0000,LOSS,250.7613,-88.95
9264,250.7613,2291.6558,2.5076,1.0000,WIN,253.2689,-89.06
9265,253.2689,2291.6558,2.5327,1.0000,LOSS,250.7362,-88.95
9266,250.7362,2291.6558,2.5074,1.0000,WIN,253.2436,-89.06
9267,253.2436,2291.6558,2.5324,1.0000,WIN,255.7760,-88.95
9268,255.7760,2291.6558,2.5578,1.0000,WIN,258.3338,-88.84
9269,258.3338,2291.6558,2.5833,1.0000,LOSS,255.7504,-88.73
9270,255.7504,2291.6558,2.5575,1.0000,LOSS,253.1929,-88.84
9271,253.1929,2291.6558,2.5319,1.0000,WIN,255.7249,-88.95
9272,255.7249,2291.6558,2.5572,1.0000,WIN,258.2821,-88.84
9273,258.2821,2291.6558,2.5828,1.0000,WIN,260.8649,-88.73
9274,260.8649,2291.6558,2.6086,1.0000,WIN,263.4736,-88.62
9275,263.4736,2291.6558,2.6347,1.0000,WIN,266.1083,-88.50
9276,266.1083,2291.6558,2.6611,1.0000,WIN,268.7694,-88.39
9277,268.7694,2291.6558,2.6877,1.0000,WIN,271.4571,-88.27
9278,271.4571,2291.6558,2.7146,1.0000,WIN,274.1717,-88.15
9279,274.1717,2291.6558,2.7417,1.0000,WIN,276.9134,-88.04
9280,276.9134,2291.6558,2.7691,1.0000,LOSS,274.1442,-87.92
9281,274.1442,2291.6558,2.7414,1.0000,LOSS,271.4028,-88.04
9282,271.4028,2291.6558,2.7140,1.0000,WIN,274.1168,-88.16
9283,274.1168,2291.6558,2.7412,1.0000,LOSS,271.3757,-88.04
9284,271.3757,2291.6558,2.7138,1.0000,LOSS,268.6619,-88.16
9285,268.6619,2291.6558,2.6866,1.0000,WIN,271.3485,-88.28
9286,271.3485,2291.6558,2.7135,1.0000,WIN,274.0620,-88.16
9287,274.0620,2291.6558,2.7406,1.0000,WIN,276.8026,-88.04
9288,276.8026,2291.6558,2.7680,1.0000,WIN,279.5707,-87.92
9289,279.5707,2291.6558,2.7957,1.0000,WIN,282.3664,-87.80
9290,282.3664,2291.6558,2.8237,1.0000,WIN,285.1900,-87.68
9291,285.1900,2291.6558,2.8519,1.0000,LOSS,282.3381,-87.56
9292,282.3381,2291.6558,2.8234,1.0000,LOSS,279.5147,-87.68
9293,279.5147,2291.6558,2.7951,1.0000,WIN,282.3099,-87.80
9294,282.3099,2291.6558,2.8231,1.0000,WIN,285.1330,-87.68
9295,285.1330,2291.6558,2.8513,1.0000,WIN,287.9843,-87.56
9296,287.9843,2291.6558,2.8798,1.0000,WIN,290.8642,-87.43
9297,290.8642,2291.6558,2.9086,1.0000,WIN,293.7728,-87.31
9298,293.7728,2291.6558,2.9377,1.0000,LOSS,290.8351,-87.18
9299,290.8351,2291.6558,2.9084,1.0000,WIN,293.7434,-87.31
9300,293.7434,2291.6558,2.9374,1.0000,WIN,296.6809,-87.18
9301,296.6809,2291.6558,2.9668,1.0000,LOSS,293.7141,-87.05
9302,293.7141,2291.6558,2.9371,1.0000,LOSS,290.7769,-87.18
9303,290.7769,2291.6558,2.9078,1.0000,WIN,293.6847,-87.31
9304,293.6847,2291.6558,2.9368,1.0000,WIN,296.6215,-87.18
9305,296.6215,2291.6558,2.9662,1.0000,WIN,299.5877,-87.06
9306,299.5877,2291.6558,2.9959,1.0000,WIN,302.5836,-86.93
9307,302.5836,2291.6558,3.0258,1.0000,WIN,305.6095,-86.80
9308,305.6095,2291.6558,3.0561,1.0000,LOSS,302.5534,-86.66
9309,302.5534,2291.6558,3.0255,1.0000,WIN,305.5789,-86.80
9310,305.5789,2291.6558,3.0558,1.0000,LOSS,302.5231,-86.67
9311,302.5231,2291.6558,3.0252,1.0000,LOSS,299.4979,-86.80
9312,299.4979,2291.6558,2.9950,1.0000,LOSS,296.5029,-86.93
9313,296.5029,2291.6558,2.9650,1.0000,WIN,299.4679,-87.06
9314,299.4679,2291.6558,2.9947,1.0000,WIN,302.4626,-86.93
9315,302.4626,2291.6558,3.0246,1.0000,WIN,305.4872,-86.80
9316,305.4872,2291.6558,3.0549,1.0000,WIN,308.5421,-86.67
9317,308.5421,2291.6558,3.0854,1.0000,WIN,311.6275,-86.54
9318,311.6275,2291.6558,3.1163,1.0000,LOSS,308.5113,-86.40
9319,308.5113,2291.6558,3.0851,1.0000,LOSS,305.4261,-86.54
9320,305.4261,2291.6558,3.0543,1.0000,WIN,308.4804,-86.67
9321,308.4804,2291.6558,3.0848,1.0000,LOSS,305.3956,-86.54
9322,305.3956,2291.6558,3.0540,1.0000,LOSS,302.3416,-86.67
9323,302.3416,2291.6558,3.0234,1.0000,LOSS,299.3182,-86.81
9324,299.3182,2291.6558,2.9932,1.0000,WIN,302.3114,-86.94
9325,302.3114,2291.6558,3.0231,1.0000,WIN,305.3345,-86.81
9326,305.3345,2291.6558,3.0533,1.0000,LOSS,302.2812,-86.68
9327,302.2812,2291.6558,3.0228,1.0000,WIN,305.3040,-86.81
9328,305.3040,2291.6558,3.0530,1.0000,WIN,308.3570,-86.68
9329,308.3570,2291.6558,3.0836,1.0000,WIN,311.4406,-86.54
9330,311.4406,2291.6558,3.1144,1.0000,WIN,314.5550,-86.41
9331,314.5550,2291.6558,3.1456,1.0000,WIN,317.7006,-86.27
9332,317.7006,2291.6558,3.1770,1.0000,WIN,320.8776,-86.14
9333,320.8776,2291.6558,3.2088,1.0000,LOSS,317.6688,-86.00
9334,317.6688,2291.6558,3.1767,1.0000,LOSS,314.4921,-86.14
9335,314.4921,2291.6558,3.1449,1.0000,WIN,317.6370,-86.28
9336,317.6370,2291.6558,3.1764,1.0000,LOSS,314.4606,-86.14
9337,314.4606,2291.6558,3.1446,1.0000,LOSS,311.3160,-86.28
9338,311.3160,2291.6558,3.1132,1.0000,LOSS,308.2029,-86.42
9339,308.2029,2291.6558,3.0820,1.0000,LOSS,305.1208,-86.55
9340,305.1208,2291.6558,3.0512,1.0000,LOSS,302.0696,-86.69
9341,302.0696,2291.6558,3.0207,1.0000,LOSS,299.0489,-86.82
9342,299.0489,2291.6558,2.9905,1.0000,LOSS,296.0585,-86.95
9343,296.0585,2291.6558,2.9606,1.0000,LOSS,293.0979,-87.08
9344,293.0979,2291.6558,2.9310,1.0000,WIN,296.0288,-87.21
9345,296.0288,2291.6558,2.9603,1.0000,WIN,298.9891,-87.08
9346,298.9891,2291.6558,2.9899,1.0000,LOSS,295.9992,-86.95
9347,295.9992,2291.6558,2.9600,1.0000,LOSS,293.0393,-87.08
9348,293.0393,2291.6558,2.9304,1.0000,WIN,295.9696,-87.21
9349,295.9696,2291.6558,2.9597,1.0000,LOSS,293.0100,-87.08
9350,293.0100,2291.6558,2.9301,1.0000,LOSS,290.0799,-87.21
9351,290.0799,2291.6558,2.9008,1.0000,LOSS,287.1791,-87.34
9352,287.1791,2291.6558,2.8718,1.0000,LOSS,284.3073,-87.47
9353,284.3073,2291.6558,2.8431,1.0000,WIN,287.1503,-87.59
9354,287.1503,2291.6558,2.8715,1.0000,WIN,290.0218,-87.47
9355,290.0218,2291.6558,2.9002,1.0000,WIN,292.9221,-87.34
9356,292.9221,2291.6558,2.9292,1.0000,WIN,295.8513,-87.22
9357,295.8513,2291.6558,2.9585,1.0000,WIN,298.8098,-87.09
9358,298.8098,2291.6558,2.9881,1.0000,LOSS,295.8217,-86.96
9359,295.8217,2291.6558,2.9582,1.0000,LOSS,292.8635,-87.09
9360,292.8635,2291.6558,2.9286,1.0000,WIN,295.7921,-87.22
9361,295.7921,2291.6558,2.9579,1.0000,WIN,298.7500,-87.09
9362,298.7500,2291.6558,2.9875,1.0000,LOSS,295.7625,-86.96
9363,295.7625,2291.6558,2.9576,1.0000,LOSS,292.8049,-87.09
9364,292.8049,2291.6558,2.9280,1.0000,LOSS,289.8769,-87.22
9365,289.8769,2291.6558,2.8988,1.0000,WIN,292.7756,-87.35
9366,292.7756,2291.6558,2.9278,1.0000,LOSS,289.8479,-87.22
9367,289.8479,2291.6558,2.8985,1.0000,WIN,292.7463,-87.35
9368,292.7463,2291.6558,2.9275,1.0000,WIN,295.6738,-87.23
9369,295.6738,2291.6558,2.9567,1.0000,WIN,298.6305,-87.10
9370,298.6305,2291.6558,2.9863,1.0000,LOSS,295.6442,-86.97
9371,295.6442,2291.6558,2.9564,1.0000,LOSS,292.6878,-87.10
9372,292.6878,2291.6558,2.9269,1.0000,WIN,295.6147,-87.23
9373,295.6147,2291.6558,2.9561,1.0000,WIN,298.5708,-87.10
9374,298.5708,2291.6558,2.9857,1.0000,LOSS,295.5851,-86.97
9375,295.5851,2291.6558,2.9559,1.0000,LOSS,292.6293,-87.10
9376,292.6293,2291.6558,2.9263,1.0000,LOSS,289.7030,-87.23
9377,289.7030,2291.6558,2.8970,1.0000,WIN,292.6000,-87.36
9378,292.6000,2291.6558,2.9260,1.0000,LOSS,289.6740,-87.23
9379,289.6740,2291.6558,2.8967,1.0000,LOSS,286.7773,-87.36
9380,286.7773,2291.6558,2.8678,1.0000,WIN,289.6450,-87.49
9381,289.6450,2291.6558,2.8965,1.0000,LOSS,286.7486,-87.36
9382,286.7486,2291.6558,2.8675,1.0000,LOSS,283.8811,-87.49
9383,283.8811,2291.6558,2.8388,1.0000,WIN,286.7199,-87.61
9384,286.7199,2291.6558,2.8672,1.0000,LOSS,283.8527,-87.49
9385,283.8527,2291.6558,2.8385,1.0000,WIN,286.6912,-87.61
9386,286.6912,2291.6558,2.8669,1.0000,WIN,289.5582,-87.49
9387,289.5582,2291.6558,2.8956,1.0000,LOSS,286.6626,-87.36
9388,286.6626,2291.6558,2.8666,1.0000,WIN,289.5292,-87.49
9389,289.5292,2291.6558,2.8953,1.0000,LOSS,286.6339,-87.37
9390,286.6339,2291.6558,2.8663,1.0000,LOSS,283.7676,-87.49
9391,283.7676,2291.6558,2.8377,1.0000,WIN,286.6052,-87.62
9392,286.6052,2291.6558,2.8661,1.0000,WIN,289.4713,-87.49
9393,289.4713,2291.6558,2.8947,1.0000,LOSS,286.5766,-87.37
9394,286.5766,2291.6558,2.8658,1.0000,LOSS,283.7108,-87.49
9395,283.7108,2291.6558,2.8371,1.0000,LOSS,280.8737,-87.62
9396,280.8737,2291.6558,2.8087,1.0000,LOSS,278.0650,-87.74
9397,278.0650,2291.6558,2.7806,1.0000,LOSS,275.2843,-87.87
9398,275.2843,2291.6558,2.7528,1.0000,LOSS,272.5315,-87.99
9399,272.5315,2291.6558,2.7253,1.0000,LOSS,269.8062,-88.11
9400,269.8062,2291.6558,2.6981,1.0000,WIN,272.5042,-88.23
9401,272.5042,2291.6558,2.7250,1.0000,LOSS,269.7792,-88.11
9402,269.7792,2291.6558,2.6978,1.0000,WIN,272.4770,-88.23
9403,272.4770,2291.6558,2.7248,1.0000,WIN,275.2017,-88.11
9404,275.2017,2291.6558,2.7520,1.0000,WIN,277.9538,-87.99
9405,277.9538,2291.6558,2.7795,1.0000,LOSS,275.1742,-87.87
9406,275.1742,2291.6558,2.7517,1.0000,WIN,277.9260,-87.99
9407,277.9260,2291.6558,2.7793,1.0000,LOSS,275.1467,-87.87
9408,275.1467,2291.6558,2.7515,1.0000,LOSS,272.3952,-87.99
9409,272.3952,2291.6558,2.7240,1.0000,WIN,275.1192,-88.11
9410,275.1192,2291.6558,2.7512,1.0000,WIN,277.8704,-87.99
9411,277.8704,2291.6558,2.7787,1.0000,WIN,280.6491,-87.87
9412,280.6491,2291.6558,2.8065,1.0000,WIN,283.4556,-87.75
9413,283.4556,2291.6558,2.8346,1.0000,WIN,286.2901,-87.63
9414,286.2901,2291.6558,2.8629,1.0000,LOSS,283.4272,-87.51
9415,283.4272,2291.6558,2.8343,1.0000,WIN,286.2615,-87.63
9416,286.2615,2291.6558,2.8626,1.0000,WIN,289.1241,-87.51
9417,289.1241,2291.6558,2.8912,1.0000,LOSS,286.2329,-87.38
9418,286.2329,2291.6558,2.8623,1.0000,WIN,289.0952,-87.51
9419,289.0952,2291.6558,2.8910,1.0000,WIN,291.9862,-87.38
9420,291.9862,2291.6558,2.9199,1.0000,LOSS,289.0663,-87.26
9421,289.0663,2291.6558,2.8907,1.0000,LOSS,286.1756,-87.39
9422,286.1756,2291.6558,2.8618,1.0000,LOSS,283.3139,-87.51
9423,283.3139,2291.6558,2.8331,1.0000,WIN,286.1470,-87.64
9424,286.1470,2291.6558,2.8615,1.0000,LOSS,283.2855,-87.51
9425,283.2855,2291.6558,2.8329,1.0000,LOSS,280.4527,-87.64
9426,280.4527,2291.6558,2.8045,1.0000,LOSS,277.6482,-87.76
9427,277.6482,2291.6558,2.7765,1.0000,WIN,280.4246,-87.88
9428,280.4246,2291.6558,2.8042,1.0000,LOSS,277.6204,-87.76
9429,277.6204,2291.6558,2.7762,1.0000,WIN,280.3966,-87.89
9430,280.3966,2291.6558,2.8040,1.0000,LOSS,277.5926,-87.76
9431,277.5926,2291.6558,2.7759,1.0000,LOSS,274.8167,-87.89
9432,274.8167,2291.6558,2.7482,1.0000,LOSS,272.0685,-88.01
9433,272.0685,2291.6558,2.7207,1.0000,WIN,274.7892,-88.13
9434,274.7892,2291.6558,2.7479,1.0000,LOSS,272.0413,-88.01
9435,272.0413,2291.6558,2.7204,1.0000,WIN,274.7617,-88.13
9436,274.7617,2291.6558,2.7476,1.0000,WIN,277.5094,-88.01
9437,277.5094,2291.6558,2.7751,1.0000,LOSS,274.7343,-87.89
9438,274.7343,2291.6558,2.7473,1.0000,LOSS,271.9869,-88.01
9439,271.9869,2291.6558,2.7199,1.0000,LOSS,269.2671,-88.13
9440,269.2671,2291.6558,2.6927,1.0000,LOSS,266.5744,-88.25
9441,266.5744,2291.6558,2.6657,1.0000,LOSS,263.9086,-88.37
9442,263.9086,2291.6558,2.6391,1.0000,WIN,266.5477,-88.48
9443,266.5477,2291.6558,2.6655,1.0000,LOSS,263.8823,-88.37
9444,263.8823,2291.6558,2.6388,1.0000,LOSS,261.2434,-88.49
9445,261.2434,2291.6558,2.6124,1.0000,LOSS,258.6310,-88.60
9446,258.6310,2291.6558,2.5863,1.0000,LOSS,256.0447,-88.71
9447,256.0447,2291.6558,2.5604,1.0000,WIN,258.6051,-88.83
9448,258.6051,2291.6558,2.5861,1.0000,WIN,261.1912,-88.72
9449,261.1912,2291.6558,2.6119,1.0000,LOSS,258.5793,-88.60
9450,258.5793,2291.6558,2.5858,1.0000,LOSS,255.9935,-88.72
9451,255.9935,2291.6558,2.5599,1.0000,WIN,258.5534,-88.83
9452,258.5534,2291.6558,2.5855,1.0000,LOSS,255.9679,-88.72
9453,255.9679,2291.6558,2.5597,1.0000,WIN,258.5276,-88.83
9454,258.5276,2291.6558,2.5853,1.0000,WIN,261.1128,-88.72
9455,261.1128,2291.6558,2.6111,1.0000,LOSS,258.5017,-88.61
9456,258.5017,2291.6558,2.5850,1.0000,LOSS,255.9167,-88.72
9457,255.9167,2291.6558,2.5592,1.0000,LOSS,253.3575,-88.83
9458,253.3575,2291.6558,2.5336,1.0000,WIN,255.8911,-88.94
9459,255.8911,2291.6558,2.5589,1.0000,LOSS,253.3322,-88.83
9460,253.3322,2291.6558,2.5333,1.0000,WIN,255.8655,-88.95
9461,255.8655,2291.6558,2.5587,1.0000,WIN,258.4242,-88.83
9462,258.4242,2291.6558,2.5842,1.0000,WIN,261.0084,-88.72
9463,261.0084,2291.6558,2.6101,1.0000,WIN,263.6185,-88.61
9464,263.6185,2291.6558,2.6362,1.0000,LOSS,260.9823,-88.50
9465,260.9823,2291.6558,2.6098,1.0000,WIN,263.5921,-88.61
9466,263.5921,2291.6558,2.6359,1.0000,WIN,266.2281,-88.50
9467,266.2281,2291.6558,2.6623,1.0000,WIN,268.8903,-88.38
9468,268.8903,2291.6558,2.6889,1.0000,WIN,271.5792,-88.27
9469,271.5792,2291.6558,2.7158,1.0000,WIN,274.2950,-88.15
9470,274.2950,2291.6558,2.7430,1.0000,LOSS,271.5521,-88.03
9471,271.5521,2291.6558,2.7155,1.0000,LOSS,268.8366,-88.15
9472,268.8366,2291.6558,2.6884,1.0000,LOSS,266.1482,-88.27
9473,266.1482,2291.6558,2.6615,1.0000,WIN,268.8097,-88.39
9474,268.8097,2291.6558,2.6881,1.0000,WIN,271.4978,-88.27
9475,271.4978,2291.6558,2.7150,1.0000,WIN,274.2127,-88.15
9476,274.2127,2291.6558,2.7421,1.0000,LOSS,271.4706,-88.03
9477,271.4706,2291.6558,2.7147,1.0000,WIN,274.1853,-88.15
9478,274.1853,2291.6558,2.7419,1.0000,LOSS,271.4435,-88.04
9479,271.4435,2291.6558,2.7144,1.0000,WIN,274.1579,-88.16
9480,274.1579,2291.6558,2.7416,1.0000,WIN,276.8995,-88.04
9481,276.8995,2291.6558,2.7690,1.0000,WIN,279.6685,-87.92
9482,279.6685,2291.6558,2.7967,1.0000,WIN,282.4652,-87.80
9483,282.4652,2291.6558,2.8247,1.0000,LOSS,279.6405,-87.67
9484,279.6405,2291.6558,2.7964,1.0000,WIN,282.4369,-87.80
9485,282.4369,2291.6558,2.8244,1.0000,WIN,285.2613,-87.68
9486,285.2613,2291.6558,2.8526,1.0000,WIN,288.1139,-87.55
9487,288.1139,2291.6558,2.8811,1.0000,LOSS,285.2328,-87.43
9488,285.2328,2291.6558,2.8523,1.0000,WIN,288.0851,-87.55
9489,288.0851,2291.6558,2.8809,1.0000,WIN,290.9659,-87.43
9490,290.9659,2291.6558,2.9097,1.0000,LOSS,288.0563,-87.30
9491,288.0563,2291.6558,2.8806,1.0000,WIN,290.9368,-87.43
9492,290.9368,2291.6558,2.9094,1.0000,WIN,293.8462,-87.30
9493,293.8462,2291.6558,2.9385,1.0000,WIN,296.7847,-87.18
9494,296.7847,2291.6558,2.9678,1.0000,LOSS,293.8168,-87.05
9495,293.8168,2291.6558,2.9382,1.0000,WIN,296.7550,-87.18
9496,296.7550,2291.6558,2.9675,1.0000,LOSS,293.7874,-87.05
9497,293.7874,2291.6558,2.9379,1.0000,WIN,296.7253,-87.18
9498,296.7253,2291.6558,2.9673,1.0000,WIN,299.6926,-87.05
9499,299.6926,2291.6558,2.9969,1.0000,LOSS,296.6956,-86.92
9500,296.6956,2291.6558,2.9670,1.0000,LOSS,293.7287,-87.05
9501,293.7287,2291.6558,2.9373,1.0000,WIN,296.6660,-87.18
9502,296.6660,2291.6558,2.9667,1.0000,WIN,299.6326,-87.05
9503,299.6326,2291.6558,2.9963,1.0000,LOSS,296.6363,-86.93
9504,296.6363,2291.6558,2.9664,1.0000,LOSS,293.6699,-87.06
9505,293.6699,2291.6558,2.9367,1.0000,WIN,296.6066,-87.19
9506,296.6066,2291.6558,2.9661,1.0000,LOSS,293.6406,-87.06
9507,293.6406,2291.6558,2.9364,1.0000,LOSS,290.7042,-87.19
9508,290.7042,2291.6558,2.9070,1.0000,WIN,293.6112,-87.31
9509,293.6112,2291.6558,2.9361,1.0000,WIN,296.5473,-87.19
9510,296.5473,2291.6558,2.9655,1.0000,WIN,299.5128,-87.06
9511,299.5128,2291.6558,2.9951,1.0000,LOSS,296.5177,-86.93
9512,296.5177,2291.6558,2.9652,1.0000,WIN,299.4829,-87.06
9513,299.4829,2291.6558,2.9948,1.0000,LOSS,296.4880,-86.93
9514,296.4880,2291.6558,2.9649,1.0000,WIN,299.4529,-87.06
9515,299.4529,2291.6558,2.9945,1.0000,WIN,302.4474,-86.93
9516,302.4474,2291.6558,3.0245,1.0000,WIN,305.4719,-86.80
9517,305.4719,2291.6558,3.0547,1.0000,LOSS,302.4172,-86.67
9518,302.4172,2291.6558,3.0242,1.0000,LOSS,299.3930,-86.80
9519,299.3930,2291.6558,2.9939,1.0000,WIN,302.3869,-86.94
9520,302.3869,2291.6558,3.0239,1.0000,WIN,305.4108,-86.80
9521,305.4108,2291.6558,3.0541,1.0000,WIN,308.4649,-86.67
9522,308.4649,2291.6558,3.0846,1.0000,LOSS,305.3803,-86.54
9523,305.3803,2291.6558,3.0538,1.0000,LOSS,302.3265,-86.67
9524,302.3265,2291.6558,3.0233,1.0000,LOSS,299.3032,-86.81
9525,299.3032,2291.6558,2.9930,1.0000,LOSS,296.3102,-86.94
9526,296.3102,2291.6558,2.9631,1.0000,LOSS,293.3471,-87.07
9527,293.3471,2291.6558,2.9335,1.0000,LOSS,290.4136,-87.20
9528,290.4136,2291.6558,2.9041,1.0000,WIN,293.3177,-87.33
9529,293.3177,2291.6558,2.9332,1.0000,WIN,296.2509,-87.20
9530,296.2509,2291.6558,2.9625,1.0000,WIN,299.2134,-87.07
9531,299.2134,2291.6558,2.9921,1.0000,LOSS,296.2213,-86.94
9532,296.2213,2291.6558,2.9622,1.0000,WIN,299.1835,-87.07
9533,299.1835,2291.6558,2.9918,1.0000,WIN,302.1753,-86.94
9534,302.1753,2291.6558,3.0218,1.0000,LOSS,299.1536,-86.81
9535,299.1536,2291.6558,2.9915,1.0000,WIN,302.1451,-86.95
9536,302.1451,2291.6558,3.0215,1.0000,WIN,305.1666,-86.82
9537,305.1666,2291.6558,3.0517,1.0000,WIN,308.2182,-86.68
9538,308.2182,2291.6558,3.0822,1.0000,WIN,311.3004,-86.55
9539,311.3004,2291.6558,3.1130,1.0000,WIN,314.4134,-86.42
9540,314.4134,2291.6558,3.1441,1.0000,WIN,317.5576,-86.28
9541,317.5576,2291.6558,3.1756,1.0000,WIN,320.7331,-86.14
9542,320.7331,2291.6558,3.2073,1.0000,WIN,323.9405,-86.00
9543,323.9405,2291.6558,3.2394,1.0000,LOSS,320.7011,-85.86
9544,320.7011,2291.6558,3.2070,1.0000,WIN,323.9081,-86.01
9545,323.9081,2291.6558,3.2391,1.0000,LOSS,320.6690,-85.87
9546,320.6690,2291.6558,3.2067,1.0000,LOSS,317.4623,-86.01
9547,317.4623,2291.6558,3.1746,1.0000,WIN,320.6369,-86.15
9548,320.6369,2291.6558,3.2064,1.0000,WIN,323.8433,-86.01
9549,323.8433,2291.6558,3.2384,1.0000,LOSS,320.6049,-85.87
9550,320.6049,2291.6558,3.2060,1.0000,LOSS,317.3988,-86.01
9551,317.3988,2291.6558,3.1740,1.0000,WIN,320.5728,-86.15
9552,320.5728,2291.6558,3.2057,1.0000,WIN,323.7785,-86.01
9553,323.7785,2291.6558,3.2378,1.0000,LOSS,320.5407,-85.87
9554,320.5407,2291.6558,3.2054,1.0000,WIN,323.7462,-86.01
9555,323.7462,2291.6558,3.2375,1.0000,LOSS,320.5087,-85.87
9556,320.5087,2291.6558,3.2051,1.0000,WIN,323.7138,-86.01
9557,323.7138,2291.6558,3.2371,1.0000,WIN,326.9509,-85.87
9558,326.9509,2291.6558,3.2695,1.0000,LOSS,323.6814,-85.73
9559,323.6814,2291.6558,3.2368,1.0000,WIN,326.9182,-85.88
9560,326.9182,2291.6558,3.2692,1.0000,LOSS,323.6490,-85.73
9561,323.6490,2291.6558,3.2365,1.0000,LOSS,320.4125,-85.88
9562,320.4125,2291.6558,3.2041,1.0000,LOSS,317.2084,-86.02
9563,317.2084,2291.6558,3.1721,1.0000,LOSS,314.0363,-86.16
9564,314.0363,2291.6558,3.1404,1.0000,WIN,317.1767,-86.30
9565,317.1767,2291.6558,3.1718,1.0000,LOSS,314.0049,-86.16
9566,314.0049,2291.6558,3.1400,1.0000,LOSS,310.8649,-86.30
9567,310.8649,2291.6558,3.1086,1.0000,LOSS,307.7562,-86.43
9568,307.7562,2291.6558,3.0776,1.0000,WIN,310.8338,-86.57
9569,310.8338,2291.6558,3.1083,1.0000,WIN,313.9421,-86.44
9570,313.9421,2291.6558,3.1394,1.0000,WIN,317.0816,-86.30
9571,317.0816,2291.6558,3.1708,1.0000,WIN,320.2524,-86.16
9572,320.2524,2291.6558,3.2025,1.0000,WIN,323.4549,-86.03
9573,323.4549,2291.6558,3.2345,1.0000,WIN,326.6894,-85.89
9574,326.6894,2291.6558,3.2669,1.0000,WIN,329.9563,-85.74
9575,329.9563,2291.6558,3.2996,1.0000,WIN,333.2559,-85.60
9576,333.2559,2291.6558,3.3326,1.0000,LOSS,329.9233,-85.46
9577,329.9233,2291.6558,3.2992,1.0000,LOSS,326.6241,-85.60
9578,326.6241,2291.6558,3.2662,1.0000,LOSS,323.3579,-85.75
9579,323.3579,2291.6558,3.2336,1.0000,WIN,326.5914,-85.89
9580,326.5914,2291.6558,3.2659,1.0000,LOSS,323.3255,-85.75
9581,323.3255,2291.6558,3.2333,1.0000,WIN,326.5588,-85.89
9582,326.5588,2291.6558,3.2656,1.0000,LOSS,323.2932,-85.75
9583,323.2932,2291.6558,3.2329,1.0000,LOSS,320.0603,-85.89
9584,320.0603,2291.6558,3.2006,1.0000,LOSS,316.8597,-86.03
9585,316.8597,2291.6558,3.1686,1.0000,LOSS,313.6911,-86.17
9586,313.6911,2291.6558,3.1369,1.0000,WIN,316.8280,-86.31
9587,316.8280,2291.6558,3.1683,1.0000,LOSS,313.6597,-86.17
9588,313.6597,2291.6558,3.1366,1.0000,LOSS,310.5231,-86.31
9589,310.5231,2291.6558,3.1052,1.0000,LOSS,307.4179,-86.45
9590,307.4179,2291.6558,3.0742,1.0000,LOSS,304.3437,-86.59
9591,304.3437,2291.6558,3.0434,1.0000,WIN,307.3871,-86.72
9592,307.3871,2291.6558,3.0739,1.0000,LOSS,304.3133,-86.59
9593,304.3133,2291.6558,3.0431,1.0000,LOSS,301.2701,-86.72
9594,301.2701,2291.6558,3.0127,1.0000,WIN,304.2828,-86.85
9595,304.2828,2291.6558,3.0428,1.0000,WIN,307.3257,-86.72
9596,307.3257,2291.6558,3.0733,1.0000,WIN,310.3989,-86.59
9597,310.3989,2291.6558,3.1040,1.0000,LOSS,307.2949,-86.46
9598,307.2949,2291.6558,3.0729,1.0000,LOSS,304.2220,-86.59
9599,304.2220,2291.6558,3.0422,1.0000,LOSS,301.1798,-86.72
9600,301.1798,2291.6558,3.0118,1.0000,LOSS,298.1680,-86.86
9601,298.1680,2291.6558,2.9817,1.0000,WIN,301.1496,-86.99
9602,301.1496,2291.6558,3.0115,1.0000,LOSS,298.1381,-86.86
9603,298.1381,2291.6558,2.9814,1.0000,LOSS,295.1568,-86.99
9604,295.1568,2291.6558,2.9516,1.0000,LOSS,292.2052,-87.12
9605,292.2052,2291.6558,2.9221,1.0000,LOSS,289.2831,-87.25
9606,289.2831,2291.6558,2.8928,1.0000,LOSS,286.3903,-87.38
9607,286.3903,2291.6558,2.8639,1.0000,WIN,289.2542,-87.50
9608,289.2542,2291.6558,2.8925,1.0000,WIN,292.1468,-87.38
9609,292.1468,2291.6558,2.9215,1.0000,LOSS,289.2253,-87.25
9610,289.2253,2291.6558,2.8923,1.0000,LOSS,286.3330,-87.38
9611,286.3330,2291.6558,2.8633,1.0000,WIN,289.1964,-87.51
9612,289.1964,2291.6558,2.8920,1.0000,WIN,292.0883,-87.38
9613,292.0883,2291.6558,2.9209,1.0000,LOSS,289.1674,-87.25
9614,289.1674,2291.6558,2.8917,1.0000,WIN,292.0591,-87.38
9615,292.0591,2291.6558,2.9206,1.0000,WIN,294.9797,-87.26
9616,294.9797,2291.6558,2.9498,1.0000,WIN,297.9295,-87.13
9617,297.9295,2291.6558,2.9793,1.0000,LOSS,294.9502,-87.00
9618,294.9502,2291.6558,2.9495,1.0000,WIN,297.8997,-87.13
9619,297.8997,2291.6558,2.9790,1.0000,WIN,300.8787,-87.00
9620,300.8787,2291.6558,3.0088,1.0000,LOSS,297.8699,-86.87
9621,297.8699,2291.6558,2.9787,1.0000,WIN,300.8486,-87.00
9622,300.8486,2291.6558,3.0085,1.0000,LOSS,297.8401,-86.87
9623,297.8401,2291.6558,2.9784,1.0000,LOSS,294.8617,-87.00
9624,294.8617,2291.6558,2.9486,1.0000,WIN,297.8104,-87.13
9625,297.8104,2291.6558,2.9781,1.0000,LOSS,294.8322,-87.00
9626,294.8322,2291.6558,2.9483,1.0000,LOSS,291.8839,-87.13
9627,291.8839,2291.6558,2.9188,1.0000,LOSS,288.9651,-87.26
9628,288.9651,2291.6558,2.8897,1.0000,LOSS,286.0754,-87.39
9629,286.0754,2291.6558,2.8608,1.0000,WIN,288.9362,-87.52
9630,288.9362,2291.6558,2.8894,1.0000,WIN,291.8256,-87.39
9631,291.8256,2291.6558,2.9183,1.0000,LOSS,288.9073,-87.27
9632,288.9073,2291.6558,2.8891,1.0000,LOSS,286.0182,-87.39
9633,286.0182,2291.6558,2.8602,1.0000,WIN,288.8784,-87.52
9634,288.8784,2291.6558,2.8888,1.0000,WIN,291.7672,-87.39
9635,291.7672,2291.6558,2.9177,1.0000,LOSS,288.8495,-87.27
9636,288.8495,2291.6558,2.8885,1.0000,LOSS,285.9610,-87.40
9637,285.9610,2291.6558,2.8596,1.0000,LOSS,283.1014,-87.52
9638,283.1014,2291.6558,2.8310,1.0000,LOSS,280.2704,-87.65
9639,280.2704,2291.6558,2.8027,1.0000,WIN,283.0731,-87.77
9640,283.0731,2291.6558,2.8307,1.0000,WIN,285.9038,-87.65
9641,285.9038,2291.6558,2.8590,1.0000,LOSS,283.0448,-87.52
9642,283.0448,2291.6558,2.8304,1.0000,WIN,285.8752,-87.65
9643,285.8752,2291.6558,2.8588,1.0000,LOSS,283.0165,-87.53
9644,283.0165,2291.6558,2.8302,1.0000,LOSS,280.1863,-87.65
9645,280.1863,2291.6558,2.8019,1.0000,LOSS,277.3845,-87.77
9646,277.3845,2291.6558,2.7738,1.0000,LOSS,274.6106,-87.90
9647,274.6106,2291.6558,2.7461,1.0000,WIN,277.3567,-88.02
9648,277.3567,2291.6558,2.7736,1.0000,LOSS,274.5832,-87.90
9649,274.5832,2291.6558,2.7458,1.0000,LOSS,271.8373,-88.02
9650,271.8373,2291.6558,2.7184,1.0000,WIN,274.5557,-88.14
9651,274.5557,2291.6558,2.7456,1.0000,WIN,277.3013,-88.02
9652,277.3013,2291.6558,2.7730,1.0000,WIN,280.0743,-87.90
9653,280.0743,2291.6558,2.8007,1.0000,WIN,282.8750,-87.78
9654,282.8750,2291.6558,2.8288,1.0000,WIN,285.7038,-87.66
9655,285.7038,2291.6558,2.8570,1.0000,LOSS,282.8467,-87.53
9656,282.8467,2291.6558,2.8285,1.0000,LOSS,280.0183,-87.66
9657,280.0183,2291.6558,2.8002,1.0000,LOSS,277.2181,-87.78
9658,277.2181,2291.6558,2.7722,1.0000,LOSS,274.4459,-87.90
9659,274.4459,2291.6558,2.7445,1.0000,WIN,277.1904,-88.02
9660,277.1904,2291.6558,2.7719,1.0000,WIN,279.9623,-87.90
9661,279.9623,2291.6558,2.7996,1.0000,WIN,282.7619,-87.78
9662,282.7619,2291.6558,2.8276,1.0000,LOSS,279.9343,-87.66
9663,279.9343,2291.6558,2.7993,1.0000,WIN,282.7336,-87.78
9664,282.7336,2291.6558,2.8273,1.0000,LOSS,279.9063,-87.66
9665,279.9063,2291.6558,2.7991,1.0000,WIN,282.7053,-87.79
9666,282.7053,2291.6558,2.8271,1.0000,LOSS,279.8783,-87.66
9667,279.8783,2291.6558,2.7988,1.0000,WIN,282.6771,-87.79
9668,282.6771,2291.6558,2.8268,1.0000,WIN,285.5038,-87.66
9669,285.5038,2291.6558,2.8550,1.0000,WIN,288.3589,-87.54
9670,288.3589,2291.6558,2.8836,1.0000,LOSS,285.4753,-87.42
9671,285.4753,2291.6558,2.8548,1.0000,LOSS,282.6205,-87.54
9672,282.6205,2291.6558,2.8262,1.0000,LOSS,279.7943,-87.67
9673,279.7943,2291.6558,2.7979,1.0000,LOSS,276.9964,-87.79
9674,276.9964,2291.6558,2.7700,1.0000,WIN,279.7663,-87.91
9675,279.7663,2291.6558,2.7977,1.0000,LOSS,276.9687,-87.79
9676,276.9687,2291.6558,2.7697,1.0000,WIN,279.7384,-87.91
9677,279.7384,2291.6558,2.7974,1.0000,WIN,282.5357,-87.79
9678,282.5357,2291.6558,2.8254,1.0000,WIN,285.3611,-87.67
9679,285.3611,2291.6558,2.8536,1.0000,WIN,288.2147,-87.55
9680,288.2147,2291.6558,2.8821,1.0000,LOSS,285.3326,-87.42
9681,285.3326,2291.6558,2.8533,1.0000,LOSS,282.4792,-87.55
9682,282.4792,2291.6558,2.8248,1.0000,WIN,285.3040,-87.67
9683,285.3040,2291.6558,2.8530,1.0000,LOSS,282.4510,-87.55
9684,282.4510,2291.6558,2.8245,1.0000,LOSS,279.6265,-87.67
9685,279.6265,2291.6558,2.7963,1.0000,LOSS,276.8302,-87.80
9686,276.8302,2291.6558,2.7683,1.0000,WIN,279.5985,-87.92
9687,279.5985,2291.6558,2.7960,1.0000,WIN,282.3945,-87.80
9688,282.3945,2291.6558,2.8239,1.0000,LOSS,279.5706,-87.68
9689,279.5706,2291.6558,2.7957,1.0000,WIN,282.3663,-87.80
9690,282.3663,2291.6558,2.8237,1.0000,LOSS,279.5426,-87.68
9691,279.5426,2291.6558,2.7954,1.0000,LOSS,276.7472,-87.80
9692,276.7472,2291.6558,2.7675,1.0000,LOSS,273.9797,-87.92
9693,273.9797,2291.6558,2.7398,1.0000,LOSS,271.2399,-88.04
9694,271.2399,2291.6558,2.7124,1.0000,LOSS,268.5275,-88.16
9695,268.5275,2291.6558,2.6853,1.0000,LOSS,265.8422,-88.28
9696,265.8422,2291.6558,2.6584,1.0000,LOSS,263.1838,-88.40
9697,263.1838,2291.6558,2.6318,1.0000,LOSS,260.5520,-88.52
9698,260.5520,2291.6558,2.6055,1.0000,LOSS,257.9465,-88.63
9699,257.9465,2291.6558,2.5795,1.0000,LOSS,255.3670,-88.74
9700,255.3670,2291.6558,2.5537,1.0000,LOSS,252.8133,-88.86
9701,252.8133,2291.6558,2.5281,1.0000,LOSS,250.2852,-88.97
9702,250.2852,2291.6558,2.5029,1.0000,WIN,252.7880,-89.08
9703,252.7880,2291.6558,2.5279,1.0000,WIN,255.3159,-88.97
9704,255.3159,2291.6558,2.5532,1.0000,LOSS,252.7628,-88.86
9705,252.7628,2291.6558,2.5276,1.0000,LOSS,250.2351,-88.97
9706,250.2351,2291.6558,2.5024,1.0000,WIN,252.7375,-89.08
9707,252.7375,2291.6558,2.5274,1.0000,WIN,255.2649,-88.97
9708,255.2649,2291.6558,2.5526,1.0000,WIN,257.8175,-88.86
9709,257.8175,2291.6558,2.5782,1.0000,LOSS,255.2393,-88.75
9710,255.2393,2291.6558,2.5524,1.0000,WIN,257.7917,-88.86
9711,257.7917,2291.6558,2.5779,1.0000,LOSS,255.2138,-88.75
9712,255.2138,2291.6558,2.5521,1.0000,WIN,257.7659,-88.86
9713,257.7659,2291.6558,2.5777,1.0000,LOSS,255.1883,-88.75
9714,255.1883,2291.6558,2.5519,1.0000,WIN,257.7402,-88.86
9715,257.7402,2291.6558,2.5774,1.0000,LOSS,255.1628,-88.75
9716,255.1628,2291.6558,2.5516,1.0000,LOSS,252.6111,-88.87
9717,252.6111,2291.6558,2.5261,1.0000,WIN,255.1373,-88.98
9718,255.1373,2291.6558,2.5514,1.0000,LOSS,252.5859,-88.87
9719,252.5859,2291.6558,2.5259,1.0000,WIN,255.1117,-88.98
9720,255.1117,2291.6558,2.5511,1.0000,WIN,257.6629,-88.87
9721,257.6629,2291.6558,2.5766,1.0000,WIN,260.2395,-88.76
9722,260.2395,2291.6558,2.6024,1.0000,WIN,262.8419,-88.64
9723,262.8419,2291.6558,2.6284,1.0000,LOSS,260.2135,-88.53
9724,260.2135,2291.6558,2.6021,1.0000,WIN,262.8156,-88.65
9725,262.8156,2291.6558,2.6282,1.0000,LOSS,260.1874,-88.53
9726,260.1874,2291.6558,2.6019,1.0000,LOSS,257.5856,-88.65
9727,257.5856,2291.6558,2.5759,1.0000,LOSS,255.0097,-88.76
9728,255.0097,2291.6558,2.5501,1.0000,WIN,257.5598,-88.87
9729,257.5598,2291.6558,2.5756,1.0000,WIN,260.1354,-88.76
9730,260.1354,2291.6558,2.6014,1.0000,WIN,262.7368,-88.65
9731,262.7368,2291.6558,2.6274,1.0000,WIN,265.3641,-88.54
9732,265.3641,2291.6558,2.6536,1.0000,LOSS,262.7105,-88.42
9733,262.7105,2291.6558,2.6271,1.0000,LOSS,260.0834,-88.54
9734,260.0834,2291.6558,2.6008,1.0000,WIN,262.6842,-88.65
9735,262.6842,2291.6558,2.6268,1.0000,WIN,265.3111,-88.54
9736,265.3111,2291.6558,2.6531,1.0000,LOSS,262.6579,-88.42
9737,262.6579,2291.6558,2.6266,1.0000,WIN,265.2845,-88.54
9738,265.2845,2291.6558,2.6528,1.0000,WIN,267.9374,-88.42
9739,267.9374,2291.6558,2.6794,1.0000,WIN,270.6167,-88.31
9740,270.6167,2291.6558,2.7062,1.0000,LOSS,267.9106,-88.19
9741,267.9106,2291.6558,2.6791,1.0000,WIN,270.5897,-88.31
9742,270.5897,2291.6558,2.7059,1.0000,WIN,273.2956,-88.19
9743,273.2956,2291.6558,2.7330,1.0000,LOSS,270.5626,-88.07
9744,270.5626,2291.6558,2.7056,1.0000,LOSS,267.8570,-88.19
9745,267.8570,2291.6558,2.6786,1.0000,LOSS,265.1784,-88.31
9746,265.1784,2291.6558,2.6518,1.0000,LOSS,262.5266,-88.43
9747,262.5266,2291.6558,2.6253,1.0000,WIN,265.1519,-88.54
9748,265.1519,2291.6558,2.6515,1.0000,LOSS,262.5004,-88.43
9749,262.5004,2291.6558,2.6250,1.0000,LOSS,259.8754,-88.55
9750,259.8754,2291.6558,2.5988,1.0000,LOSS,257.2766,-88.66
9751,257.2766,2291.6558,2.5728,1.0000,WIN,259.8494,-88.77
9752,259.8494,2291.6558,2.5985,1.0000,LOSS,257.2509,-88.66
9753,257.2509,2291.6558,2.5725,1.0000,WIN,259.8234,-88.77
9754,259.8234,2291.6558,2.5982,1.0000,WIN,262.4216,-88.66
9755,262.4216,2291.6558,2.6242,1.0000,LOSS,259.7974,-88.55
9756,259.7974,2291.6558,2.5980,1.0000,WIN,262.3954,-88.66
9757,262.3954,2291.6558,2.6240,1.0000,WIN,265.0194,-88.55
9758,265.0194,2291.6558,2.6502,1.0000,WIN,267.6696,-88.44
9759,267.6696,2291.6558,2.6767,1.0000,LOSS,264.9929,-88.32
9760,264.9929,2291.6558,2.6499,1.0000,LOSS,262.3429,-88.44
9761,262.3429,2291.6558,2.6234,1.0000,LOSS,259.7195,-88.55
9762,259.7195,2291.6558,2.5972,1.0000,LOSS,257.1223,-88.67
9763,257.1223,2291.6558,2.5712,1.0000,WIN,259.6935,-88.78
9764,259.6935,2291.6558,2.5969,1.0000,LOSS,257.0966,-88.67
9765,257.0966,2291.6558,2.5710,1.0000,WIN,259.6676,-88.78
9766,259.6676,2291.6558,2.5967,1.0000,WIN,262.2642,-88.67
9767,262.2642,2291.6558,2.6226,1.0000,WIN,264.8869,-88.56
9768,264.8869,2291.6558,2.6489,1.0000,WIN,267.5357,-88.44
9769,267.5357,2291.6558,2.6754,1.0000,LOSS,264.8604,-88.33
9770,264.8604,2291.6558,2.6486,1.0000,LOSS,262.2118,-88.44
9771,262.2118,2291.6558,2.6221,1.0000,WIN,264.8339,-88.56
9772,264.8339,2291.6558,2.6483,1.0000,WIN,267.4822,-88.44
9773,267.4822,2291.6558,2.6748,1.0000,LOSS,264.8074,-88.33
9774,264.8074,2291.6558,2.6481,1.0000,LOSS,262.1593,-88.44
9775,262.1593,2291.6558,2.6216,1.0000,LOSS,259.5378,-88.56
9776,259.5378,2291.6558,2.5954,1.0000,WIN,262.1331,-88.67
9777,262.1331,2291.6558,2.6213,1.0000,LOSS,259.5118,-88.56
9778,259.5118,2291.6558,2.5951,1.0000,WIN,262.1069,-88.68
9779,262.1069,2291.6558,2.6211,1.0000,LOSS,259.4858,-88.56
9780,259.4858,2291.6558,2.5949,1.0000,WIN,262.0807,-88.68
9781,262.0807,2291.6558,2.6208,1.0000,WIN,264.7015,-88.56
9782,264.7015,2291.6558,2.6470,1.0000,WIN,267.3485,-88.45
9783,267.3485,2291.6558,2.6735,1.0000,LOSS,264.6750,-88.33
9784,264.6750,2291.6558,2.6468,1.0000,WIN,267.3218,-88.45
9785,267.3218,2291.6558,2.6732,1.0000,WIN,269.9950,-88.33
9786,269.9950,2291.6558,2.7000,1.0000,WIN,272.6950,-88.22
9787,272.6950,2291.6558,2.7269,1.0000,WIN,275.4219,-88.10
9788,275.4219,2291.6558,2.7542,1.0000,LOSS,272.6677,-87.98
9789,272.6677,2291.6558,2.7267,1.0000,WIN,275.3944,-88.10
9790,275.3944,2291.6558,2.7539,1.0000,LOSS,272.6404,-87.98
9791,272.6404,2291.6558,2.7264,1.0000,LOSS,269.9140,-88.10
9792,269.9140,2291.6558,2.6991,1.0000,WIN,272.6132,-88.22
9793,272.6132,2291.6558,2.7261,1.0000,LOSS,269.8870,-88.10
9794,269.8870,2291.6558,2.6989,1.0000,LOSS,267.1882,-88.22
9795,267.1882,2291.6558,2.6719,1.0000,LOSS,264.5163,-88.34
9796,264.5163,2291.6558,2.6452,1.0000,WIN,267.1614,-88.46
9797,267.1614,2291.6558,2.6716,1.0000,LOSS,264.4898,-88.34
9798,264.4898,2291.6558,2.6449,1.0000,WIN,267.1347,-88.46
9799,267.1347,2291.6558,2.6713,1.0000,WIN,269.8061,-88.34
9800,269.8061,2291.6558,2.6981,1.0000,WIN,272.5041,-88.23
9801,272.5041,2291.6558,2.7250,1.0000,WIN,275.2292,-88.11
9802,275.2292,2291.6558,2.7523,1.0000,LOSS,272.4769,-87.99
9803,272.4769,2291.6558,2.7248,1.0000,WIN,275.2016,-88.11
9804,275.2016,2291.6558,2.7520,1.0000,LOSS,272.4496,-87.99
9805,272.4496,2291.6558,2.7245,1.0000,LOSS,269.7251,-88.11
9806,269.7251,2291.6558,2.6973,1.0000,LOSS,267.0279,-88.23
9807,267.0279,2291.6558,2.6703,1.0000,WIN,269.6982,-88.35
9808,269.6982,2291.6558,2.6970,1.0000,WIN,272.3951,-88.23
9809,272.3951,2291.6558,2.7240,1.0000,LOSS,269.6712,-88.11
9810,269.6712,2291.6558,2.6967,1.0000,LOSS,266.9745,-88.23
9811,266.9745,2291.6558,2.6697,1.0000,LOSS,264.3047,-88.35
9812,264.3047,2291.6558,2.6430,1.0000,LOSS,261.6617,-88.47
9813,261.6617,2291.6558,2.6166,1.0000,WIN,264.2783,-88.58
9814,264.2783,2291.6558,2.6428,1.0000,WIN,266.9211,-88.47
9815,266.9211,2291.6558,2.6692,1.0000,WIN,269.5903,-88.35
9816,269.5903,2291.6558,2.6959,1.0000,LOSS,266.8944,-88.24
9817,266.8944,2291.6558,2.6689,1.0000,WIN,269.5633,-88.35
9818,269.5633,2291.6558,2.6956,1.0000,WIN,272.2590,-88.24
9819,272.2590,2291.6558,2.7226,1.0000,LOSS,269.5364,-88.12
9820,269.5364,2291.6558,2.6954,1.0000,WIN,272.2317,-88.24
9821,272.2317,2291.6558,2.7223,1.0000,LOSS,269.5094,-88.12
9822,269.5094,2291.6558,2.6951,1.0000,LOSS,266.8143,-88.24
9823,266.8143,2291.6558,2.6681,1.0000,LOSS,264.1462,-88.36
9824,264.1462,2291.6558,2.6415,1.0000,LOSS,261.5047,-88.47
9825,261.5047,2291.6558,2.6150,1.0000,WIN,264.1198,-88.59
9826,264.1198,2291.6558,2.6412,1.0000,LOSS,261.4786,-88.47
9827,261.4786,2291.6558,2.6148,1.0000,LOSS,258.8638,-88.59
9828,258.8638,2291.6558,2.5886,1.0000,WIN,261.4524,-88.70
9829,261.4524,2291.6558,2.6145,1.0000,LOSS,258.8379,-88.59
9830,258.8379,2291.6558,2.5884,1.0000,WIN,261.4263,-88.71
9831,261.4263,2291.6558,2.6143,1.0000,LOSS,258.8120,-88.59
9832,258.8120,2291.6558,2.5881,1.0000,LOSS,256.2239,-88.71
9833,256.2239,2291.6558,2.5622,1.0000,LOSS,253.6617,-88.82
9834,253.6617,2291.6558,2.5366,1.0000,LOSS,251.1250,-88.93
9835,251.1250,2291.6558,2.5113,1.0000,LOSS,248.6138,-89.04
9836,248.6138,2291.6558,2.4861,1.0000,WIN,251.0999,-89.15
9837,251.0999,2291.6558,2.5110,1.0000,WIN,253.6109,-89.04
9838,253.6109,2291.6558,2.5361,1.0000,LOSS,251.0748,-88.93
9839,251.0748,2291.6558,2.5107,1.0000,WIN,253.5856,-89.04
9840,253.5856,2291.6558,2.5359,1.0000,LOSS,251.0497,-88.93
9841,251.0497,2291.6558,2.5105,1.0000,LOSS,248.5392,-89.05
9842,248.5392,2291.6558,2.4854,1.0000,WIN,251.0246,-89.15
9843,251.0246,2291.6558,2.5102,1.0000,LOSS,248.5144,-89.05
9844,248.5144,2291.6558,2.4851,1.0000,LOSS,246.0292,-89.16
9845,246.0292,2291.6558,2.4603,1.0000,LOSS,243.5689,-89.26
9846,243.5689,2291.6558,2.4357,1.0000,WIN,246.0046,-89.37
9847,246.0046,2291.6558,2.4600,1.0000,WIN,248.4647,-89.27
9848,248.4647,2291.6558,2.4846,1.0000,WIN,250.9493,-89.16
9849,250.9493,2291.6558,2.5095,1.0000,WIN,253.4588,-89.05
9850,253.4588,2291.6558,2.5346,1.0000,LOSS,250.9242,-88.94
9851,250.9242,2291.6558,2.5092,1.0000,LOSS,248.4150,-89.05
9852,248.4150,2291.6558,2.4841,1.0000,LOSS,245.9308,-89.16
9853,245.9308,2291.6558,2.4593,1.0000,LOSS,243.4715,-89.27
9854,243.4715,2291.6558,2.4347,1.0000,LOSS,241.0368,-89.38
9855,241.0368,2291.6558,2.4104,1.0000,LOSS,238.6264,-89.48
9856,238.6264,2291.6558,2.3863,1.0000,LOSS,236.2402,-89.59
9857,236.2402,2291.6558,2.3624,1.0000,WIN,238.6026,-89.69
9858,238.6026,2291.6558,2.3860,1.0000,LOSS,236.2165,-89.59
9859,236.2165,2291.6558,2.3622,1.0000,LOSS,233.8544,-89.69
9860,233.8544,2291.6558,2.3385,1.0000,LOSS,231.5158,-89.80
9861,231.5158,2291.6558,2.3152,1.0000,LOSS,229.2007,-89.90
9862,229.2007,2291.6558,2.2920,1.0000,LOSS,226.9087,-90.00
9863,226.9087,2291.6558,2.2691,1.0000,WIN,229.1778,-90.10
9864,229.1778,2291.6558,2.2918,1.0000,WIN,231.4695,-90.00
9865,231.4695,2291.6558,2.3147,1.0000,LOSS,229.1548,-89.90
9866,229.1548,2291.6558,2.2915,1.0000,LOSS,226.8633,-90.00
9867,226.8633,2291.6558,2.2686,1.0000,WIN,229.1319,-90.10
9868,229.1319,2291.6558,2.2913,1.0000,WIN,231.4232,-90.00
9869,231.4232,2291.6558,2.3142,1.0000,WIN,233.7375,-89.90
9870,233.7375,2291.6558,2.3374,1.0000,WIN,236.0749,-89.80
9871,236.0749,2291.6558,2.3607,1.0000,LOSS,233.7141,-89.70
9872,233.7141,2291.6558,2.3371,1.0000,WIN,236.0512,-89.80
9873,236.0512,2291.6558,2.3605,1.0000,LOSS,233.6907,-89.70
9874,233.6907,2291.6558,2.3369,1.0000,LOSS,231.3538,-89.80
9875,231.3538,2291.6558,2.3135,1.0000,WIN,233.6674,-89.90
9876,233.6674,2291.6558,2.3367,1.0000,LOSS,231.3307,-89.80
9877,231.3307,2291.6558,2.3133,1.0000,LOSS,229.0174,-89.91
9878,229.0174,2291.6558,2.2902,1.0000,WIN,231.3076,-90.01
9879,231.3076,2291.6558,2.3131,1.0000,LOSS,228.9945,-89.91
9880,228.9945,2291.6558,2.2899,1.0000,LOSS,226.7045,-90.01
9881,226.7045,2291.6558,2.2670,1.0000,LOSS,224.4375,-90.11
9882,224.4375,2291.6558,2.2444,1.0000,WIN,226.6819,-90.21
9883,226.6819,2291.6558,2.2668,1.0000,WIN,228.9487,-90.11
9884,228.9487,2291.6558,2.2895,1.0000,LOSS,226.6592,-90.01
9885,226.6592,2291.6558,2.2666,1.0000,LOSS,224.3926,-90.11
9886,224.3926,2291.6558,2.2439,1.0000,LOSS,222.1487,-90.21
9887,222.1487,2291.6558,2.2215,1.0000,LOSS,219.9272,-90.31
9888,219.9272,2291.6558,2.1993,1.0000,WIN,222.1265,-90.40
9889,222.1265,2291.6558,2.2213,1.0000,LOSS,219.9052,-90.31
9890,219.9052,2291.6558,2.1991,1.0000,LOSS,217.7061,-90.40
9891,217.7061,2291.6558,2.1771,1.0000,LOSS,215.5291,-90.50
9892,215.5291,2291.6558,2.1553,1.0000,LOSS,213.3738,-90.60
9893,213.3738,2291.6558,2.1337,1.0000,WIN,215.5075,-90.69
9894,215.5075,2291.6558,2.1551,1.0000,LOSS,213.3525,-90.60
9895,213.3525,2291.6558,2.1335,1.0000,WIN,215.4860,-90.69
9896,215.4860,2291.6558,2.1549,1.0000,WIN,217.6408,-90.60
9897,217.6408,2291.6558,2.1764,1.0000,LOSS,215.4644,-90.50
9898,215.4644,2291.6558,2.1546,1.0000,WIN,217.6191,-90.60
9899,217.6191,2291.6558,2.1762,1.0000,LOSS,215.4429,-90.50
9900,215.4429,2291.6558,2.1544,1.0000,WIN,217.5973,-90.60
9901,217.5973,2291.6558,2.1760,1.0000,LOSS,215.4213,-90.50
9902,215.4213,2291.6558,2.1542,1.0000,WIN,217.5756,-90.60
9903,217.5756,2291.6558,2.1758,1.0000,LOSS,215.3998,-90.51
9904,215.3998,2291.6558,2.1540,1.0000,LOSS,213.2458,-90.60
9905,213.2458,2291.6558,2.1325,1.0000,WIN,215.3783,-90.69
9906,215.3783,2291.6558,2.1538,1.0000,LOSS,213.2245,-90.60
9907,213.2245,2291.6558,2.1322,1.0000,LOSS,211.0922,-90.70
9908,211.0922,2291.6558,2.1109,1.0000,WIN,213.2032,-90.79
9909,213.2032,2291.6558,2.1320,1.0000,WIN,215.3352,-90.70
9910,215.3352,2291.6558,2.1534,1.0000,WIN,217.4885,-90.60
9911,217.4885,2291.6558,2.1749,1.0000,LOSS,215.3137,-90.51
9912,215.3137,2291.6558,2.1531,1.0000,LOSS,213.1605,-90.60
9913,213.1605,2291.6558,2.1316,1.0000,WIN,215.2921,-90.70
9914,215.2921,2291.6558,2.1529,1.0000,WIN,217.4450,-90.61
9915,217.4450,2291.6558,2.1745,1.0000,WIN,219.6195,-90.51
9916,219.6195,2291.6558,2.1962,1.0000,LOSS,217.4233,-90.42
9917,217.4233,2291.6558,2.1742,1.0000,LOSS,215.2491,-90.51
9918,215.2491,2291.6558,2.1525,1.0000,LOSS,213.0966,-90.61
9919,213.0966,2291.6558,2.1310,1.0000,LOSS,210.9656,-90.70
9920,210.9656,2291.6558,2.1097,1.0000,LOSS,208.8560,-90.79
9921,208.8560,2291.6558,2.0886,1.0000,LOSS,206.7674,-90.89
9922,206.7674,2291.6558,2.0677,1.0000,LOSS,204.6997,-90.98
9923,204.6997,2291.6558,2.0470,1.0000,WIN,206.7467,-91.07
9924,206.7467,2291.6558,2.0675,1.0000,WIN,208.8142,-90.98
9925,208.8142,2291.6558,2.0881,1.0000,WIN,210.9023,-90.89
9926,210.9023,2291.6558,2.1090,1.0000,LOSS,208.7933,-90.80
9927,208.7933,2291.6558,2.0879,1.0000,WIN,210.8812,-90.89
9928,210.8812,2291.6558,2.1088,1.0000,LOSS,208.7724,-90.80
9929,208.7724,2291.6558,2.0877,1.0000,WIN,210.8601,-90.89
9930,210.8601,2291.6558,2.1086,1.0000,LOSS,208.7515,-90.80
9931,208.7515,2291.6558,2.0875,1.0000,WIN,210.8391,-90.89
9932,210.8391,2291.6558,2.1084,1.0000,WIN,212.9475,-90.80
9933,212.9475,2291.6558,2.1295,1.0000,WIN,215.0769,-90.71
9934,215.0769,2291.6558,2.1508,1.0000,WIN,217.2277,-90.61
9935,217.2277,2291.6558,2.1723,1.0000,LOSS,215.0554,-90.52
9936,215.0554,2291.6558,2.1506,1.0000,WIN,217.2060,-90.62
9937,217.2060,2291.6558,2.1721,1.0000,LOSS,215.0339,-90.52
9938,215.0339,2291.6558,2.1503,1.0000,LOSS,212.8836,-90.62
9939,212.8836,2291.6558,2.1288,1.0000,WIN,215.0124,-90.71
9940,215.0124,2291.6558,2.1501,1.0000,LOSS,212.8623,-90.62
9941,212.8623,2291.6558,2.1286,1.0000,LOSS,210.7337,-90.71
9942,210.7337,2291.6558,2.1073,1.0000,LOSS,208.6263,-90.80
9943,208.6263,2291.6558,2.0863,1.0000,LOSS,206.5401,-90.90
9944,206.5401,2291.6558,2.0654,1.0000,WIN,208.6055,-90.99
9945,208.6055,2291.6558,2.0861,1.0000,LOSS,206.5194,-90.90
9946,206.5194,2291.6558,2.0652,1.0000,WIN,208.5846,-90.99
9947,208.5846,2291.6558,2.0858,1.0000,WIN,210.6705,-90.90
9948,210.6705,2291.6558,2.1067,1.0000,WIN,212.7772,-90.81
9949,212.7772,2291.6558,2.1278,1.0000,LOSS,210.6494,-90.72
9950,210.6494,2291.6558,2.1065,1.0000,LOSS,208.5429,-90.81
9951,208.5429,2291.6558,2.0854,1.0000,WIN,210.6283,-90.90
9952,210.6283,2291.6558,2.1063,1.0000,WIN,212.7346,-90.81
9953,212.7346,2291.6558,2.1273,1.0000,LOSS,210.6073,-90.72
9954,210.6073,2291.6558,2.1061,1.0000,LOSS,208.5012,-90.81
9955,208.5012,2291.6558,2.0850,1.0000,LOSS,206.4162,-90.90
9956,206.4162,2291.6558,2.0642,1.0000,WIN,208.4803,-90.99
9957,208.4803,2291.6558,2.0848,1.0000,LOSS,206.3955,-90.90
9958,206.3955,2291.6558,2.0640,1.0000,WIN,208.4595,-90.99
9959,208.4595,2291.6558,2.0846,1.0000,LOSS,206.3749,-90.90
9960,206.3749,2291.6558,2.0637,1.0000,WIN,208.4386,-90.99
9961,208.4386,2291.6558,2.0844,1.0000,LOSS,206.3543,-90.90
9962,206.3543,2291.6558,2.0635,1.0000,LOSS,204.2907,-91.00
9963,204.2907,2291.6558,2.0429,1.0000,LOSS,202.2478,-91.09
9964,202.2478,2291.6558,2.0225,1.0000,LOSS,200.2253,-91.17
9965,200.2253,2291.6558,2.0023,1.0000,LOSS,198.2231,-91.26
9966,198.2231,2291.6558,1.9822,1.0000,WIN,200.2053,-91.35
9967,200.2053,2291.6558,2.0021,1.0000,WIN,202.2074,-91.26
9968,202.2074,2291.6558,2.0221,1.0000,WIN,204.2294,-91.18
9969,204.2294,2291.6558,2.0423,1.0000,LOSS,202.1871,-91.09
9970,202.1871,2291.6558,2.0219,1.0000,WIN,204.2090,-91.18
9971,204.2090,2291.6558,2.0421,1.0000,WIN,206.2511,-91.09
9972,206.2511,2291.6558,2.0625,1.0000,LOSS,204.1886,-91.00
9973,204.1886,2291.6558,2.0419,1.0000,LOSS,202.1467,-91.09
9974,202.1467,2291.6558,2.0215,1.0000,LOSS,200.1252,-91.18
9975,200.1252,2291.6558,2.0013,1.0000,LOSS,198.1240,-91.27
9976,198.1240,2291.6558,1.9812,1.0000,LOSS,196.1427,-91.35
9977,196.1427,2291.6558,1.9614,1.0000,WIN,198.1042,-91.44
9978,198.1042,2291.6558,1.9810,1.0000,WIN,200.0852,-91.36
9979,200.0852,2291.6558,2.0009,1.0000,WIN,202.0861,-91.27
9980,202.0861,2291.6558,2.0209,1.0000,WIN,204.1069,-91.18
9981,204.1069,2291.6558,2.0411,1.0000,WIN,206.1480,-91.09
9982,206.1480,2291.6558,2.0615,1.0000,WIN,208.2095,-91.00
9983,208.2095,2291.6558,2.0821,1.0000,LOSS,206.1274,-90.91
9984,206.1274,2291.6558,2.0613,1.0000,LOSS,204.0661,-91.01
9985,204.0661,2291.6558,2.0407,1.0000,LOSS,202.0254,-91.10
9986,202.0254,2291.6558,2.0203,1.0000,LOSS,200.0052,-91.18
9987,200.0052,2291.6558,2.0001,1.0000,WIN,202.0052,-91.27
9988,202.0052,2291.6558,2.0201,1.0000,LOSS,199.9852,-91.19
9989,199.9852,2291.6558,1.9999,1.0000,WIN,201.9850,-91.27
9990,201.9850,2291.6558,2.0199,1.0000,LOSS,199.9652,-91.19
9991,199.9652,2291.6558,1.9997,1.0000,LOSS,197.9655,-91.27
9992,197.9655,2291.6558,1.9797,1.0000,WIN,199.9452,-91.36
9993,199.9452,2291.6558,1.9995,1.0000,LOSS,197.9457,-91.28
9994,197.9457,2291.6558,1.9795,1.0000,LOSS,195.9663,-91.36
9995,195.9663,2291.6558,1.9597,1.0000,LOSS,194.0066,-91.45
9996,194.0066,2291.6558,1.9401,1.0000,LOSS,192.0666,-91.53
9997,192.0666,2291.6558,1.9207,1.0000,WIN,193.9872,-91.62
9998,193.9872,2291.6558,1.9399,1.0000,LOSS,192.0473,-91.54
9999,192.0473,2291.6558,1.9205,1.0000,WIN,193.9678,-91.62
